fetchedAt,csvStamp,csvVal,rhrStamp,rhrVal,webStamp,webVal,metarStamp,metarVal,marketPrices,clobPrices
2026-09-07T05:21:35.731Z,202609071310,29.1,2026-09-07T13:00:00+08:00,29,1302,29,2026-09-07T05:00:00.000Z,32,{"25°C or below":0;"26°C":0;"27°C":0;"28°C":0;"29°C":0;"30°C":74;"31°C":21;"32°C":3;"33°C":1;"34°C":0;"35°C or higher":0}
2026-09-07T05:22:07.568Z,202609071310,29.1,2026-09-07T13:00:00+08:00,29,1302,29,2026-09-07T05:00:00.000Z,32,{"25°C or below":0;"26°C":0;"27°C":0;"28°C":0;"29°C":0;"30°C":74;"31°C":21;"32°C":3;"33°C":1;"34°C":0;"35°C or higher":0}
2026-09-07T05:22:38.942Z,202609071310,29.1,2026-09-07T13:00:00+08:00,29,1302,29,2026-09-07T05:00:00.000Z,32,{"25°C or below":0;"26°C":0;"27°C":0;"28°C":0;"29°C":0;"30°C":73;"31°C":23;"32°C":3;"33°C":1;"34°C":0;"35°C or higher":0}
2026-09-07T05:23:10.359Z,202609071310,29.1,2026-09-07T13:00:00+08:00,29,1302,29,2026-09-07T05:00:00.000Z,32,{"25°C or below":0;"26°C":0;"27°C":0;"28°C":0;"29°C":0;"30°C":73;"31°C":23;"32°C":3;"33°C":1;"34°C":0;"35°C or higher":0}
2026-09-07T05:23:42.572Z,202609071310,29.1,2026-09-07T13:00:00+08:00,29,1302,29,2026-09-07T05:00:00.000Z,32,{"25°C or below":0;"26°C":0;"27°C":0;"28°C":0;"29°C":0;"30°C":73;"31°C":23;"32°C":3;"33°C":1;"34°C":0;"35°C or higher":0}
2026-09-07T05:24:25.975Z,202609071310,29.1,2026-09-07T13:00:00+08:00,29,1302,29,2026-09-07T05:00:00.000Z,32,{"25°C or below":0;"26°C":0;"27°C":0;"28°C":0;"29°C":0;"30°C":73;"31°C":23;"32°C":3;"33°C":1;"34°C":0;"35°C or higher":0}
2026-09-07T05:24:57.171Z,202609071310,29.1,2026-09-07T13:00:00+08:00,29,1302,29,2026-09-07T05:00:00.000Z,32,{"25°C or below":0;"26°C":0;"27°C":0;"28°C":0;"29°C":0;"30°C":73;"31°C":23;"32°C":3;"33°C":1;"34°C":0;"35°C or higher":0}
2026-09-07T05:25:28.856Z,202609071310,29.1,2026-09-07T13:00:00+08:00,29,1302,29,2026-09-07T05:00:00.000Z,32,{"25°C or below":0;"26°C":0;"27°C":0;"28°C":0;"29°C":0;"30°C":73;"31°C":23;"32°C":3;"33°C":1;"34°C":0;"35°C or higher":0}
2026-09-07T05:25:59.962Z,202609071310,29.1,2026-09-07T13:00:00+08:00,29,1302,29,2026-09-07T05:00:00.000Z,32,{"25°C or below":0;"26°C":0;"27°C":0;"28°C":0;"29°C":0;"30°C":73;"31°C":23;"32°C":3;"33°C":1;"34°C":0;"35°C or higher":0}
2026-09-07T05:26:31.328Z,202609071310,29.1,2026-09-07T13:00:00+08:00,29,1302,29,2026-09-07T05:00:00.000Z,32,{"25°C or below":0;"26°C":0;"27°C":0;"28°C":0;"29°C":0;"30°C":73;"31°C":23;"32°C":3;"33°C":1;"34°C":0;"35°C or higher":0}
2026-09-07T05:27:02.651Z,202609071310,29.1,2026-09-07T13:00:00+08:00,29,1302,29,2026-09-07T05:00:00.000Z,32,{"25°C or below":0;"26°C":0;"27°C":0;"28°C":0;"29°C":0;"30°C":73;"31°C":23;"32°C":3;"33°C":1;"34°C":0;"35°C or higher":0}
2026-09-07T05:27:33.924Z,202609071310,29.1,2026-09-07T13:00:00+08:00,29,1302,29,2026-09-07T05:00:00.000Z,32,{"25°C or below":0;"26°C":0;"27°C":0;"28°C":0;"29°C":0;"30°C":78;"31°C":19;"32°C":6;"33°C":1;"34°C":0;"35°C or higher":0}
2026-09-07T05:28:06.372Z,202609071310,29.1,2026-09-07T13:00:00+08:00,29,1302,29,2026-09-07T05:00:00.000Z,32,{"25°C or below":0;"26°C":0;"27°C":0;"28°C":0;"29°C":0;"30°C":78;"31°C":19;"32°C":6;"33°C":1;"34°C":0;"35°C or higher":0}
2026-09-07T05:28:37.673Z,202609071310,29.1,2026-09-07T13:00:00+08:00,29,1302,29,2026-09-07T05:00:00.000Z,32,{"25°C or below":0;"26°C":0;"27°C":0;"28°C":0;"29°C":0;"30°C":78;"31°C":19;"32°C":6;"33°C":1;"34°C":0;"35°C or higher":0}
2026-09-07T05:29:08.666Z,202609071320,28.8,2026-09-07T13:00:00+08:00,29,1302,29,2026-09-07T05:00:00.000Z,32,{"25°C or below":0;"26°C":0;"27°C":0;"28°C":0;"29°C":0;"30°C":78;"31°C":19;"32°C":6;"33°C":1;"34°C":0;"35°C or higher":0}
2026-09-07T05:29:39.948Z,202609071320,28.8,2026-09-07T13:00:00+08:00,29,1302,29,2026-09-07T05:00:00.000Z,32,{"25°C or below":0;"26°C":0;"27°C":0;"28°C":0;"29°C":0;"30°C":78;"31°C":19;"32°C":6;"33°C":1;"34°C":0;"35°C or higher":0}
2026-09-07T05:30:11.222Z,202609071320,28.8,2026-09-07T13:00:00+08:00,29,1302,29,2026-09-07T05:00:00.000Z,32,{"25°C or below":0;"26°C":0;"27°C":0;"28°C":0;"29°C":0;"30°C":78;"31°C":19;"32°C":6;"33°C":1;"34°C":0;"35°C or higher":0}
2026-09-07T05:30:42.318Z,202609071320,28.8,2026-09-07T13:00:00+08:00,29,1302,29,2026-09-07T05:00:00.000Z,32,{"25°C or below":0;"26°C":0;"27°C":0;"28°C":0;"29°C":0;"30°C":78;"31°C":19;"32°C":6;"33°C":1;"34°C":0;"35°C or higher":0}
2026-09-07T05:31:13.421Z,202609071320,28.8,2026-09-07T13:00:00+08:00,29,1302,29,2026-09-07T05:00:00.000Z,32,{"25°C or below":0;"26°C":0;"27°C":0;"28°C":0;"29°C":0;"30°C":78;"31°C":19;"32°C":6;"33°C":1;"34°C":0;"35°C or higher":0}
2026-09-07T05:31:44.565Z,202609071320,28.8,2026-09-07T13:00:00+08:00,29,1302,29,2026-09-07T05:00:00.000Z,32,{"25°C or below":0;"26°C":0;"27°C":0;"28°C":0;"29°C":0;"30°C":78;"31°C":19;"32°C":6;"33°C":1;"34°C":0;"35°C or higher":0}
2026-09-07T05:32:16.631Z,202609071320,28.8,2026-09-07T13:00:00+08:00,29,1302,29,2026-09-07T05:00:00.000Z,32,{"25°C or below":0;"26°C":0;"27°C":0;"28°C":0;"29°C":0;"30°C":78;"31°C":19;"32°C":6;"33°C":1;"34°C":0;"35°C or higher":0}
2026-09-07T05:32:48.069Z,202609071320,28.8,2026-09-07T13:00:00+08:00,29,1302,29,2026-09-07T05:00:00.000Z,32,{"25°C or below":0;"26°C":0;"27°C":0;"28°C":0;"29°C":0;"30°C":82;"31°C":17;"32°C":2;"33°C":0;"34°C":0;"35°C or higher":0}
2026-09-07T05:33:19.461Z,202609071320,28.8,2026-09-07T13:00:00+08:00,29,1302,29,2026-09-07T05:00:00.000Z,32,{"25°C or below":0;"26°C":0;"27°C":0;"28°C":0;"29°C":0;"30°C":82;"31°C":17;"32°C":2;"33°C":0;"34°C":0;"35°C or higher":0}
2026-09-07T05:33:50.552Z,202609071320,28.8,2026-09-07T13:00:00+08:00,29,1302,29,2026-09-07T05:00:00.000Z,32,{"25°C or below":0;"26°C":0;"27°C":0;"28°C":0;"29°C":0;"30°C":82;"31°C":17;"32°C":2;"33°C":0;"34°C":0;"35°C or higher":0}
2026-09-07T05:34:22.215Z,202609071320,28.8,2026-09-07T13:00:00+08:00,29,1302,29,2026-09-07T05:30:00.000Z,32,{"25°C or below":0;"26°C":0;"27°C":0;"28°C":0;"29°C":0;"30°C":82;"31°C":17;"32°C":2;"33°C":0;"34°C":0;"35°C or higher":0}
2026-09-07T05:34:53.157Z,202609071320,28.8,2026-09-07T13:00:00+08:00,29,1302,29,2026-09-07T05:30:00.000Z,32,{"25°C or below":0;"26°C":0;"27°C":0;"28°C":0;"29°C":0;"30°C":82;"31°C":17;"32°C":2;"33°C":0;"34°C":0;"35°C or higher":0}
2026-09-07T05:35:24.103Z,202609071320,28.8,2026-09-07T13:00:00+08:00,29,1302,29,2026-09-07T05:30:00.000Z,32,{"25°C or below":0;"26°C":0;"27°C":0;"28°C":0;"29°C":0;"30°C":82;"31°C":17;"32°C":2;"33°C":0;"34°C":0;"35°C or higher":0}
2026-09-07T05:35:55.053Z,202609071320,28.8,2026-09-07T13:00:00+08:00,29,1302,29,2026-09-07T05:30:00.000Z,32,{"25°C or below":0;"26°C":0;"27°C":0;"28°C":0;"29°C":0;"30°C":82;"31°C":17;"32°C":2;"33°C":0;"34°C":0;"35°C or higher":0}
2026-09-07T05:36:27.145Z,202609071320,28.8,2026-09-07T13:00:00+08:00,29,1302,29,2026-09-07T05:30:00.000Z,32,{"25°C or below":0;"26°C":0;"27°C":0;"28°C":0;"29°C":0;"30°C":82;"31°C":17;"32°C":2;"33°C":0;"34°C":0;"35°C or higher":0}
2026-09-07T05:36:58.856Z,202609071320,28.8,2026-09-07T13:00:00+08:00,29,1302,29,2026-09-07T05:30:00.000Z,32,{"25°C or below":0;"26°C":0;"27°C":0;"28°C":0;"29°C":0;"30°C":82;"31°C":17;"32°C":2;"33°C":0;"34°C":0;"35°C or higher":0}
2026-09-07T05:37:30.685Z,202609071330,28.6,2026-09-07T13:00:00+08:00,29,1302,29,2026-09-07T05:30:00.000Z,32,{"25°C or below":0;"26°C":0;"27°C":0;"28°C":0;"29°C":0;"30°C":89;"31°C":12;"32°C":2;"33°C":0;"34°C":0;"35°C or higher":0}
2026-09-07T05:38:02.136Z,202609071330,28.6,2026-09-07T13:00:00+08:00,29,1302,29,2026-09-07T05:30:00.000Z,32,{"25°C or below":0;"26°C":0;"27°C":0;"28°C":0;"29°C":0;"30°C":89;"31°C":12;"32°C":2;"33°C":0;"34°C":0;"35°C or higher":0}
2026-09-07T05:38:33.758Z,202609071330,28.6,2026-09-07T13:00:00+08:00,29,1302,29,2026-09-07T05:30:00.000Z,32,{"25°C or below":0;"26°C":0;"27°C":0;"28°C":0;"29°C":0;"30°C":89;"31°C":12;"32°C":2;"33°C":0;"34°C":0;"35°C or higher":0}
2026-09-07T05:39:04.956Z,202609071330,28.6,2026-09-07T13:00:00+08:00,29,1302,29,2026-09-07T05:30:00.000Z,32,{"25°C or below":0;"26°C":0;"27°C":0;"28°C":0;"29°C":0;"30°C":89;"31°C":12;"32°C":2;"33°C":0;"34°C":0;"35°C or higher":0}
2026-09-07T05:39:36.384Z,202609071330,28.6,2026-09-07T13:00:00+08:00,29,1302,29,2026-09-07T05:30:00.000Z,32,{"25°C or below":0;"26°C":0;"27°C":0;"28°C":0;"29°C":0;"30°C":89;"31°C":12;"32°C":2;"33°C":0;"34°C":0;"35°C or higher":0}
2026-09-07T05:40:07.660Z,202609071330,28.6,2026-09-07T13:00:00+08:00,29,1302,29,2026-09-07T05:30:00.000Z,32,{"25°C or below":0;"26°C":0;"27°C":0;"28°C":0;"29°C":0;"30°C":89;"31°C":12;"32°C":2;"33°C":0;"34°C":0;"35°C or higher":0}
2026-09-07T05:40:39.858Z,202609071330,28.6,2026-09-07T13:00:00+08:00,29,1302,29,2026-09-07T05:30:00.000Z,32,{"25°C or below":0;"26°C":0;"27°C":0;"28°C":0;"29°C":0;"30°C":89;"31°C":12;"32°C":2;"33°C":0;"34°C":0;"35°C or higher":0}
2026-09-07T05:41:11.506Z,202609071330,28.6,2026-09-07T13:00:00+08:00,29,1302,29,2026-09-07T05:30:00.000Z,32,{"25°C or below":0;"26°C":0;"27°C":0;"28°C":0;"29°C":0;"30°C":89;"31°C":12;"32°C":2;"33°C":0;"34°C":0;"35°C or higher":0}
2026-09-07T05:41:42.929Z,202609071330,28.6,2026-09-07T13:00:00+08:00,29,1302,29,2026-09-07T05:30:00.000Z,32,{"25°C or below":0;"26°C":0;"27°C":0;"28°C":0;"29°C":0;"30°C":89;"31°C":12;"32°C":2;"33°C":0;"34°C":0;"35°C or higher":0}
2026-09-07T05:42:14.338Z,202609071330,28.6,2026-09-07T13:00:00+08:00,29,1302,29,2026-09-07T05:30:00.000Z,32,{"25°C or below":0;"26°C":0;"27°C":0;"28°C":0;"29°C":0;"30°C":89;"31°C":12;"32°C":2;"33°C":0;"34°C":0;"35°C or higher":0}
2026-09-07T05:42:45.373Z,202609071330,28.6,2026-09-07T13:00:00+08:00,29,1302,29,2026-09-07T05:30:00.000Z,32,{"25°C or below":0;"26°C":0;"27°C":0;"28°C":0;"29°C":0;"30°C":86;"31°C":10;"32°C":1;"33°C":0;"34°C":0;"35°C or higher":0}
2026-09-07T05:43:16.744Z,202609071330,28.6,2026-09-07T13:00:00+08:00,29,1302,29,2026-09-07T05:30:00.000Z,32,{"25°C or below":0;"26°C":0;"27°C":0;"28°C":0;"29°C":0;"30°C":86;"31°C":10;"32°C":1;"33°C":0;"34°C":0;"35°C or higher":0}
2026-09-07T05:43:48.366Z,202609071330,28.6,2026-09-07T13:00:00+08:00,29,1302,29,2026-09-07T05:30:00.000Z,32,{"25°C or below":0;"26°C":0;"27°C":0;"28°C":0;"29°C":0;"30°C":86;"31°C":10;"32°C":1;"33°C":0;"34°C":0;"35°C or higher":0}
2026-09-07T05:44:19.949Z,202609071330,28.6,2026-09-07T13:00:00+08:00,29,1302,29,2026-09-07T05:30:00.000Z,32,{"25°C or below":0;"26°C":0;"27°C":0;"28°C":0;"29°C":0;"30°C":86;"31°C":10;"32°C":1;"33°C":0;"34°C":0;"35°C or higher":0}
2026-09-07T05:44:52.057Z,202609071330,28.6,2026-09-07T13:00:00+08:00,29,1302,29,2026-09-07T05:30:00.000Z,32,{"25°C or below":0;"26°C":0;"27°C":0;"28°C":0;"29°C":0;"30°C":86;"31°C":10;"32°C":1;"33°C":0;"34°C":0;"35°C or higher":0}
2026-09-07T05:45:23.712Z,202609071330,28.6,2026-09-07T13:00:00+08:00,29,1302,29,2026-09-07T05:30:00.000Z,32,{"25°C or below":0;"26°C":0;"27°C":0;"28°C":0;"29°C":0;"30°C":86;"31°C":10;"32°C":1;"33°C":0;"34°C":0;"35°C or higher":0}
2026-09-07T05:45:56.265Z,202609071330,28.6,2026-09-07T13:00:00+08:00,29,1302,29,2026-09-07T05:30:00.000Z,32,{"25°C or below":0;"26°C":0;"27°C":0;"28°C":0;"29°C":0;"30°C":86;"31°C":10;"32°C":1;"33°C":0;"34°C":0;"35°C or higher":0}
2026-09-07T05:46:27.971Z,202609071330,28.6,2026-09-07T13:00:00+08:00,29,1302,29,2026-09-07T05:30:00.000Z,32,{"25°C or below":0;"26°C":0;"27°C":0;"28°C":0;"29°C":0;"30°C":86;"31°C":10;"32°C":1;"33°C":0;"34°C":0;"35°C or higher":0}
2026-09-07T05:46:59.123Z,202609071330,28.6,2026-09-07T13:00:00+08:00,29,1302,29,2026-09-07T05:30:00.000Z,32,{"25°C or below":0;"26°C":0;"27°C":0;"28°C":0;"29°C":0;"30°C":86;"31°C":10;"32°C":1;"33°C":0;"34°C":0;"35°C or higher":0}
2026-09-07T05:47:30.532Z,202609071330,28.6,2026-09-07T13:00:00+08:00,29,1302,29,2026-09-07T05:30:00.000Z,32,{"25°C or below":0;"26°C":0;"27°C":0;"28°C":0;"29°C":0;"30°C":90;"31°C":9;"32°C":1;"33°C":0;"34°C":0;"35°C or higher":0}
2026-09-07T05:48:01.665Z,202609071340,28.5,2026-09-07T13:00:00+08:00,29,1302,29,2026-09-07T05:30:00.000Z,32,{"25°C or below":0;"26°C":0;"27°C":0;"28°C":0;"29°C":0;"30°C":90;"31°C":9;"32°C":1;"33°C":0;"34°C":0;"35°C or higher":0}
2026-09-07T05:48:33.707Z,202609071340,28.5,2026-09-07T13:00:00+08:00,29,1302,29,2026-09-07T05:30:00.000Z,32,{"25°C or below":0;"26°C":0;"27°C":0;"28°C":0;"29°C":0;"30°C":90;"31°C":9;"32°C":1;"33°C":0;"34°C":0;"35°C or higher":0}
2026-09-07T05:49:05.855Z,202609071340,28.5,2026-09-07T13:00:00+08:00,29,1302,29,2026-09-07T05:30:00.000Z,32,{"25°C or below":0;"26°C":0;"27°C":0;"28°C":0;"29°C":0;"30°C":90;"31°C":9;"32°C":1;"33°C":0;"34°C":0;"35°C or higher":0}
2026-09-07T05:49:37.290Z,202609071340,28.5,2026-09-07T13:00:00+08:00,29,1302,29,2026-09-07T05:30:00.000Z,32,{"25°C or below":0;"26°C":0;"27°C":0;"28°C":0;"29°C":0;"30°C":90;"31°C":9;"32°C":1;"33°C":0;"34°C":0;"35°C or higher":0}
2026-09-07T05:50:09.095Z,202609071340,28.5,2026-09-07T13:00:00+08:00,29,1302,29,2026-09-07T05:30:00.000Z,32,{"25°C or below":0;"26°C":0;"27°C":0;"28°C":0;"29°C":0;"30°C":90;"31°C":9;"32°C":1;"33°C":0;"34°C":0;"35°C or higher":0}
2026-09-07T05:50:40.011Z,202609071340,28.5,2026-09-07T13:00:00+08:00,29,1302,29,2026-09-07T05:30:00.000Z,32,{"25°C or below":0;"26°C":0;"27°C":0;"28°C":0;"29°C":0;"30°C":90;"31°C":9;"32°C":1;"33°C":0;"34°C":0;"35°C or higher":0}
2026-09-07T05:51:10.801Z,202609071340,28.5,2026-09-07T13:00:00+08:00,29,1302,29,2026-09-07T05:30:00.000Z,32,{"25°C or below":0;"26°C":0;"27°C":0;"28°C":0;"29°C":0;"30°C":90;"31°C":9;"32°C":1;"33°C":0;"34°C":0;"35°C or higher":0}
2026-09-07T05:51:42.041Z,202609071340,28.5,2026-09-07T13:00:00+08:00,29,1302,29,2026-09-07T05:30:00.000Z,32,{"25°C or below":0;"26°C":0;"27°C":0;"28°C":0;"29°C":0;"30°C":90;"31°C":9;"32°C":1;"33°C":0;"34°C":0;"35°C or higher":0}
2026-09-07T05:52:13.216Z,202609071340,28.5,2026-09-07T13:00:00+08:00,29,1302,29,2026-09-07T05:30:00.000Z,32,{"25°C or below":0;"26°C":0;"27°C":0;"28°C":0;"29°C":0;"30°C":90;"31°C":9;"32°C":1;"33°C":0;"34°C":0;"35°C or higher":0}
2026-09-07T05:52:44.391Z,202609071340,28.5,2026-09-07T13:00:00+08:00,29,1302,29,2026-09-07T05:30:00.000Z,32,{"25°C or below":0;"26°C":0;"27°C":0;"28°C":0;"29°C":0;"30°C":87;"31°C":12;"32°C":0;"33°C":0;"34°C":0;"35°C or higher":0}
2026-09-07T05:53:16.020Z,202609071340,28.5,2026-09-07T13:00:00+08:00,29,1302,29,2026-09-07T05:30:00.000Z,32,{"25°C or below":0;"26°C":0;"27°C":0;"28°C":0;"29°C":0;"30°C":87;"31°C":12;"32°C":0;"33°C":0;"34°C":0;"35°C or higher":0}
2026-09-07T05:53:47.967Z,202609071340,28.5,2026-09-07T13:00:00+08:00,29,1302,29,2026-09-07T05:30:00.000Z,32,{"25°C or below":0;"26°C":0;"27°C":0;"28°C":0;"29°C":0;"30°C":87;"31°C":12;"32°C":0;"33°C":0;"34°C":0;"35°C or higher":0}
2026-09-07T05:54:19.509Z,202609071340,28.5,2026-09-07T13:00:00+08:00,29,1302,29,2026-09-07T05:30:00.000Z,32,{"25°C or below":0;"26°C":0;"27°C":0;"28°C":0;"29°C":0;"30°C":87;"31°C":12;"32°C":0;"33°C":0;"34°C":0;"35°C or higher":0}
2026-09-07T05:54:50.593Z,202609071340,28.5,2026-09-07T13:00:00+08:00,29,1302,29,2026-09-07T05:30:00.000Z,32,{"25°C or below":0;"26°C":0;"27°C":0;"28°C":0;"29°C":0;"30°C":87;"31°C":12;"32°C":0;"33°C":0;"34°C":0;"35°C or higher":0}
2026-09-07T05:55:21.975Z,202609071340,28.5,2026-09-07T13:00:00+08:00,29,1302,29,2026-09-07T05:30:00.000Z,32,{"25°C or below":0;"26°C":0;"27°C":0;"28°C":0;"29°C":0;"30°C":87;"31°C":12;"32°C":0;"33°C":0;"34°C":0;"35°C or higher":0}
2026-09-07T05:55:53.348Z,202609071340,28.5,2026-09-07T13:00:00+08:00,29,1302,29,2026-09-07T05:30:00.000Z,32,{"25°C or below":0;"26°C":0;"27°C":0;"28°C":0;"29°C":0;"30°C":87;"31°C":12;"32°C":0;"33°C":0;"34°C":0;"35°C or higher":0}
2026-09-07T05:56:25.052Z,202609071340,28.5,2026-09-07T13:00:00+08:00,29,1302,29,2026-09-07T05:30:00.000Z,32,{"25°C or below":0;"26°C":0;"27°C":0;"28°C":0;"29°C":0;"30°C":87;"31°C":12;"32°C":0;"33°C":0;"34°C":0;"35°C or higher":0}
2026-09-07T05:56:56.732Z,202609071340,28.5,2026-09-07T13:00:00+08:00,29,1302,29,2026-09-07T05:30:00.000Z,32,{"25°C or below":0;"26°C":0;"27°C":0;"28°C":0;"29°C":0;"30°C":87;"31°C":12;"32°C":0;"33°C":0;"34°C":0;"35°C or higher":0}
2026-09-07T05:57:28.658Z,202609071340,28.5,2026-09-07T13:00:00+08:00,29,1302,29,2026-09-07T05:30:00.000Z,32,{"25°C or below":0;"26°C":0;"27°C":0;"28°C":0;"29°C":0;"30°C":87;"31°C":12;"32°C":0;"33°C":0;"34°C":0;"35°C or higher":0}
2026-09-07T05:58:00.089Z,202609071340,28.5,2026-09-07T13:00:00+08:00,29,1302,29,2026-09-07T05:30:00.000Z,32,{"25°C or below":0;"26°C":0;"27°C":0;"28°C":0;"29°C":0;"30°C":89;"31°C":13;"32°C":1;"33°C":0;"34°C":0;"35°C or higher":0}
2026-09-07T05:58:31.965Z,202609071350,28.3,2026-09-07T13:00:00+08:00,29,1302,29,2026-09-07T05:30:00.000Z,32,{"25°C or below":0;"26°C":0;"27°C":0;"28°C":0;"29°C":0;"30°C":89;"31°C":13;"32°C":1;"33°C":0;"34°C":0;"35°C or higher":0}
2026-09-07T05:59:03.692Z,202609071350,28.3,2026-09-07T13:00:00+08:00,29,1302,29,2026-09-07T05:30:00.000Z,32,{"25°C or below":0;"26°C":0;"27°C":0;"28°C":0;"29°C":0;"30°C":89;"31°C":13;"32°C":1;"33°C":0;"34°C":0;"35°C or higher":0}
2026-09-07T05:59:35.020Z,202609071350,28.3,2026-09-07T13:00:00+08:00,29,1302,29,2026-09-07T05:30:00.000Z,32,{"25°C or below":0;"26°C":0;"27°C":0;"28°C":0;"29°C":0;"30°C":89;"31°C":13;"32°C":1;"33°C":0;"34°C":0;"35°C or higher":0}
2026-09-07T06:00:06.895Z,202609071350,28.3,2026-09-07T13:00:00+08:00,29,1302,29,2026-09-07T05:30:00.000Z,32,{"25°C or below":0;"26°C":0;"27°C":0;"28°C":0;"29°C":0;"30°C":89;"31°C":13;"32°C":1;"33°C":0;"34°C":0;"35°C or higher":0}
2026-09-07T06:00:37.664Z,202609071350,28.3,2026-09-07T13:00:00+08:00,29,1302,29,2026-09-07T05:30:00.000Z,32,{"25°C or below":0;"26°C":0;"27°C":0;"28°C":0;"29°C":0;"30°C":89;"31°C":13;"32°C":1;"33°C":0;"34°C":0;"35°C or higher":0}
2026-09-07T06:01:09.555Z,202609071350,28.3,2026-09-07T13:00:00+08:00,29,1302,29,2026-09-07T05:30:00.000Z,32,{"25°C or below":0;"26°C":0;"27°C":0;"28°C":0;"29°C":0;"30°C":89;"31°C":13;"32°C":1;"33°C":0;"34°C":0;"35°C or higher":0}
2026-09-07T06:01:42.053Z,202609071350,28.3,2026-09-07T13:00:00+08:00,29,1302,29,2026-09-07T05:30:00.000Z,32,{"25°C or below":0;"26°C":0;"27°C":0;"28°C":0;"29°C":0;"30°C":89;"31°C":13;"32°C":1;"33°C":0;"34°C":0;"35°C or higher":0}
2026-09-07T06:02:13.805Z,202609071350,28.3,2026-09-07T13:00:00+08:00,29,1302,29,2026-09-07T05:30:00.000Z,32,{"25°C or below":0;"26°C":0;"27°C":0;"28°C":0;"29°C":0;"30°C":89;"31°C":13;"32°C":1;"33°C":0;"34°C":0;"35°C or higher":0}
2026-09-07T06:02:45.999Z,202609071350,28.3,2026-09-07T13:00:00+08:00,29,1302,29,2026-09-07T05:30:00.000Z,32,{"25°C or below":0;"26°C":0;"27°C":0;"28°C":0;"29°C":0;"30°C":87;"31°C":12;"32°C":1;"33°C":0;"34°C":0;"35°C or higher":0}
2026-09-07T06:03:17.227Z,202609071350,28.3,2026-09-07T13:00:00+08:00,29,1402,29,2026-09-07T05:30:00.000Z,32,{"25°C or below":0;"26°C":0;"27°C":0;"28°C":0;"29°C":0;"30°C":87;"31°C":12;"32°C":1;"33°C":0;"34°C":0;"35°C or higher":0}
2026-09-07T06:03:48.573Z,202609071350,28.3,2026-09-07T14:00:00+08:00,29,1402,29,2026-09-07T06:00:00.000Z,32,{"25°C or below":0;"26°C":0;"27°C":0;"28°C":0;"29°C":0;"30°C":87;"31°C":12;"32°C":1;"33°C":0;"34°C":0;"35°C or higher":0}
2026-09-07T06:04:19.506Z,202609071350,28.3,2026-09-07T14:00:00+08:00,29,1402,29,2026-09-07T06:00:00.000Z,32,{"25°C or below":0;"26°C":0;"27°C":0;"28°C":0;"29°C":0;"30°C":87;"31°C":12;"32°C":1;"33°C":0;"34°C":0;"35°C or higher":0}
2026-09-07T06:04:50.881Z,202609071350,28.3,2026-09-07T14:00:00+08:00,29,1402,29,2026-09-07T06:00:00.000Z,32,{"25°C or below":0;"26°C":0;"27°C":0;"28°C":0;"29°C":0;"30°C":87;"31°C":12;"32°C":1;"33°C":0;"34°C":0;"35°C or higher":0}
2026-09-07T06:05:22.154Z,202609071350,28.3,2026-09-07T14:00:00+08:00,29,1402,29,2026-09-07T06:00:00.000Z,32,{"25°C or below":0;"26°C":0;"27°C":0;"28°C":0;"29°C":0;"30°C":87;"31°C":12;"32°C":1;"33°C":0;"34°C":0;"35°C or higher":0}
2026-09-07T06:05:53.905Z,202609071350,28.3,2026-09-07T14:00:00+08:00,29,1402,29,2026-09-07T06:00:00.000Z,32,{"25°C or below":0;"26°C":0;"27°C":0;"28°C":0;"29°C":0;"30°C":87;"31°C":12;"32°C":1;"33°C":0;"34°C":0;"35°C or higher":0}
2026-09-07T06:06:25.904Z,202609071350,28.3,2026-09-07T14:00:00+08:00,29,1402,29,2026-09-07T06:00:00.000Z,32,{"25°C or below":0;"26°C":0;"27°C":0;"28°C":0;"29°C":0;"30°C":87;"31°C":12;"32°C":1;"33°C":0;"34°C":0;"35°C or higher":0}
2026-09-07T06:06:57.194Z,202609071350,28.3,2026-09-07T14:00:00+08:00,29,1402,29,2026-09-07T06:00:00.000Z,32,{"25°C or below":0;"26°C":0;"27°C":0;"28°C":0;"29°C":0;"30°C":87;"31°C":12;"32°C":1;"33°C":0;"34°C":0;"35°C or higher":0}
2026-09-07T06:07:28.859Z,202609071350,28.3,2026-09-07T14:00:00+08:00,29,1402,29,2026-09-07T06:00:00.000Z,32,{"25°C or below":0;"26°C":0;"27°C":0;"28°C":0;"29°C":0;"30°C":87;"31°C":12;"32°C":1;"33°C":0;"34°C":0;"35°C or higher":0}
2026-09-07T06:08:00.042Z,202609071350,28.3,2026-09-07T14:00:00+08:00,29,1402,29,2026-09-07T06:00:00.000Z,32,{"25°C or below":0;"26°C":0;"27°C":0;"28°C":0;"29°C":0;"30°C":89;"31°C":13;"32°C":1;"33°C":0;"34°C":0;"35°C or higher":0}
2026-09-07T06:08:30.870Z,202609071350,28.3,2026-09-07T14:00:00+08:00,29,1402,29,2026-09-07T06:00:00.000Z,32,{"25°C or below":0;"26°C":0;"27°C":0;"28°C":0;"29°C":0;"30°C":89;"31°C":13;"32°C":1;"33°C":0;"34°C":0;"35°C or higher":0}
2026-09-07T06:09:01.804Z,202609071400,28.7,2026-09-07T14:00:00+08:00,29,1402,29,2026-09-07T06:00:00.000Z,32,{"25°C or below":0;"26°C":0;"27°C":0;"28°C":0;"29°C":0;"30°C":89;"31°C":13;"32°C":1;"33°C":0;"34°C":0;"35°C or higher":0}
2026-09-07T06:09:32.911Z,202609071400,28.7,2026-09-07T14:00:00+08:00,29,1402,29,2026-09-07T06:00:00.000Z,32,{"25°C or below":0;"26°C":0;"27°C":0;"28°C":0;"29°C":0;"30°C":89;"31°C":13;"32°C":1;"33°C":0;"34°C":0;"35°C or higher":0}
2026-09-07T06:10:04.394Z,202609071400,28.7,2026-09-07T14:00:00+08:00,29,1402,29,2026-09-07T06:00:00.000Z,32,{"25°C or below":0;"26°C":0;"27°C":0;"28°C":0;"29°C":0;"30°C":89;"31°C":13;"32°C":1;"33°C":0;"34°C":0;"35°C or higher":0}
2026-09-07T06:10:36.465Z,202609071400,28.7,2026-09-07T14:00:00+08:00,29,1402,29,2026-09-07T06:00:00.000Z,32,{"25°C or below":0;"26°C":0;"27°C":0;"28°C":0;"29°C":0;"30°C":89;"31°C":13;"32°C":1;"33°C":0;"34°C":0;"35°C or higher":0}
2026-09-07T06:11:07.810Z,202609071400,28.7,2026-09-07T14:00:00+08:00,29,1402,29,2026-09-07T06:00:00.000Z,32,{"25°C or below":0;"26°C":0;"27°C":0;"28°C":0;"29°C":0;"30°C":89;"31°C":13;"32°C":1;"33°C":0;"34°C":0;"35°C or higher":0}
2026-09-07T06:11:39.228Z,202609071400,28.7,2026-09-07T14:00:00+08:00,29,1402,29,2026-09-07T06:00:00.000Z,32,{"25°C or below":0;"26°C":0;"27°C":0;"28°C":0;"29°C":0;"30°C":89;"31°C":13;"32°C":1;"33°C":0;"34°C":0;"35°C or higher":0}
2026-09-07T06:12:10.824Z,202609071400,28.7,2026-09-07T14:00:00+08:00,29,1402,29,2026-09-07T06:00:00.000Z,32,{"25°C or below":0;"26°C":0;"27°C":0;"28°C":0;"29°C":0;"30°C":89;"31°C":13;"32°C":1;"33°C":0;"34°C":0;"35°C or higher":0}
2026-09-07T06:12:42.182Z,202609071400,28.7,2026-09-07T14:00:00+08:00,29,1402,29,2026-09-07T06:00:00.000Z,32,{"25°C or below":0;"26°C":0;"27°C":0;"28°C":0;"29°C":0;"30°C":81;"31°C":20;"32°C":3;"33°C":0;"34°C":0;"35°C or higher":0}
2026-09-07T06:13:14.262Z,202609071400,28.7,2026-09-07T14:00:00+08:00,29,1402,29,2026-09-07T06:00:00.000Z,32,{"25°C or below":0;"26°C":0;"27°C":0;"28°C":0;"29°C":0;"30°C":81;"31°C":20;"32°C":3;"33°C":0;"34°C":0;"35°C or higher":0}
2026-09-07T06:13:45.670Z,202609071400,28.7,2026-09-07T14:00:00+08:00,29,1402,29,2026-09-07T06:00:00.000Z,32,{"25°C or below":0;"26°C":0;"27°C":0;"28°C":0;"29°C":0;"30°C":81;"31°C":20;"32°C":3;"33°C":0;"34°C":0;"35°C or higher":0}
2026-09-07T06:14:17.362Z,202609071400,28.7,2026-09-07T14:00:00+08:00,29,1402,29,2026-09-07T06:00:00.000Z,32,{"25°C or below":0;"26°C":0;"27°C":0;"28°C":0;"29°C":0;"30°C":81;"31°C":20;"32°C":3;"33°C":0;"34°C":0;"35°C or higher":0}
2026-09-07T06:14:48.918Z,202609071400,28.7,2026-09-07T14:00:00+08:00,29,1402,29,2026-09-07T06:00:00.000Z,32,{"25°C or below":0;"26°C":0;"27°C":0;"28°C":0;"29°C":0;"30°C":81;"31°C":20;"32°C":3;"33°C":0;"34°C":0;"35°C or higher":0}
2026-09-07T06:15:20.587Z,202609071400,28.7,2026-09-07T14:00:00+08:00,29,1402,29,2026-09-07T06:00:00.000Z,32,{"25°C or below":0;"26°C":0;"27°C":0;"28°C":0;"29°C":0;"30°C":81;"31°C":20;"32°C":3;"33°C":0;"34°C":0;"35°C or higher":0}
2026-09-07T06:15:51.921Z,202609071400,28.7,2026-09-07T14:00:00+08:00,29,1402,29,2026-09-07T06:00:00.000Z,32,{"25°C or below":0;"26°C":0;"27°C":0;"28°C":0;"29°C":0;"30°C":81;"31°C":20;"32°C":3;"33°C":0;"34°C":0;"35°C or higher":0}
2026-09-07T06:16:23.227Z,202609071400,28.7,2026-09-07T14:00:00+08:00,29,1402,29,2026-09-07T06:00:00.000Z,32,{"25°C or below":0;"26°C":0;"27°C":0;"28°C":0;"29°C":0;"30°C":81;"31°C":20;"32°C":3;"33°C":0;"34°C":0;"35°C or higher":0}
2026-09-07T06:16:54.054Z,202609071400,28.7,2026-09-07T14:00:00+08:00,29,1402,29,2026-09-07T06:00:00.000Z,32,{"25°C or below":0;"26°C":0;"27°C":0;"28°C":0;"29°C":0;"30°C":81;"31°C":20;"32°C":3;"33°C":0;"34°C":0;"35°C or higher":0}
2026-09-07T06:17:25.518Z,202609071400,28.7,2026-09-07T14:00:00+08:00,29,1402,29,2026-09-07T06:00:00.000Z,32,{"25°C or below":0;"26°C":0;"27°C":0;"28°C":0;"29°C":0;"30°C":81;"31°C":20;"32°C":3;"33°C":0;"34°C":0;"35°C or higher":0}
2026-09-07T06:17:56.614Z,202609071410,28.7,2026-09-07T14:00:00+08:00,29,1402,29,2026-09-07T06:00:00.000Z,32,{"25°C or below":0;"26°C":0;"27°C":0;"28°C":0;"29°C":0;"30°C":76;"31°C":23;"32°C":1;"33°C":0;"34°C":0;"35°C or higher":0}
2026-09-07T06:18:28.860Z,202609071410,28.7,2026-09-07T14:00:00+08:00,29,1402,29,2026-09-07T06:00:00.000Z,32,{"25°C or below":0;"26°C":0;"27°C":0;"28°C":0;"29°C":0;"30°C":76;"31°C":23;"32°C":1;"33°C":0;"34°C":0;"35°C or higher":0}
2026-09-07T06:19:01.129Z,202609071410,28.7,2026-09-07T14:00:00+08:00,29,1402,29,2026-09-07T06:00:00.000Z,32,{"25°C or below":0;"26°C":0;"27°C":0;"28°C":0;"29°C":0;"30°C":76;"31°C":23;"32°C":1;"33°C":0;"34°C":0;"35°C or higher":0}
2026-09-07T06:19:32.298Z,202609071410,28.7,2026-09-07T14:00:00+08:00,29,1402,29,2026-09-07T06:00:00.000Z,32,{"25°C or below":0;"26°C":0;"27°C":0;"28°C":0;"29°C":0;"30°C":76;"31°C":23;"32°C":1;"33°C":0;"34°C":0;"35°C or higher":0}
2026-09-07T06:20:03.433Z,202609071410,28.7,2026-09-07T14:00:00+08:00,29,1402,29,2026-09-07T06:00:00.000Z,32,{"25°C or below":0;"26°C":0;"27°C":0;"28°C":0;"29°C":0;"30°C":76;"31°C":23;"32°C":1;"33°C":0;"34°C":0;"35°C or higher":0}
2026-09-07T06:20:35.160Z,202609071410,28.7,2026-09-07T14:00:00+08:00,29,1402,29,2026-09-07T06:00:00.000Z,32,{"25°C or below":0;"26°C":0;"27°C":0;"28°C":0;"29°C":0;"30°C":76;"31°C":23;"32°C":1;"33°C":0;"34°C":0;"35°C or higher":0}
2026-09-07T06:21:07.005Z,202609071410,28.7,2026-09-07T14:00:00+08:00,29,1402,29,2026-09-07T06:00:00.000Z,32,{"25°C or below":0;"26°C":0;"27°C":0;"28°C":0;"29°C":0;"30°C":76;"31°C":23;"32°C":1;"33°C":0;"34°C":0;"35°C or higher":0}
2026-09-07T06:21:38.319Z,202609071410,28.7,2026-09-07T14:00:00+08:00,29,1402,29,2026-09-07T06:00:00.000Z,32,{"25°C or below":0;"26°C":0;"27°C":0;"28°C":0;"29°C":0;"30°C":76;"31°C":23;"32°C":1;"33°C":0;"34°C":0;"35°C or higher":0}
2026-09-07T06:22:10.035Z,202609071410,28.7,2026-09-07T14:00:00+08:00,29,1421,29,2026-09-07T06:00:00.000Z,32,{"25°C or below":0;"26°C":0;"27°C":0;"28°C":0;"29°C":0;"30°C":76;"31°C":23;"32°C":1;"33°C":0;"34°C":0;"35°C or higher":0}
2026-09-07T06:22:41.555Z,202609071410,28.7,2026-09-07T14:00:00+08:00,29,1421,29,2026-09-07T06:00:00.000Z,32,{"25°C or below":0;"26°C":0;"27°C":0;"28°C":0;"29°C":0;"30°C":84;"31°C":14;"32°C":1;"33°C":0;"34°C":0;"35°C or higher":0}
2026-09-07T06:23:13.061Z,202609071410,28.7,2026-09-07T14:00:00+08:00,29,1421,29,2026-09-07T06:00:00.000Z,32,{"25°C or below":0;"26°C":0;"27°C":0;"28°C":0;"29°C":0;"30°C":84;"31°C":14;"32°C":1;"33°C":0;"34°C":0;"35°C or higher":0}
2026-09-07T06:23:44.164Z,202609071410,28.7,2026-09-07T14:00:00+08:00,29,1421,29,2026-09-07T06:00:00.000Z,32,{"25°C or below":0;"26°C":0;"27°C":0;"28°C":0;"29°C":0;"30°C":84;"31°C":14;"32°C":1;"33°C":0;"34°C":0;"35°C or higher":0}
2026-09-07T06:24:26.982Z,202609071410,28.7,2026-09-07T14:00:00+08:00,29,1421,29,2026-09-07T06:00:00.000Z,32,{"25°C or below":0;"26°C":0;"27°C":0;"28°C":0;"29°C":0;"30°C":84;"31°C":14;"32°C":1;"33°C":0;"34°C":0;"35°C or higher":0}
2026-09-07T06:24:58.607Z,202609071410,28.7,2026-09-07T14:00:00+08:00,29,1421,29,2026-09-07T06:00:00.000Z,32,{"25°C or below":0;"26°C":0;"27°C":0;"28°C":0;"29°C":0;"30°C":84;"31°C":14;"32°C":1;"33°C":0;"34°C":0;"35°C or higher":0}
2026-09-07T06:25:29.562Z,202609071410,28.7,2026-09-07T14:00:00+08:00,29,1421,29,2026-09-07T06:00:00.000Z,32,{"25°C or below":0;"26°C":0;"27°C":0;"28°C":0;"29°C":0;"30°C":84;"31°C":14;"32°C":1;"33°C":0;"34°C":0;"35°C or higher":0}
2026-09-07T06:26:00.565Z,202609071410,28.7,2026-09-07T14:00:00+08:00,29,1421,29,2026-09-07T06:00:00.000Z,32,{"25°C or below":0;"26°C":0;"27°C":0;"28°C":0;"29°C":0;"30°C":84;"31°C":14;"32°C":1;"33°C":0;"34°C":0;"35°C or higher":0}
2026-09-07T06:26:31.647Z,202609071410,28.7,2026-09-07T14:00:00+08:00,29,1421,29,2026-09-07T06:00:00.000Z,32,{"25°C or below":0;"26°C":0;"27°C":0;"28°C":0;"29°C":0;"30°C":84;"31°C":14;"32°C":1;"33°C":0;"34°C":0;"35°C or higher":0}
2026-09-07T06:27:03.308Z,202609071410,28.7,2026-09-07T14:00:00+08:00,29,1421,29,2026-09-07T06:00:00.000Z,32,{"25°C or below":0;"26°C":0;"27°C":0;"28°C":0;"29°C":0;"30°C":84;"31°C":14;"32°C":1;"33°C":0;"34°C":0;"35°C or higher":0}
2026-09-07T06:27:34.979Z,202609071410,28.7,2026-09-07T14:00:00+08:00,29,1421,29,2026-09-07T06:00:00.000Z,32,{"25°C or below":0;"26°C":0;"27°C":0;"28°C":0;"29°C":0;"30°C":87;"31°C":12;"32°C":1;"33°C":0;"34°C":0;"35°C or higher":0}
2026-09-07T06:28:06.163Z,202609071410,28.7,2026-09-07T14:00:00+08:00,29,1421,29,2026-09-07T06:00:00.000Z,32,{"25°C or below":0;"26°C":0;"27°C":0;"28°C":0;"29°C":0;"30°C":87;"31°C":12;"32°C":1;"33°C":0;"34°C":0;"35°C or higher":0}
2026-09-07T06:28:37.581Z,202609071420,29.6,2026-09-07T14:00:00+08:00,29,1421,29,2026-09-07T06:00:00.000Z,32,{"25°C or below":0;"26°C":0;"27°C":0;"28°C":0;"29°C":0;"30°C":87;"31°C":12;"32°C":1;"33°C":0;"34°C":0;"35°C or higher":0}
2026-09-07T06:29:08.841Z,202609071420,29.6,2026-09-07T14:00:00+08:00,29,1421,29,2026-09-07T06:00:00.000Z,32,{"25°C or below":0;"26°C":0;"27°C":0;"28°C":0;"29°C":0;"30°C":87;"31°C":12;"32°C":1;"33°C":0;"34°C":0;"35°C or higher":0}
2026-09-07T06:29:40.756Z,202609071420,29.6,2026-09-07T14:00:00+08:00,29,1421,29,2026-09-07T06:00:00.000Z,32,{"25°C or below":0;"26°C":0;"27°C":0;"28°C":0;"29°C":0;"30°C":87;"31°C":12;"32°C":1;"33°C":0;"34°C":0;"35°C or higher":0}
2026-09-07T06:30:12.178Z,202609071420,29.6,2026-09-07T14:00:00+08:00,29,1421,29,2026-09-07T06:00:00.000Z,32,{"25°C or below":0;"26°C":0;"27°C":0;"28°C":0;"29°C":0;"30°C":87;"31°C":12;"32°C":1;"33°C":0;"34°C":0;"35°C or higher":0}
2026-09-07T06:30:43.817Z,202609071420,29.6,2026-09-07T14:00:00+08:00,29,1421,29,2026-09-07T06:00:00.000Z,32,{"25°C or below":0;"26°C":0;"27°C":0;"28°C":0;"29°C":0;"30°C":87;"31°C":12;"32°C":1;"33°C":0;"34°C":0;"35°C or higher":0}
2026-09-07T06:31:15.391Z,202609071420,29.6,2026-09-07T14:00:00+08:00,29,1421,29,2026-09-07T06:00:00.000Z,32,{"25°C or below":0;"26°C":0;"27°C":0;"28°C":0;"29°C":0;"30°C":87;"31°C":12;"32°C":1;"33°C":0;"34°C":0;"35°C or higher":0}
2026-09-07T06:31:46.890Z,202609071420,29.6,2026-09-07T14:00:00+08:00,29,1421,29,2026-09-07T06:00:00.000Z,32,{"25°C or below":0;"26°C":0;"27°C":0;"28°C":0;"29°C":0;"30°C":87;"31°C":12;"32°C":1;"33°C":0;"34°C":0;"35°C or higher":0}
2026-09-07T06:32:18.664Z,202609071420,29.6,2026-09-07T14:00:00+08:00,29,1421,29,2026-09-07T06:00:00.000Z,32,{"25°C or below":0;"26°C":0;"27°C":0;"28°C":0;"29°C":0;"30°C":87;"31°C":12;"32°C":1;"33°C":0;"34°C":0;"35°C or higher":0}
2026-09-07T06:32:49.547Z,202609071420,29.6,2026-09-07T14:00:00+08:00,29,1421,29,2026-09-07T06:00:00.000Z,32,{"25°C or below":0;"26°C":0;"27°C":0;"28°C":0;"29°C":0;"30°C":71;"31°C":28;"32°C":1;"33°C":0;"34°C":0;"35°C or higher":0}
2026-09-07T06:33:21.269Z,202609071420,29.6,2026-09-07T14:00:00+08:00,29,1421,29,2026-09-07T06:00:00.000Z,32,{"25°C or below":0;"26°C":0;"27°C":0;"28°C":0;"29°C":0;"30°C":71;"31°C":28;"32°C":1;"33°C":0;"34°C":0;"35°C or higher":0}
2026-09-07T06:33:52.987Z,202609071420,29.6,2026-09-07T14:00:00+08:00,29,1421,29,2026-09-07T06:30:00.000Z,32,{"25°C or below":0;"26°C":0;"27°C":0;"28°C":0;"29°C":0;"30°C":71;"31°C":28;"32°C":1;"33°C":0;"34°C":0;"35°C or higher":0}
2026-09-07T06:34:24.322Z,202609071420,29.6,2026-09-07T14:00:00+08:00,29,1421,29,2026-09-07T06:30:00.000Z,32,{"25°C or below":0;"26°C":0;"27°C":0;"28°C":0;"29°C":0;"30°C":71;"31°C":28;"32°C":1;"33°C":0;"34°C":0;"35°C or higher":0}
2026-09-07T06:34:55.577Z,202609071420,29.6,2026-09-07T14:00:00+08:00,29,1421,29,2026-09-07T06:30:00.000Z,32,{"25°C or below":0;"26°C":0;"27°C":0;"28°C":0;"29°C":0;"30°C":71;"31°C":28;"32°C":1;"33°C":0;"34°C":0;"35°C or higher":0}
2026-09-07T06:35:27.780Z,202609071420,29.6,2026-09-07T14:00:00+08:00,29,1421,29,2026-09-07T06:30:00.000Z,32,{"25°C or below":0;"26°C":0;"27°C":0;"28°C":0;"29°C":0;"30°C":71;"31°C":28;"32°C":1;"33°C":0;"34°C":0;"35°C or higher":0}
2026-09-07T06:35:59.715Z,202609071420,29.6,2026-09-07T14:00:00+08:00,29,1421,29,2026-09-07T06:30:00.000Z,32,{"25°C or below":0;"26°C":0;"27°C":0;"28°C":0;"29°C":0;"30°C":71;"31°C":28;"32°C":1;"33°C":0;"34°C":0;"35°C or higher":0}
2026-09-07T06:36:31.546Z,202609071420,29.6,2026-09-07T14:00:00+08:00,29,1421,29,2026-09-07T06:30:00.000Z,32,{"25°C or below":0;"26°C":0;"27°C":0;"28°C":0;"29°C":0;"30°C":71;"31°C":28;"32°C":1;"33°C":0;"34°C":0;"35°C or higher":0}
2026-09-07T06:37:02.998Z,202609071420,29.6,2026-09-07T14:00:00+08:00,29,1421,29,2026-09-07T06:30:00.000Z,32,{"25°C or below":0;"26°C":0;"27°C":0;"28°C":0;"29°C":0;"30°C":71;"31°C":28;"32°C":1;"33°C":0;"34°C":0;"35°C or higher":0}
2026-09-07T06:37:33.789Z,202609071420,29.6,2026-09-07T14:00:00+08:00,29,1421,29,2026-09-07T06:30:00.000Z,32,{"25°C or below":0;"26°C":0;"27°C":0;"28°C":0;"29°C":0;"30°C":71;"31°C":24;"32°C":2;"33°C":0;"34°C":0;"35°C or higher":0}
2026-09-07T06:38:05.454Z,202609071430,29.8,2026-09-07T14:00:00+08:00,29,1421,29,2026-09-07T06:30:00.000Z,32,{"25°C or below":0;"26°C":0;"27°C":0;"28°C":0;"29°C":0;"30°C":71;"31°C":24;"32°C":2;"33°C":0;"34°C":0;"35°C or higher":0}
2026-09-07T06:38:37.299Z,202609071430,29.8,2026-09-07T14:00:00+08:00,29,1421,29,2026-09-07T06:30:00.000Z,32,{"25°C or below":0;"26°C":0;"27°C":0;"28°C":0;"29°C":0;"30°C":71;"31°C":24;"32°C":2;"33°C":0;"34°C":0;"35°C or higher":0}
2026-09-07T06:39:20.635Z,202609071430,29.8,2026-09-07T14:00:00+08:00,29,1421,29,2026-09-07T06:30:00.000Z,32,{"25°C or below":0;"26°C":0;"27°C":0;"28°C":0;"29°C":0;"30°C":71;"31°C":24;"32°C":2;"33°C":0;"34°C":0;"35°C or higher":0}
2026-09-07T06:39:52.617Z,202609071430,29.8,2026-09-07T14:00:00+08:00,29,1421,29,2026-09-07T06:30:00.000Z,32,{"25°C or below":0;"26°C":0;"27°C":0;"28°C":0;"29°C":0;"30°C":71;"31°C":24;"32°C":2;"33°C":0;"34°C":0;"35°C or higher":0}
2026-09-07T06:40:24.152Z,202609071430,29.8,2026-09-07T14:00:00+08:00,29,1421,29,2026-09-07T06:30:00.000Z,32,{"25°C or below":0;"26°C":0;"27°C":0;"28°C":0;"29°C":0;"30°C":71;"31°C":24;"32°C":2;"33°C":0;"34°C":0;"35°C or higher":0}
2026-09-07T06:40:56.031Z,202609071430,29.8,2026-09-07T14:00:00+08:00,29,1421,29,2026-09-07T06:30:00.000Z,32,{"25°C or below":0;"26°C":0;"27°C":0;"28°C":0;"29°C":0;"30°C":71;"31°C":24;"32°C":2;"33°C":0;"34°C":0;"35°C or higher":0}
2026-09-07T06:41:27.114Z,202609071430,29.8,2026-09-07T14:00:00+08:00,29,1421,29,2026-09-07T06:30:00.000Z,32,{"25°C or below":0;"26°C":0;"27°C":0;"28°C":0;"29°C":0;"30°C":71;"31°C":24;"32°C":2;"33°C":0;"34°C":0;"35°C or higher":0}
2026-09-07T06:41:58.730Z,202609071430,29.8,2026-09-07T14:00:00+08:00,29,1421,29,2026-09-07T06:30:00.000Z,32,{"25°C or below":0;"26°C":0;"27°C":0;"28°C":0;"29°C":0;"30°C":71;"31°C":24;"32°C":2;"33°C":0;"34°C":0;"35°C or higher":0}
2026-09-07T06:42:30.043Z,202609071430,29.8,2026-09-07T14:00:00+08:00,29,1421,29,2026-09-07T06:30:00.000Z,32,{"25°C or below":0;"26°C":0;"27°C":0;"28°C":0;"29°C":0;"30°C":71;"31°C":24;"32°C":2;"33°C":0;"34°C":0;"35°C or higher":0}
2026-09-07T06:43:01.492Z,202609071430,29.8,2026-09-07T14:00:00+08:00,29,1421,29,2026-09-07T06:30:00.000Z,32,{"25°C or below":0;"26°C":0;"27°C":0;"28°C":0;"29°C":0;"30°C":77;"31°C":21;"32°C":2;"33°C":1;"34°C":0;"35°C or higher":0}
2026-09-07T06:43:32.465Z,202609071430,29.8,2026-09-07T14:00:00+08:00,29,1421,29,2026-09-07T06:30:00.000Z,32,{"25°C or below":0;"26°C":0;"27°C":0;"28°C":0;"29°C":0;"30°C":77;"31°C":21;"32°C":2;"33°C":1;"34°C":0;"35°C or higher":0}
2026-09-07T06:44:04.680Z,202609071430,29.8,2026-09-07T14:00:00+08:00,29,1421,29,2026-09-07T06:30:00.000Z,32,{"25°C or below":0;"26°C":0;"27°C":0;"28°C":0;"29°C":0;"30°C":77;"31°C":21;"32°C":2;"33°C":1;"34°C":0;"35°C or higher":0}
2026-09-07T06:44:36.420Z,202609071430,29.8,2026-09-07T14:00:00+08:00,29,1421,29,2026-09-07T06:30:00.000Z,32,{"25°C or below":0;"26°C":0;"27°C":0;"28°C":0;"29°C":0;"30°C":77;"31°C":21;"32°C":2;"33°C":1;"34°C":0;"35°C or higher":0}
2026-09-07T06:45:08.520Z,202609071430,29.8,2026-09-07T14:00:00+08:00,29,1421,29,2026-09-07T06:30:00.000Z,32,{"25°C or below":0;"26°C":0;"27°C":0;"28°C":0;"29°C":0;"30°C":77;"31°C":21;"32°C":2;"33°C":1;"34°C":0;"35°C or higher":0}
2026-09-07T06:45:40.868Z,202609071430,29.8,2026-09-07T14:00:00+08:00,29,1421,29,2026-09-07T06:30:00.000Z,32,{"25°C or below":0;"26°C":0;"27°C":0;"28°C":0;"29°C":0;"30°C":77;"31°C":21;"32°C":2;"33°C":1;"34°C":0;"35°C or higher":0}
2026-09-07T06:46:12.230Z,202609071430,29.8,2026-09-07T14:00:00+08:00,29,1421,29,2026-09-07T06:30:00.000Z,32,{"25°C or below":0;"26°C":0;"27°C":0;"28°C":0;"29°C":0;"30°C":77;"31°C":21;"32°C":2;"33°C":1;"34°C":0;"35°C or higher":0}
2026-09-07T06:46:43.953Z,202609071430,29.8,2026-09-07T14:00:00+08:00,29,1421,29,2026-09-07T06:30:00.000Z,32,{"25°C or below":0;"26°C":0;"27°C":0;"28°C":0;"29°C":0;"30°C":77;"31°C":21;"32°C":2;"33°C":1;"34°C":0;"35°C or higher":0}
2026-09-07T06:47:15.617Z,202609071430,29.8,2026-09-07T14:00:00+08:00,29,1421,29,2026-09-07T06:30:00.000Z,32,{"25°C or below":0;"26°C":0;"27°C":0;"28°C":0;"29°C":0;"30°C":77;"31°C":21;"32°C":2;"33°C":1;"34°C":0;"35°C or higher":0}
2026-09-07T06:47:46.862Z,202609071430,29.8,2026-09-07T14:00:00+08:00,29,1421,29,2026-09-07T06:30:00.000Z,32,{"25°C or below":0;"26°C":0;"27°C":0;"28°C":0;"29°C":0;"30°C":80;"31°C":18;"32°C":2;"33°C":1;"34°C":0;"35°C or higher":0}
2026-09-07T06:48:20.220Z,202609071430,29.8,2026-09-07T14:00:00+08:00,29,1421,29,2026-09-07T06:30:00.000Z,32,{"25°C or below":0;"26°C":0;"27°C":0;"28°C":0;"29°C":0;"30°C":80;"31°C":18;"32°C":2;"33°C":1;"34°C":0;"35°C or higher":0}
2026-09-07T06:48:51.904Z,202609071440,30,2026-09-07T14:00:00+08:00,29,1421,29,2026-09-07T06:30:00.000Z,32,{"25°C or below":0;"26°C":0;"27°C":0;"28°C":0;"29°C":0;"30°C":80;"31°C":18;"32°C":2;"33°C":1;"34°C":0;"35°C or higher":0}
2026-09-07T06:49:24.795Z,202609071440,30,2026-09-07T14:00:00+08:00,29,1421,29,2026-09-07T06:30:00.000Z,32,{"25°C or below":0;"26°C":0;"27°C":0;"28°C":0;"29°C":0;"30°C":80;"31°C":18;"32°C":2;"33°C":1;"34°C":0;"35°C or higher":0}
2026-09-07T06:49:55.615Z,202609071440,30,2026-09-07T14:00:00+08:00,29,1421,29,2026-09-07T06:30:00.000Z,32,{"25°C or below":0;"26°C":0;"27°C":0;"28°C":0;"29°C":0;"30°C":80;"31°C":18;"32°C":2;"33°C":1;"34°C":0;"35°C or higher":0}
2026-09-07T06:50:27.132Z,202609071440,30,2026-09-07T14:00:00+08:00,29,1421,29,2026-09-07T06:30:00.000Z,32,{"25°C or below":0;"26°C":0;"27°C":0;"28°C":0;"29°C":0;"30°C":80;"31°C":18;"32°C":2;"33°C":1;"34°C":0;"35°C or higher":0}
2026-09-07T06:50:58.408Z,202609071440,30,2026-09-07T14:00:00+08:00,29,1421,29,2026-09-07T06:30:00.000Z,32,{"25°C or below":0;"26°C":0;"27°C":0;"28°C":0;"29°C":0;"30°C":80;"31°C":18;"32°C":2;"33°C":1;"34°C":0;"35°C or higher":0}
2026-09-07T06:51:29.340Z,202609071440,30,2026-09-07T14:00:00+08:00,29,1421,29,2026-09-07T06:30:00.000Z,32,{"25°C or below":0;"26°C":0;"27°C":0;"28°C":0;"29°C":0;"30°C":80;"31°C":18;"32°C":2;"33°C":1;"34°C":0;"35°C or higher":0}
2026-09-07T06:52:00.756Z,202609071440,30,2026-09-07T14:00:00+08:00,29,1421,29,2026-09-07T06:30:00.000Z,32,{"25°C or below":0;"26°C":0;"27°C":0;"28°C":0;"29°C":0;"30°C":80;"31°C":18;"32°C":2;"33°C":1;"34°C":0;"35°C or higher":0}
2026-09-07T06:52:32.566Z,202609071440,30,2026-09-07T14:00:00+08:00,29,1421,29,2026-09-07T06:30:00.000Z,32,{"25°C or below":0;"26°C":0;"27°C":0;"28°C":0;"29°C":0;"30°C":80;"31°C":18;"32°C":2;"33°C":1;"34°C":0;"35°C or higher":0}
2026-09-07T06:53:04.098Z,202609071440,30,2026-09-07T14:00:00+08:00,29,1421,29,2026-09-07T06:30:00.000Z,32,{"25°C or below":0;"26°C":0;"27°C":0;"28°C":0;"29°C":0;"30°C":70;"31°C":26;"32°C":1;"33°C":0;"34°C":0;"35°C or higher":0}
2026-09-07T06:53:35.018Z,202609071440,30,2026-09-07T14:00:00+08:00,29,1421,29,2026-09-07T06:30:00.000Z,32,{"25°C or below":0;"26°C":0;"27°C":0;"28°C":0;"29°C":0;"30°C":70;"31°C":26;"32°C":1;"33°C":0;"34°C":0;"35°C or higher":0}
2026-09-07T06:54:06.389Z,202609071440,30,2026-09-07T14:00:00+08:00,29,1421,29,2026-09-07T06:30:00.000Z,32,{"25°C or below":0;"26°C":0;"27°C":0;"28°C":0;"29°C":0;"30°C":70;"31°C":26;"32°C":1;"33°C":0;"34°C":0;"35°C or higher":0}
2026-09-07T06:54:37.680Z,202609071440,30,2026-09-07T14:00:00+08:00,29,1421,29,2026-09-07T06:30:00.000Z,32,{"25°C or below":0;"26°C":0;"27°C":0;"28°C":0;"29°C":0;"30°C":70;"31°C":26;"32°C":1;"33°C":0;"34°C":0;"35°C or higher":0}
2026-09-07T06:55:08.721Z,202609071440,30,2026-09-07T14:00:00+08:00,29,1421,29,2026-09-07T06:30:00.000Z,32,{"25°C or below":0;"26°C":0;"27°C":0;"28°C":0;"29°C":0;"30°C":70;"31°C":26;"32°C":1;"33°C":0;"34°C":0;"35°C or higher":0}
2026-09-07T06:55:39.799Z,202609071440,30,2026-09-07T14:00:00+08:00,29,1421,29,2026-09-07T06:30:00.000Z,32,{"25°C or below":0;"26°C":0;"27°C":0;"28°C":0;"29°C":0;"30°C":70;"31°C":26;"32°C":1;"33°C":0;"34°C":0;"35°C or higher":0}
2026-09-07T06:56:11.202Z,202609071440,30,2026-09-07T14:00:00+08:00,29,1421,29,2026-09-07T06:30:00.000Z,32,{"25°C or below":0;"26°C":0;"27°C":0;"28°C":0;"29°C":0;"30°C":70;"31°C":26;"32°C":1;"33°C":0;"34°C":0;"35°C or higher":0}
2026-09-07T06:56:43.019Z,202609071440,30,2026-09-07T14:00:00+08:00,29,1421,29,2026-09-07T06:30:00.000Z,32,{"25°C or below":0;"26°C":0;"27°C":0;"28°C":0;"29°C":0;"30°C":70;"31°C":26;"32°C":1;"33°C":0;"34°C":0;"35°C or higher":0}
2026-09-07T06:57:14.344Z,202609071440,30,2026-09-07T14:00:00+08:00,29,1421,29,2026-09-07T06:30:00.000Z,32,{"25°C or below":0;"26°C":0;"27°C":0;"28°C":0;"29°C":0;"30°C":70;"31°C":26;"32°C":1;"33°C":0;"34°C":0;"35°C or higher":0}
2026-09-07T06:57:46.264Z,202609071450,30.3,2026-09-07T14:00:00+08:00,29,1421,29,2026-09-07T06:30:00.000Z,32,{"25°C or below":0;"26°C":0;"27°C":0;"28°C":0;"29°C":0;"30°C":83;"31°C":17;"32°C":2;"33°C":0;"34°C":0;"35°C or higher":0}
2026-09-07T06:58:17.560Z,202609071450,30.3,2026-09-07T14:00:00+08:00,29,1421,29,2026-09-07T06:30:00.000Z,32,{"25°C or below":0;"26°C":0;"27°C":0;"28°C":0;"29°C":0;"30°C":83;"31°C":17;"32°C":2;"33°C":0;"34°C":0;"35°C or higher":0}
2026-09-07T06:58:49.234Z,202609071450,30.3,2026-09-07T14:00:00+08:00,29,1421,29,2026-09-07T06:30:00.000Z,32,{"25°C or below":0;"26°C":0;"27°C":0;"28°C":0;"29°C":0;"30°C":83;"31°C":17;"32°C":2;"33°C":0;"34°C":0;"35°C or higher":0}
2026-09-07T06:59:20.193Z,202609071450,30.3,2026-09-07T14:00:00+08:00,29,1421,29,2026-09-07T06:30:00.000Z,32,{"25°C or below":0;"26°C":0;"27°C":0;"28°C":0;"29°C":0;"30°C":83;"31°C":17;"32°C":2;"33°C":0;"34°C":0;"35°C or higher":0}
2026-09-07T06:59:50.995Z,202609071450,30.3,2026-09-07T14:00:00+08:00,29,1421,29,2026-09-07T06:30:00.000Z,32,{"25°C or below":0;"26°C":0;"27°C":0;"28°C":0;"29°C":0;"30°C":83;"31°C":17;"32°C":2;"33°C":0;"34°C":0;"35°C or higher":0}
2026-09-07T07:00:22.281Z,202609071450,30.3,2026-09-07T14:00:00+08:00,29,1421,29,2026-09-07T06:30:00.000Z,32,{"25°C or below":0;"26°C":0;"27°C":0;"28°C":0;"29°C":0;"30°C":83;"31°C":17;"32°C":2;"33°C":0;"34°C":0;"35°C or higher":0}
2026-09-07T07:00:54.060Z,202609071450,30.3,2026-09-07T14:00:00+08:00,29,1421,29,2026-09-07T06:30:00.000Z,32,{"25°C or below":0;"26°C":0;"27°C":0;"28°C":0;"29°C":0;"30°C":83;"31°C":17;"32°C":2;"33°C":0;"34°C":0;"35°C or higher":0}
2026-09-07T07:01:25.971Z,202609071450,30.3,2026-09-07T14:00:00+08:00,29,1421,29,2026-09-07T06:30:00.000Z,32,{"25°C or below":0;"26°C":0;"27°C":0;"28°C":0;"29°C":0;"30°C":83;"31°C":17;"32°C":2;"33°C":0;"34°C":0;"35°C or higher":0}
2026-09-07T07:01:57.274Z,202609071450,30.3,2026-09-07T14:00:00+08:00,29,1421,29,2026-09-07T06:30:00.000Z,32,{"25°C or below":0;"26°C":0;"27°C":0;"28°C":0;"29°C":0;"30°C":83;"31°C":17;"32°C":2;"33°C":0;"34°C":0;"35°C or higher":0}
2026-09-07T07:02:28.707Z,202609071450,30.3,2026-09-07T14:00:00+08:00,29,1421,29,2026-09-07T06:30:00.000Z,32,{"25°C or below":0;"26°C":0;"27°C":0;"28°C":0;"29°C":0;"30°C":83;"31°C":17;"32°C":2;"33°C":0;"34°C":0;"35°C or higher":0}
2026-09-07T07:03:00.680Z,202609071450,30.3,2026-09-07T14:00:00+08:00,29,1502,30,2026-09-07T06:30:00.000Z,32,{"25°C or below":0;"26°C":0;"27°C":0;"28°C":0;"29°C":0;"30°C":82;"31°C":15;"32°C":1;"33°C":0;"34°C":0;"35°C or higher":0}
2026-09-07T07:03:32.507Z,202609071450,30.3,2026-09-07T14:00:00+08:00,29,1502,30,2026-09-07T06:30:00.000Z,32,{"25°C or below":0;"26°C":0;"27°C":0;"28°C":0;"29°C":0;"30°C":82;"31°C":15;"32°C":1;"33°C":0;"34°C":0;"35°C or higher":0}
2026-09-07T07:04:05.126Z,202609071450,30.3,2026-09-07T15:00:00+08:00,30,1502,30,2026-09-07T06:30:00.000Z,32,{"25°C or below":0;"26°C":0;"27°C":0;"28°C":0;"29°C":0;"30°C":82;"31°C":15;"32°C":1;"33°C":0;"34°C":0;"35°C or higher":0}
2026-09-07T07:04:36.761Z,202609071450,30.3,2026-09-07T15:00:00+08:00,30,1502,30,2026-09-07T07:00:00.000Z,33,{"25°C or below":0;"26°C":0;"27°C":0;"28°C":0;"29°C":0;"30°C":82;"31°C":15;"32°C":1;"33°C":0;"34°C":0;"35°C or higher":0}
2026-09-07T07:05:08.591Z,202609071450,30.3,2026-09-07T15:00:00+08:00,30,1502,30,2026-09-07T07:00:00.000Z,33,{"25°C or below":0;"26°C":0;"27°C":0;"28°C":0;"29°C":0;"30°C":82;"31°C":15;"32°C":1;"33°C":0;"34°C":0;"35°C or higher":0}
2026-09-07T07:05:40.547Z,202609071450,30.3,2026-09-07T15:00:00+08:00,30,1502,30,2026-09-07T07:00:00.000Z,33,{"25°C or below":0;"26°C":0;"27°C":0;"28°C":0;"29°C":0;"30°C":82;"31°C":15;"32°C":1;"33°C":0;"34°C":0;"35°C or higher":0}
2026-09-07T07:06:12.237Z,202609071450,30.3,2026-09-07T15:00:00+08:00,30,1502,30,2026-09-07T07:00:00.000Z,33,{"25°C or below":0;"26°C":0;"27°C":0;"28°C":0;"29°C":0;"30°C":82;"31°C":15;"32°C":1;"33°C":0;"34°C":0;"35°C or higher":0}
2026-09-07T07:06:43.834Z,202609071450,30.3,2026-09-07T15:00:00+08:00,30,1502,30,2026-09-07T07:00:00.000Z,33,{"25°C or below":0;"26°C":0;"27°C":0;"28°C":0;"29°C":0;"30°C":82;"31°C":15;"32°C":1;"33°C":0;"34°C":0;"35°C or higher":0}
2026-09-07T07:07:15.167Z,202609071450,30.3,2026-09-07T15:00:00+08:00,30,1502,30,2026-09-07T07:00:00.000Z,33,{"25°C or below":0;"26°C":0;"27°C":0;"28°C":0;"29°C":0;"30°C":82;"31°C":15;"32°C":1;"33°C":0;"34°C":0;"35°C or higher":0}
2026-09-07T07:07:46.169Z,202609071450,30.3,2026-09-07T15:00:00+08:00,30,1502,30,2026-09-07T07:00:00.000Z,33,{"25°C or below":0;"26°C":0;"27°C":0;"28°C":0;"29°C":0;"30°C":81;"31°C":16;"32°C":1;"33°C":0;"34°C":0;"35°C or higher":0}
2026-09-07T07:08:18.798Z,202609071500,29.8,2026-09-07T15:00:00+08:00,30,1502,30,2026-09-07T07:00:00.000Z,33,{"25°C or below":0;"26°C":0;"27°C":0;"28°C":0;"29°C":0;"30°C":81;"31°C":16;"32°C":1;"33°C":0;"34°C":0;"35°C or higher":0}
2026-09-07T07:08:49.751Z,202609071500,29.8,2026-09-07T15:00:00+08:00,30,1502,30,2026-09-07T07:00:00.000Z,33,{"25°C or below":0;"26°C":0;"27°C":0;"28°C":0;"29°C":0;"30°C":81;"31°C":16;"32°C":1;"33°C":0;"34°C":0;"35°C or higher":0}
2026-09-07T07:09:22.069Z,202609071500,29.8,2026-09-07T15:00:00+08:00,30,1502,30,2026-09-07T07:00:00.000Z,33,{"25°C or below":0;"26°C":0;"27°C":0;"28°C":0;"29°C":0;"30°C":81;"31°C":16;"32°C":1;"33°C":0;"34°C":0;"35°C or higher":0}
2026-09-07T07:09:54.556Z,202609071500,29.8,2026-09-07T15:00:00+08:00,30,1502,30,2026-09-07T07:00:00.000Z,33,{"25°C or below":0;"26°C":0;"27°C":0;"28°C":0;"29°C":0;"30°C":81;"31°C":16;"32°C":1;"33°C":0;"34°C":0;"35°C or higher":0}
2026-09-07T07:10:26.124Z,202609071500,29.8,2026-09-07T15:00:00+08:00,30,1502,30,2026-09-07T07:00:00.000Z,33,{"25°C or below":0;"26°C":0;"27°C":0;"28°C":0;"29°C":0;"30°C":81;"31°C":16;"32°C":1;"33°C":0;"34°C":0;"35°C or higher":0}
2026-09-07T07:10:58.595Z,202609071500,29.8,2026-09-07T15:00:00+08:00,30,1502,30,2026-09-07T07:00:00.000Z,33,{"25°C or below":0;"26°C":0;"27°C":0;"28°C":0;"29°C":0;"30°C":81;"31°C":16;"32°C":1;"33°C":0;"34°C":0;"35°C or higher":0}
2026-09-07T07:11:30.986Z,202609071500,29.8,2026-09-07T15:00:00+08:00,30,1502,30,2026-09-07T07:00:00.000Z,33,{"25°C or below":0;"26°C":0;"27°C":0;"28°C":0;"29°C":0;"30°C":81;"31°C":16;"32°C":1;"33°C":0;"34°C":0;"35°C or higher":0}
2026-09-07T07:12:02.115Z,202609071500,29.8,2026-09-07T15:00:00+08:00,30,1502,30,2026-09-07T07:00:00.000Z,33,{"25°C or below":0;"26°C":0;"27°C":0;"28°C":0;"29°C":0;"30°C":81;"31°C":16;"32°C":1;"33°C":0;"34°C":0;"35°C or higher":0}
2026-09-07T07:12:32.949Z,202609071500,29.8,2026-09-07T15:00:00+08:00,30,1502,30,2026-09-07T07:00:00.000Z,33,{"25°C or below":0;"26°C":0;"27°C":0;"28°C":0;"29°C":0;"30°C":81;"31°C":16;"32°C":1;"33°C":0;"34°C":0;"35°C or higher":0}
2026-09-07T07:13:04.357Z,202609071500,29.8,2026-09-07T15:00:00+08:00,30,1502,30,2026-09-07T07:00:00.000Z,33,{"25°C or below":0;"26°C":0;"27°C":0;"28°C":0;"29°C":0;"30°C":94;"31°C":7;"32°C":1;"33°C":0;"34°C":0;"35°C or higher":0}
2026-09-07T07:13:36.114Z,202609071500,29.8,2026-09-07T15:00:00+08:00,30,1502,30,2026-09-07T07:00:00.000Z,33,{"25°C or below":0;"26°C":0;"27°C":0;"28°C":0;"29°C":0;"30°C":94;"31°C":7;"32°C":1;"33°C":0;"34°C":0;"35°C or higher":0}
2026-09-07T07:14:07.734Z,202609071500,29.8,2026-09-07T15:00:00+08:00,30,1502,30,2026-09-07T07:00:00.000Z,33,{"25°C or below":0;"26°C":0;"27°C":0;"28°C":0;"29°C":0;"30°C":94;"31°C":7;"32°C":1;"33°C":0;"34°C":0;"35°C or higher":0}
2026-09-07T07:14:39.135Z,202609071500,29.8,2026-09-07T15:00:00+08:00,30,1502,30,2026-09-07T07:00:00.000Z,33,{"25°C or below":0;"26°C":0;"27°C":0;"28°C":0;"29°C":0;"30°C":94;"31°C":7;"32°C":1;"33°C":0;"34°C":0;"35°C or higher":0}
2026-09-07T07:15:10.694Z,202609071500,29.8,2026-09-07T15:00:00+08:00,30,1502,30,2026-09-07T07:00:00.000Z,33,{"25°C or below":0;"26°C":0;"27°C":0;"28°C":0;"29°C":0;"30°C":94;"31°C":7;"32°C":1;"33°C":0;"34°C":0;"35°C or higher":0}
2026-09-07T07:15:41.623Z,202609071500,29.8,2026-09-07T15:00:00+08:00,30,1502,30,2026-09-07T07:00:00.000Z,33,{"25°C or below":0;"26°C":0;"27°C":0;"28°C":0;"29°C":0;"30°C":94;"31°C":7;"32°C":1;"33°C":0;"34°C":0;"35°C or higher":0}
2026-09-07T07:16:13.112Z,202609071500,29.8,2026-09-07T15:00:00+08:00,30,1502,30,2026-09-07T07:00:00.000Z,33,{"25°C or below":0;"26°C":0;"27°C":0;"28°C":0;"29°C":0;"30°C":94;"31°C":7;"32°C":1;"33°C":0;"34°C":0;"35°C or higher":0}
2026-09-07T07:16:44.312Z,202609071500,29.8,2026-09-07T15:00:00+08:00,30,1502,30,2026-09-07T07:00:00.000Z,33,{"25°C or below":0;"26°C":0;"27°C":0;"28°C":0;"29°C":0;"30°C":94;"31°C":7;"32°C":1;"33°C":0;"34°C":0;"35°C or higher":0}
2026-09-07T07:17:15.369Z,202609071500,29.8,2026-09-07T15:00:00+08:00,30,1502,30,2026-09-07T07:00:00.000Z,33,{"25°C or below":0;"26°C":0;"27°C":0;"28°C":0;"29°C":0;"30°C":94;"31°C":7;"32°C":1;"33°C":0;"34°C":0;"35°C or higher":0}
2026-09-07T07:17:46.893Z,202609071500,29.8,2026-09-07T15:00:00+08:00,30,1502,30,2026-09-07T07:00:00.000Z,33,{"25°C or below":0;"26°C":0;"27°C":0;"28°C":0;"29°C":0;"30°C":98;"31°C":2;"32°C":0;"33°C":0;"34°C":0;"35°C or higher":0}
2026-09-07T07:18:18.276Z,202609071500,29.8,2026-09-07T15:00:00+08:00,30,1502,30,2026-09-07T07:00:00.000Z,33,{"25°C or below":0;"26°C":0;"27°C":0;"28°C":0;"29°C":0;"30°C":98;"31°C":2;"32°C":0;"33°C":0;"34°C":0;"35°C or higher":0}
2026-09-07T07:18:49.713Z,202609071510,29.8,2026-09-07T15:00:00+08:00,30,1502,30,2026-09-07T07:00:00.000Z,33,{"25°C or below":0;"26°C":0;"27°C":0;"28°C":0;"29°C":0;"30°C":98;"31°C":2;"32°C":0;"33°C":0;"34°C":0;"35°C or higher":0}
2026-09-07T07:19:20.942Z,202609071510,29.8,2026-09-07T15:00:00+08:00,30,1502,30,2026-09-07T07:00:00.000Z,33,{"25°C or below":0;"26°C":0;"27°C":0;"28°C":0;"29°C":0;"30°C":98;"31°C":2;"32°C":0;"33°C":0;"34°C":0;"35°C or higher":0}
2026-09-07T07:19:52.718Z,202609071510,29.8,2026-09-07T15:00:00+08:00,30,1502,30,2026-09-07T07:00:00.000Z,33,{"25°C or below":0;"26°C":0;"27°C":0;"28°C":0;"29°C":0;"30°C":98;"31°C":2;"32°C":0;"33°C":0;"34°C":0;"35°C or higher":0}
2026-09-07T07:20:23.869Z,202609071510,29.8,2026-09-07T15:00:00+08:00,30,1502,30,2026-09-07T07:00:00.000Z,33,{"25°C or below":0;"26°C":0;"27°C":0;"28°C":0;"29°C":0;"30°C":98;"31°C":2;"32°C":0;"33°C":0;"34°C":0;"35°C or higher":0}
2026-09-07T07:20:55.626Z,202609071510,29.8,2026-09-07T15:00:00+08:00,30,1502,30,2026-09-07T07:00:00.000Z,33,{"25°C or below":0;"26°C":0;"27°C":0;"28°C":0;"29°C":0;"30°C":98;"31°C":2;"32°C":0;"33°C":0;"34°C":0;"35°C or higher":0}
2026-09-07T07:21:26.927Z,202609071510,29.8,2026-09-07T15:00:00+08:00,30,1502,30,2026-09-07T07:00:00.000Z,33,{"25°C or below":0;"26°C":0;"27°C":0;"28°C":0;"29°C":0;"30°C":98;"31°C":2;"32°C":0;"33°C":0;"34°C":0;"35°C or higher":0}
2026-09-07T07:21:59.632Z,202609071510,29.8,2026-09-07T15:00:00+08:00,30,1502,30,2026-09-07T07:00:00.000Z,33,{"25°C or below":0;"26°C":0;"27°C":0;"28°C":0;"29°C":0;"30°C":98;"31°C":2;"32°C":0;"33°C":0;"34°C":0;"35°C or higher":0}
2026-09-07T07:22:31.618Z,202609071510,29.8,2026-09-07T15:00:00+08:00,30,1502,30,2026-09-07T07:00:00.000Z,33,{"25°C or below":0;"26°C":0;"27°C":0;"28°C":0;"29°C":0;"30°C":98;"31°C":2;"32°C":0;"33°C":0;"34°C":0;"35°C or higher":0}
2026-09-07T07:23:02.900Z,202609071510,29.8,2026-09-07T15:00:00+08:00,30,1502,30,2026-09-07T07:00:00.000Z,33,{"25°C or below":0;"26°C":0;"27°C":0;"28°C":0;"29°C":0;"30°C":97;"31°C":3;"32°C":0;"33°C":0;"34°C":0;"35°C or higher":0}
2026-09-07T07:23:34.198Z,202609071510,29.8,2026-09-07T15:00:00+08:00,30,1502,30,2026-09-07T07:00:00.000Z,33,{"25°C or below":0;"26°C":0;"27°C":0;"28°C":0;"29°C":0;"30°C":97;"31°C":3;"32°C":0;"33°C":0;"34°C":0;"35°C or higher":0}
2026-09-07T07:24:05.318Z,202609071510,29.8,2026-09-07T15:00:00+08:00,30,1502,30,2026-09-07T07:00:00.000Z,33,{"25°C or below":0;"26°C":0;"27°C":0;"28°C":0;"29°C":0;"30°C":97;"31°C":3;"32°C":0;"33°C":0;"34°C":0;"35°C or higher":0}
2026-09-07T07:24:36.894Z,202609071510,29.8,2026-09-07T15:00:00+08:00,30,1502,30,2026-09-07T07:00:00.000Z,33,{"25°C or below":0;"26°C":0;"27°C":0;"28°C":0;"29°C":0;"30°C":97;"31°C":3;"32°C":0;"33°C":0;"34°C":0;"35°C or higher":0}
2026-09-07T07:25:08.121Z,202609071510,29.8,2026-09-07T15:00:00+08:00,30,1502,30,2026-09-07T07:00:00.000Z,33,{"25°C or below":0;"26°C":0;"27°C":0;"28°C":0;"29°C":0;"30°C":97;"31°C":3;"32°C":0;"33°C":0;"34°C":0;"35°C or higher":0}
2026-09-07T07:25:39.278Z,202609071510,29.8,2026-09-07T15:00:00+08:00,30,1502,30,2026-09-07T07:00:00.000Z,33,{"25°C or below":0;"26°C":0;"27°C":0;"28°C":0;"29°C":0;"30°C":97;"31°C":3;"32°C":0;"33°C":0;"34°C":0;"35°C or higher":0}
2026-09-07T07:26:11.303Z,202609071510,29.8,2026-09-07T15:00:00+08:00,30,1502,30,2026-09-07T07:00:00.000Z,33,{"25°C or below":0;"26°C":0;"27°C":0;"28°C":0;"29°C":0;"30°C":97;"31°C":3;"32°C":0;"33°C":0;"34°C":0;"35°C or higher":0}
2026-09-07T07:26:42.526Z,202609071510,29.8,2026-09-07T15:00:00+08:00,30,1502,30,2026-09-07T07:00:00.000Z,33,{"25°C or below":0;"26°C":0;"27°C":0;"28°C":0;"29°C":0;"30°C":97;"31°C":3;"32°C":0;"33°C":0;"34°C":0;"35°C or higher":0}
2026-09-07T07:27:13.733Z,202609071510,29.8,2026-09-07T15:00:00+08:00,30,1502,30,2026-09-07T07:00:00.000Z,33,{"25°C or below":0;"26°C":0;"27°C":0;"28°C":0;"29°C":0;"30°C":97;"31°C":3;"32°C":0;"33°C":0;"34°C":0;"35°C or higher":0}
2026-09-07T07:27:45.304Z,202609071510,29.8,2026-09-07T15:00:00+08:00,30,1502,30,2026-09-07T07:00:00.000Z,33,{"25°C or below":0;"26°C":0;"27°C":0;"28°C":0;"29°C":0;"30°C":98;"31°C":2;"32°C":0;"33°C":0;"34°C":0;"35°C or higher":0}
2026-09-07T07:28:16.886Z,202609071520,29.6,2026-09-07T15:00:00+08:00,30,1502,30,2026-09-07T07:00:00.000Z,33,{"25°C or below":0;"26°C":0;"27°C":0;"28°C":0;"29°C":0;"30°C":98;"31°C":2;"32°C":0;"33°C":0;"34°C":0;"35°C or higher":0}
2026-09-07T07:28:47.920Z,202609071520,29.6,2026-09-07T15:00:00+08:00,30,1502,30,2026-09-07T07:00:00.000Z,33,{"25°C or below":0;"26°C":0;"27°C":0;"28°C":0;"29°C":0;"30°C":98;"31°C":2;"32°C":0;"33°C":0;"34°C":0;"35°C or higher":0}
2026-09-07T07:29:19.493Z,202609071520,29.6,2026-09-07T15:00:00+08:00,30,1502,30,2026-09-07T07:00:00.000Z,33,{"25°C or below":0;"26°C":0;"27°C":0;"28°C":0;"29°C":0;"30°C":98;"31°C":2;"32°C":0;"33°C":0;"34°C":0;"35°C or higher":0}
2026-09-07T07:29:51.625Z,202609071520,29.6,2026-09-07T15:00:00+08:00,30,1502,30,2026-09-07T07:00:00.000Z,33,{"25°C or below":0;"26°C":0;"27°C":0;"28°C":0;"29°C":0;"30°C":98;"31°C":2;"32°C":0;"33°C":0;"34°C":0;"35°C or higher":0}
2026-09-07T07:30:23.233Z,202609071520,29.6,2026-09-07T15:00:00+08:00,30,1502,30,2026-09-07T07:00:00.000Z,33,{"25°C or below":0;"26°C":0;"27°C":0;"28°C":0;"29°C":0;"30°C":98;"31°C":2;"32°C":0;"33°C":0;"34°C":0;"35°C or higher":0}
2026-09-07T07:30:55.696Z,202609071520,29.6,2026-09-07T15:00:00+08:00,30,1502,30,2026-09-07T07:00:00.000Z,33,{"25°C or below":0;"26°C":0;"27°C":0;"28°C":0;"29°C":0;"30°C":98;"31°C":2;"32°C":0;"33°C":0;"34°C":0;"35°C or higher":0}
2026-09-07T07:31:26.937Z,202609071520,29.6,2026-09-07T15:00:00+08:00,30,1502,30,2026-09-07T07:00:00.000Z,33,{"25°C or below":0;"26°C":0;"27°C":0;"28°C":0;"29°C":0;"30°C":98;"31°C":2;"32°C":0;"33°C":0;"34°C":0;"35°C or higher":0}
2026-09-07T07:31:58.936Z,202609071520,29.6,2026-09-07T15:00:00+08:00,30,1502,30,2026-09-07T07:30:00.000Z,32,{"25°C or below":0;"26°C":0;"27°C":0;"28°C":0;"29°C":0;"30°C":98;"31°C":2;"32°C":0;"33°C":0;"34°C":0;"35°C or higher":0}
2026-09-07T07:32:30.228Z,202609071520,29.6,2026-09-07T15:00:00+08:00,30,1502,30,2026-09-07T07:30:00.000Z,32,{"25°C or below":0;"26°C":0;"27°C":0;"28°C":0;"29°C":0;"30°C":98;"31°C":2;"32°C":0;"33°C":0;"34°C":0;"35°C or higher":0}
2026-09-07T07:33:01.477Z,202609071520,29.6,2026-09-07T15:00:00+08:00,30,1502,30,2026-09-07T07:30:00.000Z,32,{"25°C or below":0;"26°C":0;"27°C":0;"28°C":0;"29°C":0;"30°C":97;"31°C":4;"32°C":0;"33°C":0;"34°C":0;"35°C or higher":0}
2026-09-07T07:33:33.493Z,202609071520,29.6,2026-09-07T15:00:00+08:00,30,1502,30,2026-09-07T07:30:00.000Z,32,{"25°C or below":0;"26°C":0;"27°C":0;"28°C":0;"29°C":0;"30°C":97;"31°C":4;"32°C":0;"33°C":0;"34°C":0;"35°C or higher":0}
2026-09-07T07:34:05.398Z,202609071520,29.6,2026-09-07T15:00:00+08:00,30,1502,30,2026-09-07T07:30:00.000Z,32,{"25°C or below":0;"26°C":0;"27°C":0;"28°C":0;"29°C":0;"30°C":97;"31°C":4;"32°C":0;"33°C":0;"34°C":0;"35°C or higher":0}
2026-09-07T07:34:37.054Z,202609071520,29.6,2026-09-07T15:00:00+08:00,30,1502,30,2026-09-07T07:30:00.000Z,32,{"25°C or below":0;"26°C":0;"27°C":0;"28°C":0;"29°C":0;"30°C":97;"31°C":4;"32°C":0;"33°C":0;"34°C":0;"35°C or higher":0}
2026-09-07T07:35:09.192Z,202609071520,29.6,2026-09-07T15:00:00+08:00,30,1502,30,2026-09-07T07:30:00.000Z,32,{"25°C or below":0;"26°C":0;"27°C":0;"28°C":0;"29°C":0;"30°C":97;"31°C":4;"32°C":0;"33°C":0;"34°C":0;"35°C or higher":0}
2026-09-07T07:35:40.938Z,202609071520,29.6,2026-09-07T15:00:00+08:00,30,1502,30,2026-09-07T07:30:00.000Z,32,{"25°C or below":0;"26°C":0;"27°C":0;"28°C":0;"29°C":0;"30°C":97;"31°C":4;"32°C":0;"33°C":0;"34°C":0;"35°C or higher":0}
2026-09-07T07:36:12.620Z,202609071520,29.6,2026-09-07T15:00:00+08:00,30,1502,30,2026-09-07T07:30:00.000Z,32,{"25°C or below":0;"26°C":0;"27°C":0;"28°C":0;"29°C":0;"30°C":97;"31°C":4;"32°C":0;"33°C":0;"34°C":0;"35°C or higher":0}
2026-09-07T07:36:43.580Z,202609071520,29.6,2026-09-07T15:00:00+08:00,30,1502,30,2026-09-07T07:30:00.000Z,32,{"25°C or below":0;"26°C":0;"27°C":0;"28°C":0;"29°C":0;"30°C":97;"31°C":4;"32°C":0;"33°C":0;"34°C":0;"35°C or higher":0}
2026-09-07T07:37:14.518Z,202609071520,29.6,2026-09-07T15:00:00+08:00,30,1502,30,2026-09-07T07:30:00.000Z,32,{"25°C or below":0;"26°C":0;"27°C":0;"28°C":0;"29°C":0;"30°C":97;"31°C":4;"32°C":0;"33°C":0;"34°C":0;"35°C or higher":0}
2026-09-07T07:37:47.249Z,202609071520,29.6,2026-09-07T15:00:00+08:00,30,1502,30,2026-09-07T07:30:00.000Z,32,{"25°C or below":0;"26°C":0;"27°C":0;"28°C":0;"29°C":0;"30°C":98;"31°C":2;"32°C":0;"33°C":0;"34°C":0;"35°C or higher":0}
2026-09-07T07:38:18.941Z,202609071520,29.6,2026-09-07T15:00:00+08:00,30,1502,30,2026-09-07T07:30:00.000Z,32,{"25°C or below":0;"26°C":0;"27°C":0;"28°C":0;"29°C":0;"30°C":98;"31°C":2;"32°C":0;"33°C":0;"34°C":0;"35°C or higher":0}
2026-09-07T07:38:50.833Z,202609071530,29.6,2026-09-07T15:00:00+08:00,30,1502,30,2026-09-07T07:30:00.000Z,32,{"25°C or below":0;"26°C":0;"27°C":0;"28°C":0;"29°C":0;"30°C":98;"31°C":2;"32°C":0;"33°C":0;"34°C":0;"35°C or higher":0}
2026-09-07T07:39:22.325Z,202609071530,29.6,2026-09-07T15:00:00+08:00,30,1502,30,2026-09-07T07:30:00.000Z,32,{"25°C or below":0;"26°C":0;"27°C":0;"28°C":0;"29°C":0;"30°C":98;"31°C":2;"32°C":0;"33°C":0;"34°C":0;"35°C or higher":0}
2026-09-07T07:39:53.788Z,202609071530,29.6,2026-09-07T15:00:00+08:00,30,1502,30,2026-09-07T07:30:00.000Z,32,{"25°C or below":0;"26°C":0;"27°C":0;"28°C":0;"29°C":0;"30°C":98;"31°C":2;"32°C":0;"33°C":0;"34°C":0;"35°C or higher":0}
2026-09-07T07:40:25.001Z,202609071530,29.6,2026-09-07T15:00:00+08:00,30,1502,30,2026-09-07T07:30:00.000Z,32,{"25°C or below":0;"26°C":0;"27°C":0;"28°C":0;"29°C":0;"30°C":98;"31°C":2;"32°C":0;"33°C":0;"34°C":0;"35°C or higher":0}
2026-09-07T07:40:56.820Z,202609071530,29.6,2026-09-07T15:00:00+08:00,30,1502,30,2026-09-07T07:30:00.000Z,32,{"25°C or below":0;"26°C":0;"27°C":0;"28°C":0;"29°C":0;"30°C":98;"31°C":2;"32°C":0;"33°C":0;"34°C":0;"35°C or higher":0}
2026-09-07T07:41:28.212Z,202609071530,29.6,2026-09-07T15:00:00+08:00,30,1502,30,2026-09-07T07:30:00.000Z,32,{"25°C or below":0;"26°C":0;"27°C":0;"28°C":0;"29°C":0;"30°C":98;"31°C":2;"32°C":0;"33°C":0;"34°C":0;"35°C or higher":0}
2026-09-07T07:41:59.741Z,202609071530,29.6,2026-09-07T15:00:00+08:00,30,1502,30,2026-09-07T07:30:00.000Z,32,{"25°C or below":0;"26°C":0;"27°C":0;"28°C":0;"29°C":0;"30°C":98;"31°C":2;"32°C":0;"33°C":0;"34°C":0;"35°C or higher":0}
2026-09-07T07:42:31.859Z,202609071530,29.6,2026-09-07T15:00:00+08:00,30,1502,30,2026-09-07T07:30:00.000Z,32,{"25°C or below":0;"26°C":0;"27°C":0;"28°C":0;"29°C":0;"30°C":98;"31°C":2;"32°C":0;"33°C":0;"34°C":0;"35°C or higher":0}
2026-09-07T07:43:03.930Z,202609071530,29.6,2026-09-07T15:00:00+08:00,30,1502,30,2026-09-07T07:30:00.000Z,32,{"25°C or below":0;"26°C":0;"27°C":0;"28°C":0;"29°C":0;"30°C":97;"31°C":2;"32°C":0;"33°C":0;"34°C":0;"35°C or higher":0}
2026-09-07T07:43:35.409Z,202609071530,29.6,2026-09-07T15:00:00+08:00,30,1502,30,2026-09-07T07:30:00.000Z,32,{"25°C or below":0;"26°C":0;"27°C":0;"28°C":0;"29°C":0;"30°C":97;"31°C":2;"32°C":0;"33°C":0;"34°C":0;"35°C or higher":0}
2026-09-07T07:44:06.496Z,202609071530,29.6,2026-09-07T15:00:00+08:00,30,1502,30,2026-09-07T07:30:00.000Z,32,{"25°C or below":0;"26°C":0;"27°C":0;"28°C":0;"29°C":0;"30°C":97;"31°C":2;"32°C":0;"33°C":0;"34°C":0;"35°C or higher":0}
2026-09-07T07:44:37.755Z,202609071530,29.6,2026-09-07T15:00:00+08:00,30,1502,30,2026-09-07T07:30:00.000Z,32,{"25°C or below":0;"26°C":0;"27°C":0;"28°C":0;"29°C":0;"30°C":97;"31°C":2;"32°C":0;"33°C":0;"34°C":0;"35°C or higher":0}
2026-09-07T07:45:09.383Z,202609071530,29.6,2026-09-07T15:00:00+08:00,30,1502,30,2026-09-07T07:30:00.000Z,32,{"25°C or below":0;"26°C":0;"27°C":0;"28°C":0;"29°C":0;"30°C":97;"31°C":2;"32°C":0;"33°C":0;"34°C":0;"35°C or higher":0}
2026-09-07T07:45:40.933Z,202609071530,29.6,2026-09-07T15:00:00+08:00,30,1502,30,2026-09-07T07:30:00.000Z,32,{"25°C or below":0;"26°C":0;"27°C":0;"28°C":0;"29°C":0;"30°C":97;"31°C":2;"32°C":0;"33°C":0;"34°C":0;"35°C or higher":0}
2026-09-07T07:46:12.686Z,202609071530,29.6,2026-09-07T15:00:00+08:00,30,1502,30,2026-09-07T07:30:00.000Z,32,{"25°C or below":0;"26°C":0;"27°C":0;"28°C":0;"29°C":0;"30°C":97;"31°C":2;"32°C":0;"33°C":0;"34°C":0;"35°C or higher":0}
2026-09-07T07:46:43.741Z,202609071530,29.6,2026-09-07T15:00:00+08:00,30,1502,30,2026-09-07T07:30:00.000Z,32,{"25°C or below":0;"26°C":0;"27°C":0;"28°C":0;"29°C":0;"30°C":97;"31°C":2;"32°C":0;"33°C":0;"34°C":0;"35°C or higher":0}
2026-09-07T07:47:15.678Z,202609071530,29.6,2026-09-07T15:00:00+08:00,30,1546,30,2026-09-07T07:30:00.000Z,32,{"25°C or below":0;"26°C":0;"27°C":0;"28°C":0;"29°C":0;"30°C":97;"31°C":2;"32°C":0;"33°C":0;"34°C":0;"35°C or higher":0}
2026-09-07T07:47:46.910Z,202609071540,29.5,2026-09-07T15:00:00+08:00,30,1546,30,2026-09-07T07:30:00.000Z,32,{"25°C or below":0;"26°C":0;"27°C":0;"28°C":0;"29°C":0;"30°C":99;"31°C":2;"32°C":0;"33°C":0;"34°C":0;"35°C or higher":0}
2026-09-07T07:48:18.364Z,202609071540,29.5,2026-09-07T15:00:00+08:00,30,1546,30,2026-09-07T07:30:00.000Z,32,{"25°C or below":0;"26°C":0;"27°C":0;"28°C":0;"29°C":0;"30°C":99;"31°C":2;"32°C":0;"33°C":0;"34°C":0;"35°C or higher":0}
2026-09-07T07:48:49.848Z,202609071540,29.5,2026-09-07T15:00:00+08:00,30,1546,30,2026-09-07T07:30:00.000Z,32,{"25°C or below":0;"26°C":0;"27°C":0;"28°C":0;"29°C":0;"30°C":99;"31°C":2;"32°C":0;"33°C":0;"34°C":0;"35°C or higher":0}
2026-09-07T07:49:20.986Z,202609071540,29.5,2026-09-07T15:00:00+08:00,30,1546,30,2026-09-07T07:30:00.000Z,32,{"25°C or below":0;"26°C":0;"27°C":0;"28°C":0;"29°C":0;"30°C":99;"31°C":2;"32°C":0;"33°C":0;"34°C":0;"35°C or higher":0}
2026-09-07T07:49:52.728Z,202609071540,29.5,2026-09-07T15:00:00+08:00,30,1546,30,2026-09-07T07:30:00.000Z,32,{"25°C or below":0;"26°C":0;"27°C":0;"28°C":0;"29°C":0;"30°C":99;"31°C":2;"32°C":0;"33°C":0;"34°C":0;"35°C or higher":0}
2026-09-07T07:50:24.097Z,202609071540,29.5,2026-09-07T15:00:00+08:00,30,1546,30,2026-09-07T07:30:00.000Z,32,{"25°C or below":0;"26°C":0;"27°C":0;"28°C":0;"29°C":0;"30°C":99;"31°C":2;"32°C":0;"33°C":0;"34°C":0;"35°C or higher":0}
2026-09-07T07:50:55.172Z,202609071540,29.5,2026-09-07T15:00:00+08:00,30,1546,30,2026-09-07T07:30:00.000Z,32,{"25°C or below":0;"26°C":0;"27°C":0;"28°C":0;"29°C":0;"30°C":99;"31°C":2;"32°C":0;"33°C":0;"34°C":0;"35°C or higher":0}
2026-09-07T07:51:27.555Z,202609071540,29.5,2026-09-07T15:00:00+08:00,30,1546,30,2026-09-07T07:30:00.000Z,32,{"25°C or below":0;"26°C":0;"27°C":0;"28°C":0;"29°C":0;"30°C":99;"31°C":2;"32°C":0;"33°C":0;"34°C":0;"35°C or higher":0}
2026-09-07T07:51:59.471Z,202609071540,29.5,2026-09-07T15:00:00+08:00,30,1546,30,2026-09-07T07:30:00.000Z,32,{"25°C or below":0;"26°C":0;"27°C":0;"28°C":0;"29°C":0;"30°C":99;"31°C":2;"32°C":0;"33°C":0;"34°C":0;"35°C or higher":0}
2026-09-07T07:52:30.975Z,202609071540,29.5,2026-09-07T15:00:00+08:00,30,1546,30,2026-09-07T07:30:00.000Z,32,{"25°C or below":0;"26°C":0;"27°C":0;"28°C":0;"29°C":0;"30°C":99;"31°C":2;"32°C":0;"33°C":0;"34°C":0;"35°C or higher":0}
2026-09-07T07:53:02.784Z,202609071540,29.5,2026-09-07T15:00:00+08:00,30,1546,30,2026-09-07T07:30:00.000Z,32,{"25°C or below":0;"26°C":0;"27°C":0;"28°C":0;"29°C":0;"30°C":99;"31°C":2;"32°C":0;"33°C":0;"34°C":0;"35°C or higher":0}
2026-09-07T07:53:33.608Z,202609071540,29.5,2026-09-07T15:00:00+08:00,30,1546,30,2026-09-07T07:30:00.000Z,32,{"25°C or below":0;"26°C":0;"27°C":0;"28°C":0;"29°C":0;"30°C":99;"31°C":2;"32°C":0;"33°C":0;"34°C":0;"35°C or higher":0}
2026-09-07T07:54:05.219Z,202609071540,29.5,2026-09-07T15:00:00+08:00,30,1546,30,2026-09-07T07:30:00.000Z,32,{"25°C or below":0;"26°C":0;"27°C":0;"28°C":0;"29°C":0;"30°C":99;"31°C":2;"32°C":0;"33°C":0;"34°C":0;"35°C or higher":0}
2026-09-07T07:54:36.316Z,202609071540,29.5,2026-09-07T15:00:00+08:00,30,1546,30,2026-09-07T07:30:00.000Z,32,{"25°C or below":0;"26°C":0;"27°C":0;"28°C":0;"29°C":0;"30°C":99;"31°C":2;"32°C":0;"33°C":0;"34°C":0;"35°C or higher":0}
2026-09-07T07:55:07.123Z,202609071540,29.5,2026-09-07T15:00:00+08:00,30,1546,30,,,{"25°C or below":0;"26°C":0;"27°C":0;"28°C":0;"29°C":0;"30°C":99;"31°C":2;"32°C":0;"33°C":0;"34°C":0;"35°C or higher":0}
2026-09-07T07:55:39.073Z,202609071540,29.5,2026-09-07T15:00:00+08:00,30,1546,30,2026-09-07T07:30:00.000Z,32,{"25°C or below":0;"26°C":0;"27°C":0;"28°C":0;"29°C":0;"30°C":99;"31°C":2;"32°C":0;"33°C":0;"34°C":0;"35°C or higher":0}
2026-09-07T07:56:10.596Z,202609071540,29.5,2026-09-07T15:00:00+08:00,30,1546,30,2026-09-07T07:30:00.000Z,32,{"25°C or below":0;"26°C":0;"27°C":0;"28°C":0;"29°C":0;"30°C":99;"31°C":2;"32°C":0;"33°C":0;"34°C":0;"35°C or higher":0}
2026-09-07T07:56:41.844Z,202609071540,29.5,2026-09-07T15:00:00+08:00,30,1546,30,2026-09-07T07:30:00.000Z,32,{"25°C or below":0;"26°C":0;"27°C":0;"28°C":0;"29°C":0;"30°C":99;"31°C":2;"32°C":0;"33°C":0;"34°C":0;"35°C or higher":0}
2026-09-07T07:57:13.641Z,202609071540,29.5,2026-09-07T15:00:00+08:00,30,1546,30,2026-09-07T07:30:00.000Z,32,{"25°C or below":0;"26°C":0;"27°C":0;"28°C":0;"29°C":0;"30°C":99;"31°C":2;"32°C":0;"33°C":0;"34°C":0;"35°C or higher":0}
2026-09-07T07:57:45.339Z,202609071540,29.5,2026-09-07T15:00:00+08:00,30,1546,30,2026-09-07T07:30:00.000Z,32,{"25°C or below":0;"26°C":0;"27°C":0;"28°C":0;"29°C":0;"30°C":99;"31°C":1;"32°C":0;"33°C":0;"34°C":0;"35°C or higher":0}
2026-09-07T07:58:16.769Z,202609071540,29.5,2026-09-07T15:00:00+08:00,30,1546,30,2026-09-07T07:30:00.000Z,32,{"25°C or below":0;"26°C":0;"27°C":0;"28°C":0;"29°C":0;"30°C":99;"31°C":1;"32°C":0;"33°C":0;"34°C":0;"35°C or higher":0}
2026-09-07T07:58:48.028Z,202609071550,29.8,2026-09-07T15:00:00+08:00,30,1546,30,2026-09-07T07:30:00.000Z,32,{"25°C or below":0;"26°C":0;"27°C":0;"28°C":0;"29°C":0;"30°C":99;"31°C":1;"32°C":0;"33°C":0;"34°C":0;"35°C or higher":0}
2026-09-07T07:59:19.502Z,202609071550,29.8,2026-09-07T15:00:00+08:00,30,1546,30,2026-09-07T07:30:00.000Z,32,{"25°C or below":0;"26°C":0;"27°C":0;"28°C":0;"29°C":0;"30°C":99;"31°C":1;"32°C":0;"33°C":0;"34°C":0;"35°C or higher":0}
2026-09-07T07:59:51.022Z,202609071550,29.8,2026-09-07T15:00:00+08:00,30,1546,30,2026-09-07T07:30:00.000Z,32,{"25°C or below":0;"26°C":0;"27°C":0;"28°C":0;"29°C":0;"30°C":99;"31°C":1;"32°C":0;"33°C":0;"34°C":0;"35°C or higher":0}
2026-09-07T08:00:22.526Z,202609071550,29.8,2026-09-07T15:00:00+08:00,30,1546,30,2026-09-07T07:30:00.000Z,32,{"25°C or below":0;"26°C":0;"27°C":0;"28°C":0;"29°C":0;"30°C":99;"31°C":1;"32°C":0;"33°C":0;"34°C":0;"35°C or higher":0}
2026-09-07T08:00:55.814Z,202609071550,29.8,2026-09-07T15:00:00+08:00,30,1546,30,2026-09-07T07:30:00.000Z,32,{"25°C or below":0;"26°C":0;"27°C":0;"28°C":0;"29°C":0;"30°C":99;"31°C":1;"32°C":0;"33°C":0;"34°C":0;"35°C or higher":0}
2026-09-07T08:01:36.347Z,202609071550,29.8,2026-09-07T15:00:00+08:00,30,1546,30,2026-09-07T07:30:00.000Z,32,{"25°C or below":0;"26°C":0;"27°C":0;"28°C":0;"29°C":0;"30°C":99;"31°C":1;"32°C":0;"33°C":0;"34°C":0;"35°C or higher":0}
2026-09-07T08:02:09.917Z,202609071550,29.8,2026-09-07T15:00:00+08:00,30,1546,30,2026-09-07T08:00:00.000Z,31,{"25°C or below":0;"26°C":0;"27°C":0;"28°C":0;"29°C":0;"30°C":99;"31°C":1;"32°C":0;"33°C":0;"34°C":0;"35°C or higher":0}
2026-09-07T08:02:41.541Z,202609071550,29.8,2026-09-07T15:00:00+08:00,30,1546,30,2026-09-07T08:00:00.000Z,31,{"25°C or below":0;"26°C":0;"27°C":0;"28°C":0;"29°C":0;"30°C":98;"31°C":2;"32°C":0;"33°C":0;"34°C":0;"35°C or higher":0}
2026-09-07T08:03:12.669Z,202609071550,29.8,2026-09-07T15:00:00+08:00,30,1602,29,2026-09-07T08:00:00.000Z,31,{"25°C or below":0;"26°C":0;"27°C":0;"28°C":0;"29°C":0;"30°C":98;"31°C":2;"32°C":0;"33°C":0;"34°C":0;"35°C or higher":0}
2026-09-07T08:03:44.432Z,202609071550,29.8,2026-09-07T16:00:00+08:00,29,1602,29,2026-09-07T08:00:00.000Z,31,{"25°C or below":0;"26°C":0;"27°C":0;"28°C":0;"29°C":0;"30°C":98;"31°C":2;"32°C":0;"33°C":0;"34°C":0;"35°C or higher":0}
2026-09-07T08:04:16.537Z,202609071550,29.8,2026-09-07T16:00:00+08:00,29,1602,29,2026-09-07T08:00:00.000Z,31,{"25°C or below":0;"26°C":0;"27°C":0;"28°C":0;"29°C":0;"30°C":98;"31°C":2;"32°C":0;"33°C":0;"34°C":0;"35°C or higher":0}
2026-09-07T08:04:48.316Z,202609071550,29.8,2026-09-07T16:00:00+08:00,29,1602,29,2026-09-07T08:00:00.000Z,31,{"25°C or below":0;"26°C":0;"27°C":0;"28°C":0;"29°C":0;"30°C":98;"31°C":2;"32°C":0;"33°C":0;"34°C":0;"35°C or higher":0}
2026-09-07T08:05:20.075Z,202609071550,29.8,2026-09-07T16:00:00+08:00,29,1602,29,2026-09-07T08:00:00.000Z,31,{"25°C or below":0;"26°C":0;"27°C":0;"28°C":0;"29°C":0;"30°C":98;"31°C":2;"32°C":0;"33°C":0;"34°C":0;"35°C or higher":0}
2026-09-07T08:05:51.899Z,202609071550,29.8,2026-09-07T16:00:00+08:00,29,1602,29,2026-09-07T08:00:00.000Z,31,{"25°C or below":0;"26°C":0;"27°C":0;"28°C":0;"29°C":0;"30°C":98;"31°C":2;"32°C":0;"33°C":0;"34°C":0;"35°C or higher":0}
2026-09-07T08:06:23.658Z,202609071550,29.8,2026-09-07T16:00:00+08:00,29,1602,29,2026-09-07T08:00:00.000Z,31,{"25°C or below":0;"26°C":0;"27°C":0;"28°C":0;"29°C":0;"30°C":98;"31°C":2;"32°C":0;"33°C":0;"34°C":0;"35°C or higher":0}
2026-09-07T08:06:54.640Z,202609071550,29.8,2026-09-07T16:00:00+08:00,29,1602,29,2026-09-07T08:00:00.000Z,31,{"25°C or below":0;"26°C":0;"27°C":0;"28°C":0;"29°C":0;"30°C":98;"31°C":2;"32°C":0;"33°C":0;"34°C":0;"35°C or higher":0}
2026-09-07T08:07:25.741Z,202609071550,29.8,2026-09-07T16:00:00+08:00,29,1602,29,2026-09-07T08:00:00.000Z,31,{"25°C or below":0;"26°C":0;"27°C":0;"28°C":0;"29°C":0;"30°C":98;"31°C":2;"32°C":0;"33°C":0;"34°C":0;"35°C or higher":0}
2026-09-07T08:07:56.792Z,202609071550,29.8,2026-09-07T16:00:00+08:00,29,1602,29,2026-09-07T08:00:00.000Z,31,{"25°C or below":0;"26°C":0;"27°C":0;"28°C":0;"29°C":0;"30°C":99;"31°C":2;"32°C":0;"33°C":0;"34°C":0;"35°C or higher":0}
2026-09-07T08:08:28.197Z,202609071550,29.8,2026-09-07T16:00:00+08:00,29,1602,29,2026-09-07T08:00:00.000Z,31,{"25°C or below":0;"26°C":0;"27°C":0;"28°C":0;"29°C":0;"30°C":99;"31°C":2;"32°C":0;"33°C":0;"34°C":0;"35°C or higher":0}
2026-09-07T08:09:00.321Z,202609071600,29.2,2026-09-07T16:00:00+08:00,29,1602,29,2026-09-07T08:00:00.000Z,31,{"25°C or below":0;"26°C":0;"27°C":0;"28°C":0;"29°C":0;"30°C":99;"31°C":2;"32°C":0;"33°C":0;"34°C":0;"35°C or higher":0}
2026-09-07T08:09:31.962Z,202609071600,29.2,2026-09-07T16:00:00+08:00,29,1602,29,2026-09-07T08:00:00.000Z,31,{"25°C or below":0;"26°C":0;"27°C":0;"28°C":0;"29°C":0;"30°C":99;"31°C":2;"32°C":0;"33°C":0;"34°C":0;"35°C or higher":0}
2026-09-07T08:10:03.246Z,202609071600,29.2,2026-09-07T16:00:00+08:00,29,1602,29,2026-09-07T08:00:00.000Z,31,{"25°C or below":0;"26°C":0;"27°C":0;"28°C":0;"29°C":0;"30°C":99;"31°C":2;"32°C":0;"33°C":0;"34°C":0;"35°C or higher":0}
2026-09-07T08:10:34.175Z,202609071600,29.2,2026-09-07T16:00:00+08:00,29,1602,29,2026-09-07T08:00:00.000Z,31,{"25°C or below":0;"26°C":0;"27°C":0;"28°C":0;"29°C":0;"30°C":99;"31°C":2;"32°C":0;"33°C":0;"34°C":0;"35°C or higher":0}
2026-09-07T08:11:05.169Z,202609071600,29.2,2026-09-07T16:00:00+08:00,29,1602,29,2026-09-07T08:00:00.000Z,31,{"25°C or below":0;"26°C":0;"27°C":0;"28°C":0;"29°C":0;"30°C":99;"31°C":2;"32°C":0;"33°C":0;"34°C":0;"35°C or higher":0}
2026-09-07T08:11:36.240Z,202609071600,29.2,2026-09-07T16:00:00+08:00,29,1602,29,2026-09-07T08:00:00.000Z,31,{"25°C or below":0;"26°C":0;"27°C":0;"28°C":0;"29°C":0;"30°C":99;"31°C":2;"32°C":0;"33°C":0;"34°C":0;"35°C or higher":0}
2026-09-07T08:12:07.856Z,202609071600,29.2,2026-09-07T16:00:00+08:00,29,1602,29,2026-09-07T08:00:00.000Z,31,{"25°C or below":0;"26°C":0;"27°C":0;"28°C":0;"29°C":0;"30°C":99;"31°C":2;"32°C":0;"33°C":0;"34°C":0;"35°C or higher":0}
2026-09-07T08:12:39.600Z,202609071600,29.2,2026-09-07T16:00:00+08:00,29,1602,29,2026-09-07T08:00:00.000Z,31,{"25°C or below":0;"26°C":0;"27°C":0;"28°C":0;"29°C":0;"30°C":100;"31°C":0;"32°C":0;"33°C":0;"34°C":0;"35°C or higher":0}
2026-09-07T08:13:11.671Z,202609071600,29.2,2026-09-07T16:00:00+08:00,29,1602,29,2026-09-07T08:00:00.000Z,31,{"25°C or below":0;"26°C":0;"27°C":0;"28°C":0;"29°C":0;"30°C":100;"31°C":0;"32°C":0;"33°C":0;"34°C":0;"35°C or higher":0}
2026-09-07T08:13:43.291Z,202609071600,29.2,2026-09-07T16:00:00+08:00,29,1602,29,2026-09-07T08:00:00.000Z,31,{"25°C or below":0;"26°C":0;"27°C":0;"28°C":0;"29°C":0;"30°C":100;"31°C":0;"32°C":0;"33°C":0;"34°C":0;"35°C or higher":0}
2026-09-07T08:14:15.315Z,202609071600,29.2,2026-09-07T16:00:00+08:00,29,1602,29,2026-09-07T08:00:00.000Z,31,{"25°C or below":0;"26°C":0;"27°C":0;"28°C":0;"29°C":0;"30°C":100;"31°C":0;"32°C":0;"33°C":0;"34°C":0;"35°C or higher":0}
2026-09-07T08:14:47.287Z,202609071600,29.2,2026-09-07T16:00:00+08:00,29,1602,29,2026-09-07T08:00:00.000Z,31,{"25°C or below":0;"26°C":0;"27°C":0;"28°C":0;"29°C":0;"30°C":100;"31°C":0;"32°C":0;"33°C":0;"34°C":0;"35°C or higher":0}
2026-09-07T08:15:18.452Z,202609071600,29.2,2026-09-07T16:00:00+08:00,29,1602,29,2026-09-07T08:00:00.000Z,31,{"25°C or below":0;"26°C":0;"27°C":0;"28°C":0;"29°C":0;"30°C":100;"31°C":0;"32°C":0;"33°C":0;"34°C":0;"35°C or higher":0}
2026-09-07T08:15:50.313Z,202609071600,29.2,2026-09-07T16:00:00+08:00,29,1602,29,2026-09-07T08:00:00.000Z,31,{"25°C or below":0;"26°C":0;"27°C":0;"28°C":0;"29°C":0;"30°C":100;"31°C":0;"32°C":0;"33°C":0;"34°C":0;"35°C or higher":0}
2026-09-07T08:16:29.957Z,202609071600,29.2,2026-09-07T16:00:00+08:00,29,1602,29,2026-09-07T08:00:00.000Z,31,{"25°C or below":0;"26°C":0;"27°C":0;"28°C":0;"29°C":0;"30°C":100;"31°C":0;"32°C":0;"33°C":0;"34°C":0;"35°C or higher":0}
2026-09-07T08:17:01.582Z,202609071600,29.2,2026-09-07T16:00:00+08:00,29,1602,29,2026-09-07T08:00:00.000Z,31,{"25°C or below":0;"26°C":0;"27°C":0;"28°C":0;"29°C":0;"30°C":100;"31°C":0;"32°C":0;"33°C":0;"34°C":0;"35°C or higher":0}
2026-09-07T08:17:33.195Z,202609071600,29.2,2026-09-07T16:00:00+08:00,29,1602,29,2026-09-07T08:00:00.000Z,31,{"25°C or below":0;"26°C":0;"27°C":0;"28°C":0;"29°C":0;"30°C":100;"31°C":0;"32°C":0;"33°C":0;"34°C":0;"35°C or higher":0}
2026-09-07T08:18:05.530Z,202609071600,29.2,2026-09-07T16:00:00+08:00,29,1602,29,2026-09-07T08:00:00.000Z,31,{"25°C or below":0;"26°C":0;"27°C":0;"28°C":0;"29°C":0;"30°C":100;"31°C":0;"32°C":0;"33°C":0;"34°C":0;"35°C or higher":0}
2026-09-07T08:18:36.476Z,202609071610,28.9,2026-09-07T16:00:00+08:00,29,1602,29,2026-09-07T08:00:00.000Z,31,{"25°C or below":0;"26°C":0;"27°C":0;"28°C":0;"29°C":0;"30°C":100;"31°C":0;"32°C":0;"33°C":0;"34°C":0;"35°C or higher":0}
2026-09-07T08:19:07.704Z,202609071610,28.9,2026-09-07T16:00:00+08:00,29,1602,29,2026-09-07T08:00:00.000Z,31,{"25°C or below":0;"26°C":0;"27°C":0;"28°C":0;"29°C":0;"30°C":100;"31°C":0;"32°C":0;"33°C":0;"34°C":0;"35°C or higher":0}
2026-09-07T08:19:39.144Z,202609071610,28.9,2026-09-07T16:00:00+08:00,29,1602,29,2026-09-07T08:00:00.000Z,31,{"25°C or below":0;"26°C":0;"27°C":0;"28°C":0;"29°C":0;"30°C":100;"31°C":0;"32°C":0;"33°C":0;"34°C":0;"35°C or higher":0}
2026-09-07T08:20:10.062Z,202609071610,28.9,2026-09-07T16:00:00+08:00,29,1602,29,2026-09-07T08:00:00.000Z,31,{"25°C or below":0;"26°C":0;"27°C":0;"28°C":0;"29°C":0;"30°C":100;"31°C":0;"32°C":0;"33°C":0;"34°C":0;"35°C or higher":0}
2026-09-07T08:20:40.842Z,202609071610,28.9,2026-09-07T16:00:00+08:00,29,1602,29,2026-09-07T08:00:00.000Z,31,{"25°C or below":0;"26°C":0;"27°C":0;"28°C":0;"29°C":0;"30°C":100;"31°C":0;"32°C":0;"33°C":0;"34°C":0;"35°C or higher":0}
2026-09-07T08:21:12.258Z,202609071610,28.9,2026-09-07T16:00:00+08:00,29,1602,29,2026-09-07T08:00:00.000Z,31,{"25°C or below":0;"26°C":0;"27°C":0;"28°C":0;"29°C":0;"30°C":100;"31°C":0;"32°C":0;"33°C":0;"34°C":0;"35°C or higher":0}
2026-09-21T04:06:18.523Z,202609211150,32,2026-09-21T12:00:00+08:00,32,1202,32,2026-09-21T04:00:00.000Z,32,{"25°C or below":0;"26°C":0;"27°C":0;"28°C":0;"29°C":0;"30°C":0;"31°C":0;"32°C":45;"33°C":49;"34°C":2;"35°C or higher":0},{"25°C or below":0;"26°C":0;"27°C":0;"28°C":0;"29°C":0;"30°C":0;"31°C":0;"32°C":41;"33°C":53;"34°C":3;"35°C or higher":0}
2026-09-21T04:06:51.892Z,202609211150,32,2026-09-21T12:00:00+08:00,32,1202,32,2026-09-21T04:00:00.000Z,32,{"25°C or below":0;"26°C":0;"27°C":0;"28°C":0;"29°C":0;"30°C":0;"31°C":0;"32°C":45;"33°C":49;"34°C":2;"35°C or higher":0},{"25°C or below":0;"26°C":0;"27°C":0;"28°C":0;"29°C":0;"30°C":0;"31°C":0;"32°C":41;"33°C":53;"34°C":3;"35°C or higher":0}
2026-09-21T04:07:25.202Z,202609211150,32,2026-09-21T12:00:00+08:00,32,1202,32,2026-09-21T04:00:00.000Z,32,{"25°C or below":0;"26°C":0;"27°C":0;"28°C":0;"29°C":0;"30°C":0;"31°C":0;"32°C":45;"33°C":49;"34°C":2;"35°C or higher":0},{"25°C or below":0;"26°C":0;"27°C":0;"28°C":0;"29°C":0;"30°C":0;"31°C":0;"32°C":41;"33°C":52;"34°C":3;"35°C or higher":0}
2026-09-21T04:07:57.858Z,202609211150,32,2026-09-21T12:00:00+08:00,32,1202,32,2026-09-21T04:00:00.000Z,32,{"25°C or below":0;"26°C":0;"27°C":0;"28°C":0;"29°C":0;"30°C":0;"31°C":0;"32°C":45;"33°C":49;"34°C":2;"35°C or higher":0},{"25°C or below":0;"26°C":0;"27°C":0;"28°C":0;"29°C":0;"30°C":0;"31°C":0;"32°C":41;"33°C":53;"34°C":3;"35°C or higher":0}
2026-09-21T04:08:31.051Z,202609211200,32,2026-09-21T12:00:00+08:00,32,1202,32,2026-09-21T04:00:00.000Z,32,{"25°C or below":0;"26°C":0;"27°C":0;"28°C":0;"29°C":0;"30°C":0;"31°C":0;"32°C":45;"33°C":49;"34°C":2;"35°C or higher":0},{"25°C or below":0;"26°C":0;"27°C":0;"28°C":0;"29°C":0;"30°C":0;"31°C":0;"32°C":37;"33°C":53;"34°C":11;"35°C or higher":0}
2026-09-21T04:09:04.117Z,202609211200,32,2026-09-21T12:00:00+08:00,32,1202,32,2026-09-21T04:00:00.000Z,32,{"25°C or below":0;"26°C":0;"27°C":0;"28°C":0;"29°C":0;"30°C":0;"31°C":0;"32°C":41;"33°C":53;"34°C":3;"35°C or higher":0},{"25°C or below":0;"26°C":0;"27°C":0;"28°C":0;"29°C":0;"30°C":0;"31°C":0;"32°C":34;"33°C":52;"34°C":13;"35°C or higher":0}
2026-09-21T04:09:37.259Z,202609211200,32,2026-09-21T12:00:00+08:00,32,1202,32,2026-09-21T04:00:00.000Z,32,{"25°C or below":0;"26°C":0;"27°C":0;"28°C":0;"29°C":0;"30°C":0;"31°C":0;"32°C":41;"33°C":53;"34°C":3;"35°C or higher":0},{"25°C or below":0;"26°C":0;"27°C":0;"28°C":0;"29°C":0;"30°C":0;"31°C":0;"32°C":33;"33°C":53;"34°C":13;"35°C or higher":0}
2026-09-21T04:10:10.615Z,202609211200,32,2026-09-21T12:00:00+08:00,32,1202,32,2026-09-21T04:00:00.000Z,32,{"25°C or below":0;"26°C":0;"27°C":0;"28°C":0;"29°C":0;"30°C":0;"31°C":0;"32°C":41;"33°C":53;"34°C":3;"35°C or higher":0},{"25°C or below":0;"26°C":0;"27°C":0;"28°C":0;"29°C":0;"30°C":0;"31°C":0;"32°C":33;"33°C":53;"34°C":9;"35°C or higher":0}
2026-09-21T04:10:45.253Z,202609211200,32,2026-09-21T12:00:00+08:00,32,1202,32,2026-09-21T04:00:00.000Z,32,{"25°C or below":0;"26°C":0;"27°C":0;"28°C":0;"29°C":0;"30°C":0;"31°C":0;"32°C":41;"33°C":53;"34°C":3;"35°C or higher":0},{"25°C or below":0;"26°C":0;"27°C":0;"28°C":0;"29°C":0;"30°C":0;"31°C":0;"32°C":34;"33°C":51;"34°C":10;"35°C or higher":0}
2026-09-21T04:11:18.977Z,202609211200,32,2026-09-21T12:00:00+08:00,32,1202,32,2026-09-21T04:00:00.000Z,32,{"25°C or below":0;"26°C":0;"27°C":0;"28°C":0;"29°C":0;"30°C":0;"31°C":0;"32°C":41;"33°C":53;"34°C":3;"35°C or higher":0},{"25°C or below":0;"26°C":0;"27°C":0;"28°C":0;"29°C":0;"30°C":0;"31°C":0;"32°C":33;"33°C":53;"34°C":8;"35°C or higher":0}
2026-09-21T04:11:51.870Z,202609211200,32,2026-09-21T12:00:00+08:00,32,1202,32,2026-09-21T04:00:00.000Z,32,{"25°C or below":0;"26°C":0;"27°C":0;"28°C":0;"29°C":0;"30°C":0;"31°C":0;"32°C":41;"33°C":53;"34°C":3;"35°C or higher":0},{"25°C or below":0;"26°C":0;"27°C":0;"28°C":0;"29°C":0;"30°C":0;"31°C":0;"32°C":34;"33°C":53;"34°C":7;"35°C or higher":0}
2026-09-21T04:12:25.900Z,202609211200,32,2026-09-21T12:00:00+08:00,32,1202,32,2026-09-21T04:00:00.000Z,32,{"25°C or below":0;"26°C":0;"27°C":0;"28°C":0;"29°C":0;"30°C":0;"31°C":0;"32°C":41;"33°C":53;"34°C":3;"35°C or higher":0},{"25°C or below":0;"26°C":0;"27°C":0;"28°C":0;"29°C":0;"30°C":0;"31°C":0;"32°C":32;"33°C":54;"34°C":7;"35°C or higher":0}
2026-09-21T04:12:59.458Z,202609211200,32,2026-09-21T12:00:00+08:00,32,1202,32,2026-09-21T04:00:00.000Z,32,{"25°C or below":0;"26°C":0;"27°C":0;"28°C":0;"29°C":0;"30°C":0;"31°C":0;"32°C":41;"33°C":53;"34°C":3;"35°C or higher":0},{"25°C or below":0;"26°C":0;"27°C":0;"28°C":0;"29°C":0;"30°C":0;"31°C":0;"32°C":31;"33°C":56;"34°C":8;"35°C or higher":0}
2026-09-21T04:13:33.050Z,202609211200,32,2026-09-21T12:00:00+08:00,32,1202,32,2026-09-21T04:00:00.000Z,32,{"25°C or below":0;"26°C":0;"27°C":0;"28°C":0;"29°C":0;"30°C":0;"31°C":0;"32°C":41;"33°C":53;"34°C":3;"35°C or higher":0},{"25°C or below":0;"26°C":0;"27°C":0;"28°C":0;"29°C":0;"30°C":0;"31°C":0;"32°C":31;"33°C":57;"34°C":6;"35°C or higher":0}
2026-09-21T04:14:05.924Z,202609211200,32,2026-09-21T12:00:00+08:00,32,1202,32,2026-09-21T04:00:00.000Z,32,{"25°C or below":0;"26°C":0;"27°C":0;"28°C":0;"29°C":0;"30°C":0;"31°C":0;"32°C":34;"33°C":53;"34°C":7;"35°C or higher":0},{"25°C or below":0;"26°C":0;"27°C":0;"28°C":0;"29°C":0;"30°C":0;"31°C":0;"32°C":33;"33°C":57;"34°C":6;"35°C or higher":0}
2026-09-21T04:14:39.217Z,202609211200,32,2026-09-21T12:00:00+08:00,32,1202,32,2026-09-21T04:00:00.000Z,32,{"25°C or below":0;"26°C":0;"27°C":0;"28°C":0;"29°C":0;"30°C":0;"31°C":0;"32°C":34;"33°C":53;"34°C":7;"35°C or higher":0},{"25°C or below":0;"26°C":0;"27°C":0;"28°C":0;"29°C":0;"30°C":0;"31°C":0;"32°C":34;"33°C":57;"34°C":6;"35°C or higher":0}
2026-09-21T04:15:14.996Z,202609211200,32,2026-09-21T12:00:00+08:00,32,1202,32,2026-09-21T04:00:00.000Z,32,{"25°C or below":0;"26°C":0;"27°C":0;"28°C":0;"29°C":0;"30°C":0;"31°C":0;"32°C":34;"33°C":53;"34°C":7;"35°C or higher":0},{"25°C or below":0;"26°C":0;"27°C":0;"28°C":0;"29°C":0;"30°C":0;"31°C":0;"32°C":34;"33°C":57;"34°C":5;"35°C or higher":0}
2026-09-21T04:15:48.785Z,202609211200,32,2026-09-21T12:00:00+08:00,32,1202,32,2026-09-21T04:00:00.000Z,32,{"25°C or below":0;"26°C":0;"27°C":0;"28°C":0;"29°C":0;"30°C":0;"31°C":0;"32°C":34;"33°C":53;"34°C":7;"35°C or higher":0},{"25°C or below":0;"26°C":0;"27°C":0;"28°C":0;"29°C":0;"30°C":0;"31°C":0;"32°C":34;"33°C":57;"34°C":5;"35°C or higher":0}
2026-09-21T04:16:21.592Z,202609211200,32,2026-09-21T12:00:00+08:00,32,1202,32,2026-09-21T04:00:00.000Z,32,{"25°C or below":0;"26°C":0;"27°C":0;"28°C":0;"29°C":0;"30°C":0;"31°C":0;"32°C":34;"33°C":53;"34°C":7;"35°C or higher":0},{"25°C or below":0;"26°C":0;"27°C":0;"28°C":0;"29°C":0;"30°C":0;"31°C":0;"32°C":34;"33°C":57;"34°C":6;"35°C or higher":0}
2026-09-21T04:16:54.674Z,202609211200,32,2026-09-21T12:00:00+08:00,32,1202,32,2026-09-21T04:00:00.000Z,32,{"25°C or below":0;"26°C":0;"27°C":0;"28°C":0;"29°C":0;"30°C":0;"31°C":0;"32°C":34;"33°C":53;"34°C":7;"35°C or higher":0},{"25°C or below":0;"26°C":0;"27°C":0;"28°C":0;"29°C":0;"30°C":0;"31°C":0;"32°C":34;"33°C":57;"34°C":6;"35°C or higher":0}
2026-09-21T04:17:28.221Z,202609211210,32.3,2026-09-21T12:00:00+08:00,32,1202,32,2026-09-21T04:00:00.000Z,32,{"25°C or below":0;"26°C":0;"27°C":0;"28°C":0;"29°C":0;"30°C":0;"31°C":0;"32°C":34;"33°C":53;"34°C":7;"35°C or higher":0},{"25°C or below":0;"26°C":0;"27°C":0;"28°C":0;"29°C":0;"30°C":0;"31°C":0;"32°C":35;"33°C":57;"34°C":6;"35°C or higher":0}
2026-09-21T04:18:01.461Z,202609211210,32.3,2026-09-21T12:00:00+08:00,32,1202,32,2026-09-21T04:00:00.000Z,32,{"25°C or below":0;"26°C":0;"27°C":0;"28°C":0;"29°C":0;"30°C":0;"31°C":0;"32°C":34;"33°C":53;"34°C":7;"35°C or higher":0},{"25°C or below":0;"26°C":0;"27°C":0;"28°C":0;"29°C":0;"30°C":0;"31°C":0;"32°C":35;"33°C":57;"34°C":5;"35°C or higher":0}
2026-09-21T04:18:35.087Z,202609211210,32.3,2026-09-21T12:00:00+08:00,32,1202,32,2026-09-21T04:00:00.000Z,32,{"25°C or below":0;"26°C":0;"27°C":0;"28°C":0;"29°C":0;"30°C":0;"31°C":0;"32°C":34;"33°C":53;"34°C":7;"35°C or higher":0},{"25°C or below":0;"26°C":0;"27°C":0;"28°C":0;"29°C":0;"30°C":0;"31°C":0;"32°C":34;"33°C":58;"34°C":5;"35°C or higher":0}
2026-09-21T04:19:08.693Z,202609211210,32.3,2026-09-21T12:00:00+08:00,32,1202,32,2026-09-21T04:00:00.000Z,32,{"25°C or below":0;"26°C":0;"27°C":0;"28°C":0;"29°C":0;"30°C":0;"31°C":0;"32°C":34;"33°C":57;"34°C":6;"35°C or higher":0},{"25°C or below":0;"26°C":0;"27°C":0;"28°C":0;"29°C":0;"30°C":0;"31°C":0;"32°C":34;"33°C":58;"34°C":5;"35°C or higher":0}
2026-09-21T04:19:41.886Z,202609211210,32.3,2026-09-21T12:00:00+08:00,32,1202,32,2026-09-21T04:00:00.000Z,32,{"25°C or below":0;"26°C":0;"27°C":0;"28°C":0;"29°C":0;"30°C":0;"31°C":0;"32°C":34;"33°C":57;"34°C":6;"35°C or higher":0},{"25°C or below":0;"26°C":0;"27°C":0;"28°C":0;"29°C":0;"30°C":0;"31°C":0;"32°C":34;"33°C":59;"34°C":4;"35°C or higher":0}
2026-09-21T04:20:15.032Z,202609211210,32.3,2026-09-21T12:00:00+08:00,32,1202,32,2026-09-21T04:00:00.000Z,32,{"25°C or below":0;"26°C":0;"27°C":0;"28°C":0;"29°C":0;"30°C":0;"31°C":0;"32°C":34;"33°C":57;"34°C":6;"35°C or higher":0},{"25°C or below":0;"26°C":0;"27°C":0;"28°C":0;"29°C":0;"30°C":0;"31°C":0;"32°C":35;"33°C":60;"34°C":5;"35°C or higher":0}
2026-09-21T04:20:48.671Z,202609211210,32.3,2026-09-21T12:00:00+08:00,32,1202,32,2026-09-21T04:00:00.000Z,32,{"25°C or below":0;"26°C":0;"27°C":0;"28°C":0;"29°C":0;"30°C":0;"31°C":0;"32°C":34;"33°C":57;"34°C":6;"35°C or higher":0},{"25°C or below":0;"26°C":0;"27°C":0;"28°C":0;"29°C":0;"30°C":0;"31°C":0;"32°C":39;"33°C":51;"34°C":4;"35°C or higher":0}
2026-09-21T04:21:21.916Z,202609211210,32.3,2026-09-21T12:00:00+08:00,32,1202,32,2026-09-21T04:00:00.000Z,32,{"25°C or below":0;"26°C":0;"27°C":0;"28°C":0;"29°C":0;"30°C":0;"31°C":0;"32°C":34;"33°C":57;"34°C":6;"35°C or higher":0},{"25°C or below":0;"26°C":0;"27°C":0;"28°C":0;"29°C":0;"30°C":0;"31°C":0;"32°C":37;"33°C":53;"34°C":5;"35°C or higher":0}
2026-09-21T04:21:54.856Z,202609211210,32.3,2026-09-21T12:00:00+08:00,32,1202,32,2026-09-21T04:00:00.000Z,32,{"25°C or below":0;"26°C":0;"27°C":0;"28°C":0;"29°C":0;"30°C":0;"31°C":0;"32°C":34;"33°C":57;"34°C":6;"35°C or higher":0},{"25°C or below":0;"26°C":0;"27°C":0;"28°C":0;"29°C":0;"30°C":0;"31°C":0;"32°C":37;"33°C":53;"34°C":5;"35°C or higher":0}
2026-09-21T04:22:28.131Z,202609211210,32.3,2026-09-21T12:00:00+08:00,32,1202,32,2026-09-21T04:00:00.000Z,32,{"25°C or below":0;"26°C":0;"27°C":0;"28°C":0;"29°C":0;"30°C":0;"31°C":0;"32°C":34;"33°C":57;"34°C":6;"35°C or higher":0},{"25°C or below":0;"26°C":0;"27°C":0;"28°C":0;"29°C":0;"30°C":0;"31°C":0;"32°C":35;"33°C":54;"34°C":6;"35°C or higher":0}
2026-09-21T04:23:01.672Z,202609211210,32.3,2026-09-21T12:00:00+08:00,32,1202,32,2026-09-21T04:00:00.000Z,32,{"25°C or below":0;"26°C":0;"27°C":0;"28°C":0;"29°C":0;"30°C":0;"31°C":0;"32°C":34;"33°C":57;"34°C":6;"35°C or higher":0},{"25°C or below":0;"26°C":0;"27°C":0;"28°C":0;"29°C":0;"30°C":0;"31°C":0;"32°C":36;"33°C":57;"34°C":6;"35°C or higher":0}
2026-09-21T04:23:35.451Z,202609211210,32.3,2026-09-21T12:00:00+08:00,32,1202,32,2026-09-21T04:00:00.000Z,32,{"25°C or below":0;"26°C":0;"27°C":0;"28°C":0;"29°C":0;"30°C":0;"31°C":0;"32°C":34;"33°C":57;"34°C":6;"35°C or higher":0},{"25°C or below":0;"26°C":0;"27°C":0;"28°C":0;"29°C":0;"30°C":0;"31°C":0;"32°C":35;"33°C":57;"34°C":6;"35°C or higher":0}
2026-09-21T04:24:09.305Z,202609211210,32.3,2026-09-21T12:00:00+08:00,32,1202,32,2026-09-21T04:00:00.000Z,32,{"25°C or below":0;"26°C":0;"27°C":0;"28°C":0;"29°C":0;"30°C":0;"31°C":0;"32°C":37;"33°C":53;"34°C":5;"35°C or higher":0},{"25°C or below":0;"26°C":0;"27°C":0;"28°C":0;"29°C":0;"30°C":0;"31°C":0;"32°C":35;"33°C":57;"34°C":6;"35°C or higher":0}
2026-09-21T04:24:42.716Z,202609211210,32.3,2026-09-21T12:00:00+08:00,32,1202,32,2026-09-21T04:00:00.000Z,32,{"25°C or below":0;"26°C":0;"27°C":0;"28°C":0;"29°C":0;"30°C":0;"31°C":0;"32°C":37;"33°C":53;"34°C":5;"35°C or higher":0},{"25°C or below":0;"26°C":0;"27°C":0;"28°C":0;"29°C":0;"30°C":0;"31°C":0;"32°C":34;"33°C":57;"34°C":6;"35°C or higher":0}
2026-09-21T04:25:15.985Z,202609211210,32.3,2026-09-21T12:00:00+08:00,32,1202,32,2026-09-21T04:00:00.000Z,32,{"25°C or below":0;"26°C":0;"27°C":0;"28°C":0;"29°C":0;"30°C":0;"31°C":0;"32°C":37;"33°C":53;"34°C":5;"35°C or higher":0},{"25°C or below":0;"26°C":0;"27°C":0;"28°C":0;"29°C":0;"30°C":0;"31°C":0;"32°C":33;"33°C":59;"34°C":6;"35°C or higher":0}
2026-09-21T04:25:50.976Z,202609211210,32.3,2026-09-21T12:00:00+08:00,32,1202,32,2026-09-21T04:00:00.000Z,32,{"25°C or below":0;"26°C":0;"27°C":0;"28°C":0;"29°C":0;"30°C":0;"31°C":0;"32°C":37;"33°C":53;"34°C":5;"35°C or higher":0},{"25°C or below":0;"26°C":0;"27°C":0;"28°C":0;"29°C":0;"30°C":0;"31°C":0;"32°C":33;"33°C":59;"34°C":6;"35°C or higher":0}
2026-09-21T04:26:23.714Z,202609211210,32.3,2026-09-21T12:00:00+08:00,32,1202,32,2026-09-21T04:00:00.000Z,32,{"25°C or below":0;"26°C":0;"27°C":0;"28°C":0;"29°C":0;"30°C":0;"31°C":0;"32°C":37;"33°C":53;"34°C":5;"35°C or higher":0},{"25°C or below":0;"26°C":0;"27°C":0;"28°C":0;"29°C":0;"30°C":0;"31°C":0;"32°C":33;"33°C":59;"34°C":6;"35°C or higher":0}
2026-09-21T04:26:57.184Z,202609211210,32.3,2026-09-21T12:00:00+08:00,32,1202,32,2026-09-21T04:00:00.000Z,32,{"25°C or below":0;"26°C":0;"27°C":0;"28°C":0;"29°C":0;"30°C":0;"31°C":0;"32°C":37;"33°C":53;"34°C":5;"35°C or higher":0},{"25°C or below":0;"26°C":0;"27°C":0;"28°C":0;"29°C":0;"30°C":0;"31°C":0;"32°C":29;"33°C":64;"34°C":7;"35°C or higher":0}
2026-09-21T04:27:29.958Z,202609211210,32.3,2026-09-21T12:00:00+08:00,32,1202,32,2026-09-21T04:00:00.000Z,32,{"25°C or below":0;"26°C":0;"27°C":0;"28°C":0;"29°C":0;"30°C":0;"31°C":0;"32°C":37;"33°C":53;"34°C":5;"35°C or higher":0},{"25°C or below":0;"26°C":0;"27°C":0;"28°C":0;"29°C":0;"30°C":0;"31°C":0;"32°C":28;"33°C":63;"34°C":7;"35°C or higher":0}
2026-09-21T04:28:03.613Z,202609211220,32.6,2026-09-21T12:00:00+08:00,32,1202,32,2026-09-21T04:00:00.000Z,32,{"25°C or below":0;"26°C":0;"27°C":0;"28°C":0;"29°C":0;"30°C":0;"31°C":0;"32°C":37;"33°C":53;"34°C":5;"35°C or higher":0},{"25°C or below":0;"26°C":0;"27°C":0;"28°C":0;"29°C":0;"30°C":0;"31°C":0;"32°C":29;"33°C":63;"34°C":7;"35°C or higher":0}
2026-09-21T04:28:36.329Z,202609211220,32.6,2026-09-21T12:00:00+08:00,32,1202,32,2026-09-21T04:00:00.000Z,32,{"25°C or below":0;"26°C":0;"27°C":0;"28°C":0;"29°C":0;"30°C":0;"31°C":0;"32°C":37;"33°C":53;"34°C":5;"35°C or higher":0},{"25°C or below":0;"26°C":0;"27°C":0;"28°C":0;"29°C":0;"30°C":0;"31°C":0;"32°C":28;"33°C":62;"34°C":7;"35°C or higher":0}
2026-09-21T04:29:09.528Z,202609211220,32.6,2026-09-21T12:00:00+08:00,32,1202,32,2026-09-21T04:00:00.000Z,32,{"25°C or below":0;"26°C":0;"27°C":0;"28°C":0;"29°C":0;"30°C":0;"31°C":0;"32°C":27;"33°C":64;"34°C":7;"35°C or higher":0},{"25°C or below":0;"26°C":0;"27°C":0;"28°C":0;"29°C":0;"30°C":0;"31°C":0;"32°C":27;"33°C":62;"34°C":7;"35°C or higher":0}
2026-09-21T04:29:43.107Z,202609211220,32.6,2026-09-21T12:00:00+08:00,32,1202,32,2026-09-21T04:00:00.000Z,32,{"25°C or below":0;"26°C":0;"27°C":0;"28°C":0;"29°C":0;"30°C":0;"31°C":0;"32°C":27;"33°C":64;"34°C":7;"35°C or higher":0},{"25°C or below":0;"26°C":0;"27°C":0;"28°C":0;"29°C":0;"30°C":0;"31°C":0;"32°C":27;"33°C":65;"34°C":7;"35°C or higher":0}
2026-09-21T04:30:16.294Z,202609211220,32.6,2026-09-21T12:00:00+08:00,32,1202,32,2026-09-21T04:00:00.000Z,32,{"25°C or below":0;"26°C":0;"27°C":0;"28°C":0;"29°C":0;"30°C":0;"31°C":0;"32°C":27;"33°C":64;"34°C":7;"35°C or higher":0},{"25°C or below":0;"26°C":0;"27°C":0;"28°C":0;"29°C":0;"30°C":0;"31°C":0;"32°C":27;"33°C":65;"34°C":7;"35°C or higher":0}
2026-09-21T04:30:49.602Z,202609211220,32.6,2026-09-21T12:00:00+08:00,32,1202,32,2026-09-21T04:00:00.000Z,32,{"25°C or below":0;"26°C":0;"27°C":0;"28°C":0;"29°C":0;"30°C":0;"31°C":0;"32°C":27;"33°C":64;"34°C":7;"35°C or higher":0},{"25°C or below":0;"26°C":0;"27°C":0;"28°C":0;"29°C":0;"30°C":0;"31°C":0;"32°C":28;"33°C":65;"34°C":7;"35°C or higher":0}
2026-09-21T04:31:23.478Z,202609211220,32.6,2026-09-21T12:00:00+08:00,32,1202,32,2026-09-21T04:00:00.000Z,32,{"25°C or below":0;"26°C":0;"27°C":0;"28°C":0;"29°C":0;"30°C":0;"31°C":0;"32°C":27;"33°C":64;"34°C":7;"35°C or higher":0},{"25°C or below":0;"26°C":0;"27°C":0;"28°C":0;"29°C":0;"30°C":0;"31°C":0;"32°C":25;"33°C":65;"34°C":7;"35°C or higher":0}
2026-09-21T04:31:56.534Z,202609211220,32.6,2026-09-21T12:00:00+08:00,32,1202,32,2026-09-21T04:00:00.000Z,32,{"25°C or below":0;"26°C":0;"27°C":0;"28°C":0;"29°C":0;"30°C":0;"31°C":0;"32°C":27;"33°C":64;"34°C":7;"35°C or higher":0},{"25°C or below":0;"26°C":0;"27°C":0;"28°C":0;"29°C":0;"30°C":0;"31°C":0;"32°C":26;"33°C":65;"34°C":7;"35°C or higher":0}
2026-09-21T04:32:29.657Z,202609211220,32.6,2026-09-21T12:00:00+08:00,32,1202,32,2026-09-21T04:00:00.000Z,32,{"25°C or below":0;"26°C":0;"27°C":0;"28°C":0;"29°C":0;"30°C":0;"31°C":0;"32°C":27;"33°C":64;"34°C":7;"35°C or higher":0},{"25°C or below":0;"26°C":0;"27°C":0;"28°C":0;"29°C":0;"30°C":0;"31°C":0;"32°C":23;"33°C":73;"34°C":8;"35°C or higher":0}
2026-09-21T04:33:02.797Z,202609211220,32.6,2026-09-21T12:00:00+08:00,32,1202,32,2026-09-21T04:30:00.000Z,32,{"25°C or below":0;"26°C":0;"27°C":0;"28°C":0;"29°C":0;"30°C":0;"31°C":0;"32°C":27;"33°C":64;"34°C":7;"35°C or higher":0},{"25°C or below":0;"26°C":0;"27°C":0;"28°C":0;"29°C":0;"30°C":0;"31°C":0;"32°C":21;"33°C":72;"34°C":7;"35°C or higher":0}
2026-09-21T04:33:35.958Z,202609211220,32.6,2026-09-21T12:00:00+08:00,32,1202,32,2026-09-21T04:30:00.000Z,32,{"25°C or below":0;"26°C":0;"27°C":0;"28°C":0;"29°C":0;"30°C":0;"31°C":0;"32°C":27;"33°C":64;"34°C":7;"35°C or higher":0},{"25°C or below":0;"26°C":0;"27°C":0;"28°C":0;"29°C":0;"30°C":0;"31°C":0;"32°C":20;"33°C":72;"34°C":8;"35°C or higher":0}
2026-09-21T04:34:10.359Z,202609211220,32.6,2026-09-21T12:00:00+08:00,32,1202,32,2026-09-21T04:30:00.000Z,32,{"25°C or below":0;"26°C":0;"27°C":0;"28°C":0;"29°C":0;"30°C":0;"31°C":0;"32°C":26;"33°C":65;"34°C":7;"35°C or higher":0},{"25°C or below":0;"26°C":0;"27°C":0;"28°C":0;"29°C":0;"30°C":0;"31°C":0;"32°C":20;"33°C":74;"34°C":12;"35°C or higher":0}
2026-09-21T04:34:45.371Z,202609211220,32.6,2026-09-21T12:00:00+08:00,32,1202,32,2026-09-21T04:30:00.000Z,32,{"25°C or below":0;"26°C":0;"27°C":0;"28°C":0;"29°C":0;"30°C":0;"31°C":0;"32°C":26;"33°C":65;"34°C":7;"35°C or higher":0},{"25°C or below":0;"26°C":0;"27°C":0;"28°C":0;"29°C":0;"30°C":0;"31°C":0;"32°C":18;"33°C":74;"34°C":12;"35°C or higher":0}
2026-09-21T04:35:18.550Z,202609211220,32.6,2026-09-21T12:00:00+08:00,32,1202,32,2026-09-21T04:30:00.000Z,32,{"25°C or below":0;"26°C":0;"27°C":0;"28°C":0;"29°C":0;"30°C":0;"31°C":0;"32°C":26;"33°C":65;"34°C":7;"35°C or higher":0},{"25°C or below":0;"26°C":0;"27°C":0;"28°C":0;"29°C":0;"30°C":0;"31°C":0;"32°C":18;"33°C":73;"34°C":11;"35°C or higher":0}
2026-09-21T04:35:51.046Z,202609211220,32.6,2026-09-21T12:00:00+08:00,32,1202,32,2026-09-21T04:30:00.000Z,32,{"25°C or below":0;"26°C":0;"27°C":0;"28°C":0;"29°C":0;"30°C":0;"31°C":0;"32°C":26;"33°C":65;"34°C":7;"35°C or higher":0},{"25°C or below":0;"26°C":0;"27°C":0;"28°C":0;"29°C":0;"30°C":0;"31°C":0;"32°C":13;"33°C":76;"34°C":13;"35°C or higher":0}
2026-09-21T04:36:28.321Z,202609211220,32.6,2026-09-21T12:00:00+08:00,32,1202,32,2026-09-21T04:30:00.000Z,32,{"25°C or below":0;"26°C":0;"27°C":0;"28°C":0;"29°C":0;"30°C":0;"31°C":0;"32°C":26;"33°C":65;"34°C":7;"35°C or higher":0},{"25°C or below":0;"26°C":0;"27°C":0;"28°C":0;"29°C":0;"30°C":0;"31°C":0;"32°C":9;"33°C":79;"34°C":17;"35°C or higher":0}
2026-09-21T04:37:02.257Z,202609211220,32.6,2026-09-21T12:00:00+08:00,32,1202,32,2026-09-21T04:30:00.000Z,32,{"25°C or below":0;"26°C":0;"27°C":0;"28°C":0;"29°C":0;"30°C":0;"31°C":0;"32°C":26;"33°C":65;"34°C":7;"35°C or higher":0},{"25°C or below":0;"26°C":0;"27°C":0;"28°C":0;"29°C":0;"30°C":0;"31°C":0;"32°C":9;"33°C":79;"34°C":16;"35°C or higher":0}
2026-09-21T04:37:35.122Z,202609211220,32.6,2026-09-21T12:00:00+08:00,32,1202,32,2026-09-21T04:30:00.000Z,32,{"25°C or below":0;"26°C":0;"27°C":0;"28°C":0;"29°C":0;"30°C":0;"31°C":0;"32°C":26;"33°C":65;"34°C":7;"35°C or higher":0},{"25°C or below":0;"26°C":0;"27°C":0;"28°C":0;"29°C":0;"30°C":0;"31°C":0;"32°C":13;"33°C":77;"34°C":16;"35°C or higher":0}
2026-09-21T04:38:08.321Z,202609211220,32.6,2026-09-21T12:00:00+08:00,32,1202,32,2026-09-21T04:30:00.000Z,32,{"25°C or below":0;"26°C":0;"27°C":0;"28°C":0;"29°C":0;"30°C":0;"31°C":0;"32°C":26;"33°C":65;"34°C":7;"35°C or higher":0},{"25°C or below":0;"26°C":0;"27°C":0;"28°C":0;"29°C":0;"30°C":0;"31°C":0;"32°C":14;"33°C":76;"34°C":13;"35°C or higher":0}
2026-09-21T04:38:40.922Z,202609211230,32.7,2026-09-21T12:00:00+08:00,32,1202,32,2026-09-21T04:30:00.000Z,32,{"25°C or below":0;"26°C":0;"27°C":0;"28°C":0;"29°C":0;"30°C":0;"31°C":0;"32°C":26;"33°C":65;"34°C":7;"35°C or higher":0},{"25°C or below":0;"26°C":0;"27°C":0;"28°C":0;"29°C":0;"30°C":0;"31°C":0;"32°C":14;"33°C":76;"34°C":12;"35°C or higher":0}
2026-09-21T04:39:13.518Z,202609211230,32.7,2026-09-21T12:00:00+08:00,32,1202,32,2026-09-21T04:30:00.000Z,32,{"25°C or below":0;"26°C":0;"27°C":0;"28°C":0;"29°C":0;"30°C":0;"31°C":0;"32°C":13;"33°C":77;"34°C":15;"35°C or higher":0},{"25°C or below":0;"26°C":0;"27°C":0;"28°C":0;"29°C":0;"30°C":0;"31°C":0;"32°C":12;"33°C":79;"34°C":13;"35°C or higher":0}
2026-09-21T04:39:46.518Z,202609211230,32.7,2026-09-21T12:00:00+08:00,32,1202,32,2026-09-21T04:30:00.000Z,32,{"25°C or below":0;"26°C":0;"27°C":0;"28°C":0;"29°C":0;"30°C":0;"31°C":0;"32°C":13;"33°C":77;"34°C":15;"35°C or higher":0},{"25°C or below":0;"26°C":0;"27°C":0;"28°C":0;"29°C":0;"30°C":0;"31°C":0;"32°C":13;"33°C":78;"34°C":13;"35°C or higher":0}
2026-09-21T04:40:19.158Z,202609211230,32.7,2026-09-21T12:00:00+08:00,32,1202,32,2026-09-21T04:30:00.000Z,32,{"25°C or below":0;"26°C":0;"27°C":0;"28°C":0;"29°C":0;"30°C":0;"31°C":0;"32°C":13;"33°C":77;"34°C":15;"35°C or higher":0},{"25°C or below":0;"26°C":0;"27°C":0;"28°C":0;"29°C":0;"30°C":0;"31°C":0;"32°C":14;"33°C":77;"34°C":13;"35°C or higher":0}
2026-09-21T04:40:52.455Z,202609211230,32.7,2026-09-21T12:00:00+08:00,32,1202,32,2026-09-21T04:30:00.000Z,32,{"25°C or below":0;"26°C":0;"27°C":0;"28°C":0;"29°C":0;"30°C":0;"31°C":0;"32°C":13;"33°C":77;"34°C":15;"35°C or higher":0},{"25°C or below":0;"26°C":0;"27°C":0;"28°C":0;"29°C":0;"30°C":0;"31°C":0;"32°C":16;"33°C":75;"34°C":13;"35°C or higher":0}
2026-09-21T04:41:25.622Z,202609211230,32.7,2026-09-21T12:00:00+08:00,32,1202,32,2026-09-21T04:30:00.000Z,32,{"25°C or below":0;"26°C":0;"27°C":0;"28°C":0;"29°C":0;"30°C":0;"31°C":0;"32°C":13;"33°C":77;"34°C":15;"35°C or higher":0},{"25°C or below":0;"26°C":0;"27°C":0;"28°C":0;"29°C":0;"30°C":0;"31°C":0;"32°C":18;"33°C":75;"34°C":13;"35°C or higher":0}
2026-09-21T04:41:59.184Z,202609211230,32.7,2026-09-21T12:00:00+08:00,32,1202,32,2026-09-21T04:30:00.000Z,32,{"25°C or below":0;"26°C":0;"27°C":0;"28°C":0;"29°C":0;"30°C":0;"31°C":0;"32°C":13;"33°C":77;"34°C":15;"35°C or higher":0},{"25°C or below":0;"26°C":0;"27°C":0;"28°C":0;"29°C":0;"30°C":0;"31°C":0;"32°C":18;"33°C":75;"34°C":13;"35°C or higher":0}
2026-09-21T04:42:32.351Z,202609211230,32.7,2026-09-21T12:00:00+08:00,32,1202,32,2026-09-21T04:30:00.000Z,32,{"25°C or below":0;"26°C":0;"27°C":0;"28°C":0;"29°C":0;"30°C":0;"31°C":0;"32°C":13;"33°C":77;"34°C":15;"35°C or higher":0},{"25°C or below":0;"26°C":0;"27°C":0;"28°C":0;"29°C":0;"30°C":0;"31°C":0;"32°C":19;"33°C":75;"34°C":9;"35°C or higher":0}
2026-09-21T04:43:05.420Z,202609211230,32.7,2026-09-21T12:00:00+08:00,32,1202,32,2026-09-21T04:30:00.000Z,32,{"25°C or below":0;"26°C":0;"27°C":0;"28°C":0;"29°C":0;"30°C":0;"31°C":0;"32°C":13;"33°C":77;"34°C":15;"35°C or higher":0},{"25°C or below":0;"26°C":0;"27°C":0;"28°C":0;"29°C":0;"30°C":0;"31°C":0;"32°C":21;"33°C":75;"34°C":9;"35°C or higher":0}
2026-09-21T04:43:38.311Z,202609211230,32.7,2026-09-21T12:00:00+08:00,32,1202,32,2026-09-21T04:30:00.000Z,32,{"25°C or below":0;"26°C":0;"27°C":0;"28°C":0;"29°C":0;"30°C":0;"31°C":0;"32°C":13;"33°C":77;"34°C":15;"35°C or higher":0},{"25°C or below":0;"26°C":0;"27°C":0;"28°C":0;"29°C":0;"30°C":0;"31°C":0;"32°C":20;"33°C":75;"34°C":9;"35°C or higher":0}
2026-09-21T04:44:11.165Z,202609211230,32.7,2026-09-21T12:00:00+08:00,32,1202,32,2026-09-21T04:30:00.000Z,32,{"25°C or below":0;"26°C":0;"27°C":0;"28°C":0;"29°C":0;"30°C":0;"31°C":0;"32°C":18;"33°C":75;"34°C":13;"35°C or higher":0},{"25°C or below":0;"26°C":0;"27°C":0;"28°C":0;"29°C":0;"30°C":0;"31°C":0;"32°C":21;"33°C":75;"34°C":9;"35°C or higher":0}
2026-09-21T04:44:44.676Z,202609211230,32.7,2026-09-21T12:00:00+08:00,32,1202,32,2026-09-21T04:30:00.000Z,32,{"25°C or below":0;"26°C":0;"27°C":0;"28°C":0;"29°C":0;"30°C":0;"31°C":0;"32°C":18;"33°C":75;"34°C":13;"35°C or higher":0},{"25°C or below":0;"26°C":0;"27°C":0;"28°C":0;"29°C":0;"30°C":0;"31°C":0;"32°C":20;"33°C":75;"34°C":9;"35°C or higher":0}
2026-09-21T04:45:17.765Z,202609211230,32.7,2026-09-21T12:00:00+08:00,32,1202,32,2026-09-21T04:30:00.000Z,32,{"25°C or below":0;"26°C":0;"27°C":0;"28°C":0;"29°C":0;"30°C":0;"31°C":0;"32°C":18;"33°C":75;"34°C":13;"35°C or higher":0},{"25°C or below":0;"26°C":0;"27°C":0;"28°C":0;"29°C":0;"30°C":0;"31°C":0;"32°C":21;"33°C":74;"34°C":9;"35°C or higher":0}
2026-09-21T04:45:51.052Z,202609211230,32.7,2026-09-21T12:00:00+08:00,32,1202,32,2026-09-21T04:30:00.000Z,32,{"25°C or below":0;"26°C":0;"27°C":0;"28°C":0;"29°C":0;"30°C":0;"31°C":0;"32°C":18;"33°C":75;"34°C":13;"35°C or higher":0},{"25°C or below":0;"26°C":0;"27°C":0;"28°C":0;"29°C":0;"30°C":0;"31°C":0;"32°C":21;"33°C":74;"34°C":9;"35°C or higher":0}
2026-09-21T04:46:24.325Z,202609211230,32.7,2026-09-21T12:00:00+08:00,32,1202,32,2026-09-21T04:30:00.000Z,32,{"25°C or below":0;"26°C":0;"27°C":0;"28°C":0;"29°C":0;"30°C":0;"31°C":0;"32°C":18;"33°C":75;"34°C":13;"35°C or higher":0},{"25°C or below":0;"26°C":0;"27°C":0;"28°C":0;"29°C":0;"30°C":0;"31°C":0;"32°C":18;"33°C":78;"34°C":8;"35°C or higher":0}
2026-09-21T04:46:57.254Z,202609211230,32.7,2026-09-21T12:00:00+08:00,32,1202,32,2026-09-21T04:30:00.000Z,32,{"25°C or below":0;"26°C":0;"27°C":0;"28°C":0;"29°C":0;"30°C":0;"31°C":0;"32°C":18;"33°C":75;"34°C":13;"35°C or higher":0},{"25°C or below":0;"26°C":0;"27°C":0;"28°C":0;"29°C":0;"30°C":0;"31°C":0;"32°C":18;"33°C":77;"34°C":9;"35°C or higher":0}
2026-09-21T04:47:29.840Z,202609211230,32.7,2026-09-21T12:00:00+08:00,32,1202,32,2026-09-21T04:30:00.000Z,32,{"25°C or below":0;"26°C":0;"27°C":0;"28°C":0;"29°C":0;"30°C":0;"31°C":0;"32°C":18;"33°C":75;"34°C":13;"35°C or higher":0},{"25°C or below":0;"26°C":0;"27°C":0;"28°C":0;"29°C":0;"30°C":0;"31°C":0;"32°C":31;"33°C":58;"34°C":12;"35°C or higher":0}
2026-09-21T04:48:03.006Z,202609211230,32.7,2026-09-21T12:00:00+08:00,32,1202,32,2026-09-21T04:30:00.000Z,32,{"25°C or below":0;"26°C":0;"27°C":0;"28°C":0;"29°C":0;"30°C":0;"31°C":0;"32°C":18;"33°C":75;"34°C":13;"35°C or higher":0},{"25°C or below":0;"26°C":0;"27°C":0;"28°C":0;"29°C":0;"30°C":0;"31°C":0;"32°C":34;"33°C":56;"34°C":8;"35°C or higher":0}
2026-09-21T04:48:35.748Z,202609211240,32.3,2026-09-21T12:00:00+08:00,32,1202,32,2026-09-21T04:30:00.000Z,32,{"25°C or below":0;"26°C":0;"27°C":0;"28°C":0;"29°C":0;"30°C":0;"31°C":0;"32°C":18;"33°C":75;"34°C":13;"35°C or higher":0},{"25°C or below":0;"26°C":0;"27°C":0;"28°C":0;"29°C":0;"30°C":0;"31°C":0;"32°C":41;"33°C":49;"34°C":9;"35°C or higher":0}
2026-09-21T04:49:09.030Z,202609211240,32.3,2026-09-21T12:00:00+08:00,32,1202,32,2026-09-21T04:30:00.000Z,32,{"25°C or below":0;"26°C":0;"27°C":0;"28°C":0;"29°C":0;"30°C":0;"31°C":0;"32°C":28;"33°C":57;"34°C":11;"35°C or higher":0},{"25°C or below":0;"26°C":0;"27°C":0;"28°C":0;"29°C":0;"30°C":0;"31°C":0;"32°C":43;"33°C":49;"34°C":10;"35°C or higher":0}
2026-09-21T04:49:42.142Z,202609211240,32.3,2026-09-21T12:00:00+08:00,32,1202,32,2026-09-21T04:30:00.000Z,32,{"25°C or below":0;"26°C":0;"27°C":0;"28°C":0;"29°C":0;"30°C":0;"31°C":0;"32°C":28;"33°C":57;"34°C":11;"35°C or higher":0},{"25°C or below":0;"26°C":0;"27°C":0;"28°C":0;"29°C":0;"30°C":0;"31°C":0;"32°C":44;"33°C":48;"34°C":8;"35°C or higher":0}
2026-09-21T04:50:15.138Z,202609211240,32.3,2026-09-21T12:00:00+08:00,32,1202,32,2026-09-21T04:30:00.000Z,32,{"25°C or below":0;"26°C":0;"27°C":0;"28°C":0;"29°C":0;"30°C":0;"31°C":0;"32°C":28;"33°C":57;"34°C":11;"35°C or higher":0},{"25°C or below":0;"26°C":0;"27°C":0;"28°C":0;"29°C":0;"30°C":0;"31°C":0;"32°C":44;"33°C":47;"34°C":9;"35°C or higher":0}
2026-09-21T04:50:48.856Z,202609211240,32.3,2026-09-21T12:00:00+08:00,32,1202,32,2026-09-21T04:30:00.000Z,32,{"25°C or below":0;"26°C":0;"27°C":0;"28°C":0;"29°C":0;"30°C":0;"31°C":0;"32°C":28;"33°C":57;"34°C":11;"35°C or higher":0},{"25°C or below":0;"26°C":0;"27°C":0;"28°C":0;"29°C":0;"30°C":0;"31°C":0;"32°C":50;"33°C":47;"34°C":9;"35°C or higher":0}
2026-09-21T04:51:22.023Z,202609211240,32.3,2026-09-21T12:00:00+08:00,32,1202,32,2026-09-21T04:30:00.000Z,32,{"25°C or below":0;"26°C":0;"27°C":0;"28°C":0;"29°C":0;"30°C":0;"31°C":0;"32°C":28;"33°C":57;"34°C":11;"35°C or higher":0},{"25°C or below":0;"26°C":0;"27°C":0;"28°C":0;"29°C":0;"30°C":0;"31°C":0;"32°C":48;"33°C":44;"34°C":8;"35°C or higher":0}
2026-09-21T04:51:54.831Z,202609211240,32.3,2026-09-21T12:00:00+08:00,32,1202,32,2026-09-21T04:30:00.000Z,32,{"25°C or below":0;"26°C":0;"27°C":0;"28°C":0;"29°C":0;"30°C":0;"31°C":0;"32°C":28;"33°C":57;"34°C":11;"35°C or higher":0},{"25°C or below":0;"26°C":0;"27°C":0;"28°C":0;"29°C":0;"30°C":0;"31°C":0;"32°C":50;"33°C":38;"34°C":9;"35°C or higher":0}
2026-09-21T04:52:27.782Z,202609211240,32.3,2026-09-21T12:00:00+08:00,32,1202,32,2026-09-21T04:30:00.000Z,32,{"25°C or below":0;"26°C":0;"27°C":0;"28°C":0;"29°C":0;"30°C":0;"31°C":0;"32°C":28;"33°C":57;"34°C":11;"35°C or higher":0},{"25°C or below":0;"26°C":0;"27°C":0;"28°C":0;"29°C":0;"30°C":0;"31°C":0;"32°C":51;"33°C":38;"34°C":8;"35°C or higher":0}
2026-09-21T04:53:00.717Z,202609211240,32.3,2026-09-21T12:00:00+08:00,32,1202,32,2026-09-21T04:30:00.000Z,32,{"25°C or below":0;"26°C":0;"27°C":0;"28°C":0;"29°C":0;"30°C":0;"31°C":0;"32°C":28;"33°C":57;"34°C":11;"35°C or higher":0},{"25°C or below":0;"26°C":0;"27°C":0;"28°C":0;"29°C":0;"30°C":0;"31°C":0;"32°C":51;"33°C":37;"34°C":8;"35°C or higher":0}
2026-09-21T04:53:33.943Z,202609211240,32.3,2026-09-21T12:00:00+08:00,32,1202,32,2026-09-21T04:30:00.000Z,32,{"25°C or below":0;"26°C":0;"27°C":0;"28°C":0;"29°C":0;"30°C":0;"31°C":0;"32°C":28;"33°C":57;"34°C":11;"35°C or higher":0},{"25°C or below":0;"26°C":0;"27°C":0;"28°C":0;"29°C":0;"30°C":0;"31°C":0;"32°C":52;"33°C":37;"34°C":9;"35°C or higher":0}
2026-09-21T04:54:06.908Z,202609211240,32.3,2026-09-21T12:00:00+08:00,32,1202,32,2026-09-21T04:30:00.000Z,32,{"25°C or below":0;"26°C":0;"27°C":0;"28°C":0;"29°C":0;"30°C":0;"31°C":0;"32°C":51;"33°C":38;"34°C":9;"35°C or higher":0},{"25°C or below":0;"26°C":0;"27°C":0;"28°C":0;"29°C":0;"30°C":0;"31°C":0;"32°C":52;"33°C":38;"34°C":9;"35°C or higher":0}
2026-09-21T04:54:39.787Z,202609211240,32.3,2026-09-21T12:00:00+08:00,32,1202,32,2026-09-21T04:30:00.000Z,32,{"25°C or below":0;"26°C":0;"27°C":0;"28°C":0;"29°C":0;"30°C":0;"31°C":0;"32°C":51;"33°C":38;"34°C":9;"35°C or higher":0},{"25°C or below":0;"26°C":0;"27°C":0;"28°C":0;"29°C":0;"30°C":0;"31°C":0;"32°C":53;"33°C":37;"34°C":9;"35°C or higher":0}
2026-09-21T04:55:14.625Z,202609211240,32.3,2026-09-21T12:00:00+08:00,32,1202,32,2026-09-21T04:30:00.000Z,32,{"25°C or below":0;"26°C":0;"27°C":0;"28°C":0;"29°C":0;"30°C":0;"31°C":0;"32°C":51;"33°C":38;"34°C":9;"35°C or higher":0},{"25°C or below":0;"26°C":0;"27°C":0;"28°C":0;"29°C":0;"30°C":0;"31°C":0;"32°C":56;"33°C":35;"34°C":8;"35°C or higher":0}
2026-09-21T04:55:47.608Z,202609211240,32.3,2026-09-21T12:00:00+08:00,32,1202,32,2026-09-21T04:30:00.000Z,32,{"25°C or below":0;"26°C":0;"27°C":0;"28°C":0;"29°C":0;"30°C":0;"31°C":0;"32°C":51;"33°C":38;"34°C":9;"35°C or higher":0},{"25°C or below":0;"26°C":0;"27°C":0;"28°C":0;"29°C":0;"30°C":0;"31°C":0;"32°C":56;"33°C":36;"34°C":9;"35°C or higher":0}
2026-09-21T04:56:20.673Z,202609211240,32.3,2026-09-21T12:00:00+08:00,32,1202,32,2026-09-21T04:30:00.000Z,32,{"25°C or below":0;"26°C":0;"27°C":0;"28°C":0;"29°C":0;"30°C":0;"31°C":0;"32°C":51;"33°C":38;"34°C":9;"35°C or higher":0},{"25°C or below":0;"26°C":0;"27°C":0;"28°C":0;"29°C":0;"30°C":0;"31°C":0;"32°C":56;"33°C":31;"34°C":9;"35°C or higher":0}
2026-09-21T04:56:54.121Z,202609211240,32.3,2026-09-21T12:00:00+08:00,32,1202,32,2026-09-21T04:30:00.000Z,32,{"25°C or below":0;"26°C":0;"27°C":0;"28°C":0;"29°C":0;"30°C":0;"31°C":0;"32°C":51;"33°C":38;"34°C":9;"35°C or higher":0},{"25°C or below":0;"26°C":0;"27°C":0;"28°C":0;"29°C":0;"30°C":0;"31°C":0;"32°C":59;"33°C":31;"34°C":8;"35°C or higher":0}
2026-09-21T04:57:27.276Z,202609211240,32.3,2026-09-21T12:00:00+08:00,32,1202,32,2026-09-21T04:30:00.000Z,32,{"25°C or below":0;"26°C":0;"27°C":0;"28°C":0;"29°C":0;"30°C":0;"31°C":0;"32°C":51;"33°C":38;"34°C":9;"35°C or higher":0},{"25°C or below":0;"26°C":0;"27°C":0;"28°C":0;"29°C":0;"30°C":0;"31°C":0;"32°C":63;"33°C":31;"34°C":6;"35°C or higher":0}
2026-09-21T04:58:00.663Z,202609211240,32.3,2026-09-21T12:00:00+08:00,32,1202,32,2026-09-21T04:30:00.000Z,32,{"25°C or below":0;"26°C":0;"27°C":0;"28°C":0;"29°C":0;"30°C":0;"31°C":0;"32°C":51;"33°C":38;"34°C":9;"35°C or higher":0},{"25°C or below":0;"26°C":0;"27°C":0;"28°C":0;"29°C":0;"30°C":0;"31°C":0;"32°C":66;"33°C":29;"34°C":8;"35°C or higher":0}
2026-09-21T04:58:34.260Z,202609211250,31.9,2026-09-21T12:00:00+08:00,32,1202,32,2026-09-21T04:30:00.000Z,32,{"25°C or below":0;"26°C":0;"27°C":0;"28°C":0;"29°C":0;"30°C":0;"31°C":0;"32°C":51;"33°C":38;"34°C":9;"35°C or higher":0},{"25°C or below":0;"26°C":0;"27°C":0;"28°C":0;"29°C":0;"30°C":0;"31°C":0;"32°C":64;"33°C":30;"34°C":8;"35°C or higher":0}
2026-09-21T04:59:08.585Z,202609211250,31.9,2026-09-21T12:00:00+08:00,32,1202,32,2026-09-21T04:30:00.000Z,32,{"25°C or below":0;"26°C":0;"27°C":0;"28°C":0;"29°C":0;"30°C":0;"31°C":0;"32°C":67;"33°C":23;"34°C":8;"35°C or higher":0},{"25°C or below":0;"26°C":0;"27°C":0;"28°C":0;"29°C":0;"30°C":0;"31°C":0;"32°C":64;"33°C":30;"34°C":5;"35°C or higher":0}
2026-09-21T04:59:41.971Z,202609211250,31.9,2026-09-21T12:00:00+08:00,32,1202,32,2026-09-21T04:30:00.000Z,32,{"25°C or below":0;"26°C":0;"27°C":0;"28°C":0;"29°C":0;"30°C":0;"31°C":0;"32°C":67;"33°C":23;"34°C":8;"35°C or higher":0},{"25°C or below":0;"26°C":0;"27°C":0;"28°C":0;"29°C":0;"30°C":0;"31°C":0;"32°C":65;"33°C":27;"34°C":7;"35°C or higher":0}
2026-09-21T05:00:14.902Z,202609211250,31.9,2026-09-21T12:00:00+08:00,32,1202,32,2026-09-21T04:30:00.000Z,32,{"25°C or below":0;"26°C":0;"27°C":0;"28°C":0;"29°C":0;"30°C":0;"31°C":0;"32°C":67;"33°C":23;"34°C":8;"35°C or higher":0},{"25°C or below":0;"26°C":0;"27°C":0;"28°C":0;"29°C":0;"30°C":0;"31°C":0;"32°C":66;"33°C":27;"34°C":5;"35°C or higher":0}
2026-09-21T05:00:48.069Z,202609211250,31.9,2026-09-21T12:00:00+08:00,32,1202,32,2026-09-21T04:30:00.000Z,32,{"25°C or below":0;"26°C":0;"27°C":0;"28°C":0;"29°C":0;"30°C":0;"31°C":0;"32°C":67;"33°C":23;"34°C":8;"35°C or higher":0},{"25°C or below":0;"26°C":0;"27°C":0;"28°C":0;"29°C":0;"30°C":0;"31°C":0;"32°C":75;"33°C":18;"34°C":4;"35°C or higher":0}
2026-09-21T05:01:20.803Z,202609211250,31.9,2026-09-21T12:00:00+08:00,32,1202,32,2026-09-21T04:30:00.000Z,32,{"25°C or below":0;"26°C":0;"27°C":0;"28°C":0;"29°C":0;"30°C":0;"31°C":0;"32°C":67;"33°C":23;"34°C":8;"35°C or higher":0},{"25°C or below":0;"26°C":0;"27°C":0;"28°C":0;"29°C":0;"30°C":0;"31°C":0;"32°C":77;"33°C":20;"34°C":5;"35°C or higher":0}
2026-09-21T05:01:53.724Z,202609211250,31.9,2026-09-21T12:00:00+08:00,32,1202,32,2026-09-21T04:30:00.000Z,32,{"25°C or below":0;"26°C":0;"27°C":0;"28°C":0;"29°C":0;"30°C":0;"31°C":0;"32°C":67;"33°C":23;"34°C":8;"35°C or higher":0},{"25°C or below":0;"26°C":0;"27°C":0;"28°C":0;"29°C":0;"30°C":0;"31°C":0;"32°C":79;"33°C":16;"34°C":5;"35°C or higher":0}
2026-09-21T05:02:26.558Z,202609211250,31.9,2026-09-21T12:00:00+08:00,32,1202,32,2026-09-21T04:30:00.000Z,32,{"25°C or below":0;"26°C":0;"27°C":0;"28°C":0;"29°C":0;"30°C":0;"31°C":0;"32°C":67;"33°C":23;"34°C":8;"35°C or higher":0},{"25°C or below":0;"26°C":0;"27°C":0;"28°C":0;"29°C":0;"30°C":0;"31°C":0;"32°C":68;"33°C":17;"34°C":4;"35°C or higher":0}
2026-09-21T05:02:59.942Z,202609211250,31.9,2026-09-21T12:00:00+08:00,32,1302,32,2026-09-21T04:30:00.000Z,32,{"25°C or below":0;"26°C":0;"27°C":0;"28°C":0;"29°C":0;"30°C":0;"31°C":0;"32°C":67;"33°C":23;"34°C":8;"35°C or higher":0},{"25°C or below":0;"26°C":0;"27°C":0;"28°C":0;"29°C":0;"30°C":0;"31°C":0;"32°C":71;"33°C":17;"34°C":4;"35°C or higher":0}
2026-09-21T05:03:32.938Z,202609211250,31.9,2026-09-21T13:00:00+08:00,32,1302,32,2026-09-21T04:30:00.000Z,32,{"25°C or below":0;"26°C":0;"27°C":0;"28°C":0;"29°C":0;"30°C":0;"31°C":0;"32°C":67;"33°C":23;"34°C":8;"35°C or higher":0},{"25°C or below":0;"26°C":0;"27°C":0;"28°C":0;"29°C":0;"30°C":0;"31°C":0;"32°C":68;"33°C":17;"34°C":3;"35°C or higher":0}
2026-09-21T05:04:06.133Z,202609211250,31.9,2026-09-21T13:00:00+08:00,32,1302,32,2026-09-21T04:30:00.000Z,32,{"25°C or below":0;"26°C":0;"27°C":0;"28°C":0;"29°C":0;"30°C":0;"31°C":0;"32°C":79;"33°C":16;"34°C":5;"35°C or higher":0},{"25°C or below":0;"26°C":0;"27°C":0;"28°C":0;"29°C":0;"30°C":0;"31°C":0;"32°C":68;"33°C":24;"34°C":4;"35°C or higher":0}
2026-09-21T05:04:39.247Z,202609211250,31.9,2026-09-21T13:00:00+08:00,32,1302,32,2026-09-21T05:00:00.000Z,32,{"25°C or below":0;"26°C":0;"27°C":0;"28°C":0;"29°C":0;"30°C":0;"31°C":0;"32°C":79;"33°C":16;"34°C":5;"35°C or higher":0},{"25°C or below":0;"26°C":0;"27°C":0;"28°C":0;"29°C":0;"30°C":0;"31°C":0;"32°C":72;"33°C":24;"34°C":4;"35°C or higher":0}
2026-09-21T05:05:12.948Z,202609211250,31.9,2026-09-21T13:00:00+08:00,32,1302,32,2026-09-21T05:00:00.000Z,32,{"25°C or below":0;"26°C":0;"27°C":0;"28°C":0;"29°C":0;"30°C":0;"31°C":0;"32°C":79;"33°C":16;"34°C":5;"35°C or higher":0},{"25°C or below":0;"26°C":0;"27°C":0;"28°C":0;"29°C":0;"30°C":0;"31°C":0;"32°C":75;"33°C":23;"34°C":4;"35°C or higher":0}
2026-09-21T05:05:46.059Z,202609211250,31.9,2026-09-21T13:00:00+08:00,32,1302,32,2026-09-21T05:00:00.000Z,32,{"25°C or below":0;"26°C":0;"27°C":0;"28°C":0;"29°C":0;"30°C":0;"31°C":0;"32°C":79;"33°C":16;"34°C":5;"35°C or higher":0},{"25°C or below":0;"26°C":0;"27°C":0;"28°C":0;"29°C":0;"30°C":0;"31°C":0;"32°C":72;"33°C":25;"34°C":4;"35°C or higher":0}
2026-09-21T05:06:19.767Z,202609211250,31.9,2026-09-21T13:00:00+08:00,32,1302,32,2026-09-21T05:00:00.000Z,32,{"25°C or below":0;"26°C":0;"27°C":0;"28°C":0;"29°C":0;"30°C":0;"31°C":0;"32°C":79;"33°C":16;"34°C":5;"35°C or higher":0},{"25°C or below":0;"26°C":0;"27°C":0;"28°C":0;"29°C":0;"30°C":0;"31°C":0;"32°C":74;"33°C":26;"34°C":3;"35°C or higher":0}
2026-09-21T05:06:53.054Z,202609211250,31.9,2026-09-21T13:00:00+08:00,32,1302,32,2026-09-21T05:00:00.000Z,32,{"25°C or below":0;"26°C":0;"27°C":0;"28°C":0;"29°C":0;"30°C":0;"31°C":0;"32°C":79;"33°C":16;"34°C":5;"35°C or higher":0},{"25°C or below":0;"26°C":0;"27°C":0;"28°C":0;"29°C":0;"30°C":0;"31°C":0;"32°C":74;"33°C":25;"34°C":2;"35°C or higher":0}
2026-09-21T05:07:26.504Z,202609211250,31.9,2026-09-21T13:00:00+08:00,32,1302,32,2026-09-21T05:00:00.000Z,32,{"25°C or below":0;"26°C":0;"27°C":0;"28°C":0;"29°C":0;"30°C":0;"31°C":0;"32°C":79;"33°C":16;"34°C":5;"35°C or higher":0},{"25°C or below":0;"26°C":0;"27°C":0;"28°C":0;"29°C":0;"30°C":0;"31°C":0;"32°C":55;"33°C":43;"34°C":2;"35°C or higher":0}
2026-09-21T05:07:59.763Z,202609211250,31.9,2026-09-21T13:00:00+08:00,32,1302,32,2026-09-21T05:00:00.000Z,32,{"25°C or below":0;"26°C":0;"27°C":0;"28°C":0;"29°C":0;"30°C":0;"31°C":0;"32°C":79;"33°C":16;"34°C":5;"35°C or higher":0},{"25°C or below":0;"26°C":0;"27°C":0;"28°C":0;"29°C":0;"30°C":0;"31°C":0;"32°C":68;"33°C":27;"34°C":2;"35°C or higher":0}
2026-09-21T05:08:32.949Z,202609211250,31.9,2026-09-21T13:00:00+08:00,32,1302,32,2026-09-21T05:00:00.000Z,32,{"25°C or below":0;"26°C":0;"27°C":0;"28°C":0;"29°C":0;"30°C":0;"31°C":0;"32°C":79;"33°C":16;"34°C":5;"35°C or higher":0},{"25°C or below":0;"26°C":0;"27°C":0;"28°C":0;"29°C":0;"30°C":0;"31°C":0;"32°C":53;"33°C":45;"34°C":2;"35°C or higher":0}
2026-09-21T05:09:05.987Z,202609211300,31.6,2026-09-21T13:00:00+08:00,32,1302,32,2026-09-21T05:00:00.000Z,32,{"25°C or below":0;"26°C":0;"27°C":0;"28°C":0;"29°C":0;"30°C":0;"31°C":0;"32°C":68;"33°C":27;"34°C":2;"35°C or higher":0},{"25°C or below":0;"26°C":0;"27°C":0;"28°C":0;"29°C":0;"30°C":0;"31°C":0;"32°C":49;"33°C":47;"34°C":2;"35°C or higher":0}
2026-09-21T05:09:39.379Z,202609211300,31.6,2026-09-21T13:00:00+08:00,32,1302,32,2026-09-21T05:00:00.000Z,32,{"25°C or below":0;"26°C":0;"27°C":0;"28°C":0;"29°C":0;"30°C":0;"31°C":0;"32°C":68;"33°C":27;"34°C":2;"35°C or higher":0},{"25°C or below":0;"26°C":0;"27°C":0;"28°C":0;"29°C":0;"30°C":0;"31°C":0;"32°C":53;"33°C":45;"34°C":2;"35°C or higher":0}
2026-09-21T05:10:13.019Z,202609211300,31.6,2026-09-21T13:00:00+08:00,32,1302,32,2026-09-21T05:00:00.000Z,32,{"25°C or below":0;"26°C":0;"27°C":0;"28°C":0;"29°C":0;"30°C":0;"31°C":0;"32°C":68;"33°C":27;"34°C":2;"35°C or higher":0},{"25°C or below":0;"26°C":0;"27°C":0;"28°C":0;"29°C":0;"30°C":0;"31°C":0;"32°C":69;"33°C":49;"34°C":2;"35°C or higher":0}
2026-09-21T05:10:46.087Z,202609211300,31.6,2026-09-21T13:00:00+08:00,32,1302,32,2026-09-21T05:00:00.000Z,32,{"25°C or below":0;"26°C":0;"27°C":0;"28°C":0;"29°C":0;"30°C":0;"31°C":0;"32°C":68;"33°C":27;"34°C":2;"35°C or higher":0},{"25°C or below":0;"26°C":0;"27°C":0;"28°C":0;"29°C":0;"30°C":0;"31°C":0;"32°C":61;"33°C":47;"34°C":2;"35°C or higher":0}
2026-09-21T05:11:20.168Z,202609211300,31.6,2026-09-21T13:00:00+08:00,32,1302,32,2026-09-21T05:00:00.000Z,32,{"25°C or below":0;"26°C":0;"27°C":0;"28°C":0;"29°C":0;"30°C":0;"31°C":0;"32°C":68;"33°C":27;"34°C":2;"35°C or higher":0},{"25°C or below":0;"26°C":0;"27°C":0;"28°C":0;"29°C":0;"30°C":0;"31°C":0;"32°C":57;"33°C":39;"34°C":3;"35°C or higher":0}
2026-09-21T05:11:52.894Z,202609211300,31.6,2026-09-21T13:00:00+08:00,32,1302,32,2026-09-21T05:00:00.000Z,32,{"25°C or below":0;"26°C":0;"27°C":0;"28°C":0;"29°C":0;"30°C":0;"31°C":0;"32°C":68;"33°C":27;"34°C":2;"35°C or higher":0},{"25°C or below":0;"26°C":0;"27°C":0;"28°C":0;"29°C":0;"30°C":0;"31°C":0;"32°C":60;"33°C":41;"34°C":3;"35°C or higher":0}
2026-09-21T05:12:26.272Z,202609211300,31.6,2026-09-21T13:00:00+08:00,32,1302,32,2026-09-21T05:00:00.000Z,32,{"25°C or below":0;"26°C":0;"27°C":0;"28°C":0;"29°C":0;"30°C":0;"31°C":0;"32°C":68;"33°C":27;"34°C":2;"35°C or higher":0},{"25°C or below":0;"26°C":0;"27°C":0;"28°C":0;"29°C":0;"30°C":0;"31°C":0;"32°C":62;"33°C":45;"34°C":2;"35°C or higher":0}
2026-09-21T05:12:59.441Z,202609211300,31.6,2026-09-21T13:00:00+08:00,32,1302,32,2026-09-21T05:00:00.000Z,32,{"25°C or below":0;"26°C":0;"27°C":0;"28°C":0;"29°C":0;"30°C":0;"31°C":0;"32°C":68;"33°C":27;"34°C":2;"35°C or higher":0},{"25°C or below":0;"26°C":0;"27°C":0;"28°C":0;"29°C":0;"30°C":0;"31°C":0;"32°C":65;"33°C":36;"34°C":2;"35°C or higher":0}
2026-09-21T05:13:32.281Z,202609211300,31.6,2026-09-21T13:00:00+08:00,32,1302,32,2026-09-21T05:00:00.000Z,32,{"25°C or below":0;"26°C":0;"27°C":0;"28°C":0;"29°C":0;"30°C":0;"31°C":0;"32°C":68;"33°C":27;"34°C":2;"35°C or higher":0},{"25°C or below":0;"26°C":0;"27°C":0;"28°C":0;"29°C":0;"30°C":0;"31°C":0;"32°C":67;"33°C":40;"34°C":2;"35°C or higher":0}
2026-09-21T05:14:05.156Z,202609211300,31.6,2026-09-21T13:00:00+08:00,32,1302,32,2026-09-21T05:00:00.000Z,32,{"25°C or below":0;"26°C":0;"27°C":0;"28°C":0;"29°C":0;"30°C":0;"31°C":0;"32°C":61;"33°C":43;"34°C":3;"35°C or higher":0},{"25°C or below":0;"26°C":0;"27°C":0;"28°C":0;"29°C":0;"30°C":0;"31°C":0;"32°C":66;"33°C":36;"34°C":2;"35°C or higher":0}
2026-09-21T05:14:38.650Z,202609211300,31.6,2026-09-21T13:00:00+08:00,32,1302,32,2026-09-21T05:00:00.000Z,32,{"25°C or below":0;"26°C":0;"27°C":0;"28°C":0;"29°C":0;"30°C":0;"31°C":0;"32°C":61;"33°C":43;"34°C":3;"35°C or higher":0},{"25°C or below":0;"26°C":0;"27°C":0;"28°C":0;"29°C":0;"30°C":0;"31°C":0;"32°C":65;"33°C":32;"34°C":2;"35°C or higher":0}
2026-09-21T05:15:12.386Z,202609211300,31.6,2026-09-21T13:00:00+08:00,32,1302,32,2026-09-21T05:00:00.000Z,32,{"25°C or below":0;"26°C":0;"27°C":0;"28°C":0;"29°C":0;"30°C":0;"31°C":0;"32°C":61;"33°C":43;"34°C":3;"35°C or higher":0},{"25°C or below":0;"26°C":0;"27°C":0;"28°C":0;"29°C":0;"30°C":0;"31°C":0;"32°C":64;"33°C":30;"34°C":2;"35°C or higher":0}
2026-09-21T05:15:45.804Z,202609211300,31.6,2026-09-21T13:00:00+08:00,32,1302,32,2026-09-21T05:00:00.000Z,32,{"25°C or below":0;"26°C":0;"27°C":0;"28°C":0;"29°C":0;"30°C":0;"31°C":0;"32°C":61;"33°C":43;"34°C":3;"35°C or higher":0},{"25°C or below":0;"26°C":0;"27°C":0;"28°C":0;"29°C":0;"30°C":0;"31°C":0;"32°C":68;"33°C":29;"34°C":2;"35°C or higher":0}
2026-09-21T05:16:33.458Z,202609211300,31.6,2026-09-21T13:00:00+08:00,32,1302,32,2026-09-21T05:00:00.000Z,32,{"25°C or below":0;"26°C":0;"27°C":0;"28°C":0;"29°C":0;"30°C":0;"31°C":0;"32°C":61;"33°C":43;"34°C":3;"35°C or higher":0},{"25°C or below":0;"26°C":0;"27°C":0;"28°C":0;"29°C":0;"30°C":0;"31°C":0;"32°C":72;"33°C":26;"34°C":2;"35°C or higher":0}
2026-09-21T05:17:06.318Z,202609211300,31.6,2026-09-21T13:00:00+08:00,32,1302,32,2026-09-21T05:00:00.000Z,32,{"25°C or below":0;"26°C":0;"27°C":0;"28°C":0;"29°C":0;"30°C":0;"31°C":0;"32°C":61;"33°C":43;"34°C":3;"35°C or higher":0},{"25°C or below":0;"26°C":0;"27°C":0;"28°C":0;"29°C":0;"30°C":0;"31°C":0;"32°C":66;"33°C":33;"34°C":2;"35°C or higher":0}
2026-09-21T05:17:39.419Z,202609211300,31.6,2026-09-21T13:00:00+08:00,32,1302,32,2026-09-21T05:00:00.000Z,32,{"25°C or below":0;"26°C":0;"27°C":0;"28°C":0;"29°C":0;"30°C":0;"31°C":0;"32°C":61;"33°C":43;"34°C":3;"35°C or higher":0},{"25°C or below":0;"26°C":0;"27°C":0;"28°C":0;"29°C":0;"30°C":0;"31°C":0;"32°C":64;"33°C":32;"34°C":2;"35°C or higher":0}
2026-09-21T05:18:12.782Z,202609211300,31.6,2026-09-21T13:00:00+08:00,32,1302,32,2026-09-21T05:00:00.000Z,32,{"25°C or below":0;"26°C":0;"27°C":0;"28°C":0;"29°C":0;"30°C":0;"31°C":0;"32°C":61;"33°C":43;"34°C":3;"35°C or higher":0},{"25°C or below":0;"26°C":0;"27°C":0;"28°C":0;"29°C":0;"30°C":0;"31°C":0;"32°C":64;"33°C":33;"34°C":2;"35°C or higher":0}
2026-09-21T05:18:46.649Z,202609211310,31.7,2026-09-21T13:00:00+08:00,32,1302,32,2026-09-21T05:00:00.000Z,32,{"25°C or below":0;"26°C":0;"27°C":0;"28°C":0;"29°C":0;"30°C":0;"31°C":0;"32°C":61;"33°C":43;"34°C":3;"35°C or higher":0},{"25°C or below":0;"26°C":0;"27°C":0;"28°C":0;"29°C":0;"30°C":0;"31°C":0;"32°C":64;"33°C":33;"34°C":2;"35°C or higher":0}
2026-09-21T05:19:20.143Z,202609211310,31.7,2026-09-21T13:00:00+08:00,32,1302,32,2026-09-21T05:00:00.000Z,32,{"25°C or below":0;"26°C":0;"27°C":0;"28°C":0;"29°C":0;"30°C":0;"31°C":0;"32°C":64;"33°C":32;"34°C":2;"35°C or higher":0},{"25°C or below":0;"26°C":0;"27°C":0;"28°C":0;"29°C":0;"30°C":0;"31°C":0;"32°C":64;"33°C":33;"34°C":1;"35°C or higher":0}
2026-09-21T05:19:53.393Z,202609211310,31.7,2026-09-21T13:00:00+08:00,32,1302,32,2026-09-21T05:00:00.000Z,32,{"25°C or below":0;"26°C":0;"27°C":0;"28°C":0;"29°C":0;"30°C":0;"31°C":0;"32°C":64;"33°C":32;"34°C":2;"35°C or higher":0},{"25°C or below":0;"26°C":0;"27°C":0;"28°C":0;"29°C":0;"30°C":0;"31°C":0;"32°C":60;"33°C":37;"34°C":1;"35°C or higher":0}
2026-09-21T05:20:26.498Z,202609211310,31.7,2026-09-21T13:00:00+08:00,32,1302,32,2026-09-21T05:00:00.000Z,32,{"25°C or below":0;"26°C":0;"27°C":0;"28°C":0;"29°C":0;"30°C":0;"31°C":0;"32°C":64;"33°C":32;"34°C":2;"35°C or higher":0},{"25°C or below":0;"26°C":0;"27°C":0;"28°C":0;"29°C":0;"30°C":0;"31°C":0;"32°C":61;"33°C":36;"34°C":1;"35°C or higher":0}
2026-09-21T05:20:59.444Z,202609211310,31.7,2026-09-21T13:00:00+08:00,32,1302,32,2026-09-21T05:00:00.000Z,32,{"25°C or below":0;"26°C":0;"27°C":0;"28°C":0;"29°C":0;"30°C":0;"31°C":0;"32°C":64;"33°C":32;"34°C":2;"35°C or higher":0},{"25°C or below":0;"26°C":0;"27°C":0;"28°C":0;"29°C":0;"30°C":0;"31°C":0;"32°C":61;"33°C":36;"34°C":1;"35°C or higher":0}
2026-09-21T05:21:32.422Z,202609211310,31.7,2026-09-21T13:00:00+08:00,32,1302,32,2026-09-21T05:00:00.000Z,32,{"25°C or below":0;"26°C":0;"27°C":0;"28°C":0;"29°C":0;"30°C":0;"31°C":0;"32°C":64;"33°C":32;"34°C":2;"35°C or higher":0},{"25°C or below":0;"26°C":0;"27°C":0;"28°C":0;"29°C":0;"30°C":0;"31°C":0;"32°C":56;"33°C":35;"34°C":1;"35°C or higher":0}
2026-09-21T05:22:05.350Z,202609211310,31.7,2026-09-21T13:00:00+08:00,32,1302,32,2026-09-21T05:00:00.000Z,32,{"25°C or below":0;"26°C":0;"27°C":0;"28°C":0;"29°C":0;"30°C":0;"31°C":0;"32°C":64;"33°C":32;"34°C":2;"35°C or higher":0},{"25°C or below":0;"26°C":0;"27°C":0;"28°C":0;"29°C":0;"30°C":0;"31°C":0;"32°C":63;"33°C":36;"34°C":1;"35°C or higher":0}
2026-09-21T05:22:37.938Z,202609211310,31.7,2026-09-21T13:00:00+08:00,32,1302,32,2026-09-21T05:00:00.000Z,32,{"25°C or below":0;"26°C":0;"27°C":0;"28°C":0;"29°C":0;"30°C":0;"31°C":0;"32°C":64;"33°C":32;"34°C":2;"35°C or higher":0},{"25°C or below":0;"26°C":0;"27°C":0;"28°C":0;"29°C":0;"30°C":0;"31°C":0;"32°C":56;"33°C":35;"34°C":1;"35°C or higher":0}
2026-09-21T05:23:11.170Z,202609211310,31.7,2026-09-21T13:00:00+08:00,32,1302,32,2026-09-21T05:00:00.000Z,32,{"25°C or below":0;"26°C":0;"27°C":0;"28°C":0;"29°C":0;"30°C":0;"31°C":0;"32°C":64;"33°C":32;"34°C":2;"35°C or higher":0},{"25°C or below":0;"26°C":0;"27°C":0;"28°C":0;"29°C":0;"30°C":0;"31°C":0;"32°C":59;"33°C":35;"34°C":1;"35°C or higher":0}
2026-09-21T05:23:44.710Z,202609211310,31.7,2026-09-21T13:00:00+08:00,32,1302,32,2026-09-21T05:00:00.000Z,32,{"25°C or below":0;"26°C":0;"27°C":0;"28°C":0;"29°C":0;"30°C":0;"31°C":0;"32°C":64;"33°C":32;"34°C":2;"35°C or higher":0},{"25°C or below":0;"26°C":0;"27°C":0;"28°C":0;"29°C":0;"30°C":0;"31°C":0;"32°C":59;"33°C":35;"34°C":1;"35°C or higher":0}
2026-09-21T05:24:18.122Z,202609211310,31.7,2026-09-21T13:00:00+08:00,32,1302,32,2026-09-21T05:00:00.000Z,32,{"25°C or below":0;"26°C":0;"27°C":0;"28°C":0;"29°C":0;"30°C":0;"31°C":0;"32°C":56;"33°C":35;"34°C":1;"35°C or higher":0},{"25°C or below":0;"26°C":0;"27°C":0;"28°C":0;"29°C":0;"30°C":0;"31°C":0;"32°C":61;"33°C":36;"34°C":1;"35°C or higher":0}
2026-09-21T05:24:51.354Z,202609211310,31.7,2026-09-21T13:00:00+08:00,32,1302,32,2026-09-21T05:00:00.000Z,32,{"25°C or below":0;"26°C":0;"27°C":0;"28°C":0;"29°C":0;"30°C":0;"31°C":0;"32°C":56;"33°C":35;"34°C":1;"35°C or higher":0},{"25°C or below":0;"26°C":0;"27°C":0;"28°C":0;"29°C":0;"30°C":0;"31°C":0;"32°C":61;"33°C":35;"34°C":1;"35°C or higher":0}
2026-09-21T05:25:24.173Z,202609211310,31.7,2026-09-21T13:00:00+08:00,32,1302,32,2026-09-21T05:00:00.000Z,32,{"25°C or below":0;"26°C":0;"27°C":0;"28°C":0;"29°C":0;"30°C":0;"31°C":0;"32°C":56;"33°C":35;"34°C":1;"35°C or higher":0},{"25°C or below":0;"26°C":0;"27°C":0;"28°C":0;"29°C":0;"30°C":0;"31°C":0;"32°C":60;"33°C":36;"34°C":1;"35°C or higher":0}
2026-09-21T05:25:58.013Z,202609211310,31.7,2026-09-21T13:00:00+08:00,32,1302,32,2026-09-21T05:00:00.000Z,32,{"25°C or below":0;"26°C":0;"27°C":0;"28°C":0;"29°C":0;"30°C":0;"31°C":0;"32°C":56;"33°C":35;"34°C":1;"35°C or higher":0},{"25°C or below":0;"26°C":0;"27°C":0;"28°C":0;"29°C":0;"30°C":0;"31°C":0;"32°C":60;"33°C":37;"34°C":1;"35°C or higher":0}
2026-09-21T05:26:30.635Z,202609211310,31.7,2026-09-21T13:00:00+08:00,32,1302,32,2026-09-21T05:00:00.000Z,32,{"25°C or below":0;"26°C":0;"27°C":0;"28°C":0;"29°C":0;"30°C":0;"31°C":0;"32°C":56;"33°C":35;"34°C":1;"35°C or higher":0},{"25°C or below":0;"26°C":0;"27°C":0;"28°C":0;"29°C":0;"30°C":0;"31°C":0;"32°C":60;"33°C":37;"34°C":1;"35°C or higher":0}
2026-09-21T05:27:03.696Z,202609211310,31.7,2026-09-21T13:00:00+08:00,32,1302,32,2026-09-21T05:00:00.000Z,32,{"25°C or below":0;"26°C":0;"27°C":0;"28°C":0;"29°C":0;"30°C":0;"31°C":0;"32°C":56;"33°C":35;"34°C":1;"35°C or higher":0},{"25°C or below":0;"26°C":0;"27°C":0;"28°C":0;"29°C":0;"30°C":0;"31°C":0;"32°C":61;"33°C":38;"34°C":1;"35°C or higher":0}
2026-09-21T05:27:36.843Z,202609211320,32.3,2026-09-21T13:00:00+08:00,32,1302,32,2026-09-21T05:00:00.000Z,32,{"25°C or below":0;"26°C":0;"27°C":0;"28°C":0;"29°C":0;"30°C":0;"31°C":0;"32°C":56;"33°C":35;"34°C":1;"35°C or higher":0},{"25°C or below":0;"26°C":0;"27°C":0;"28°C":0;"29°C":0;"30°C":0;"31°C":0;"32°C":54;"33°C":45;"34°C":2;"35°C or higher":0}
2026-09-21T05:28:09.918Z,202609211320,32.3,2026-09-21T13:00:00+08:00,32,1302,32,2026-09-21T05:00:00.000Z,32,{"25°C or below":0;"26°C":0;"27°C":0;"28°C":0;"29°C":0;"30°C":0;"31°C":0;"32°C":56;"33°C":35;"34°C":1;"35°C or higher":0},{"25°C or below":0;"26°C":0;"27°C":0;"28°C":0;"29°C":0;"30°C":0;"31°C":0;"32°C":52;"33°C":47;"34°C":2;"35°C or higher":0}
2026-09-21T05:28:42.882Z,202609211320,32.3,2026-09-21T13:00:00+08:00,32,1302,32,2026-09-21T05:00:00.000Z,32,{"25°C or below":0;"26°C":0;"27°C":0;"28°C":0;"29°C":0;"30°C":0;"31°C":0;"32°C":56;"33°C":35;"34°C":1;"35°C or higher":0},{"25°C or below":0;"26°C":0;"27°C":0;"28°C":0;"29°C":0;"30°C":0;"31°C":0;"32°C":51;"33°C":50;"34°C":2;"35°C or higher":0}
2026-09-21T05:29:15.575Z,202609211320,32.3,2026-09-21T13:00:00+08:00,32,1302,32,2026-09-21T05:00:00.000Z,32,{"25°C or below":0;"26°C":0;"27°C":0;"28°C":0;"29°C":0;"30°C":0;"31°C":0;"32°C":54;"33°C":45;"34°C":2;"35°C or higher":0},{"25°C or below":0;"26°C":0;"27°C":0;"28°C":0;"29°C":0;"30°C":0;"31°C":0;"32°C":48;"33°C":51;"34°C":2;"35°C or higher":0}
2026-09-21T05:29:48.967Z,202609211320,32.3,2026-09-21T13:00:00+08:00,32,1302,32,2026-09-21T05:00:00.000Z,32,{"25°C or below":0;"26°C":0;"27°C":0;"28°C":0;"29°C":0;"30°C":0;"31°C":0;"32°C":54;"33°C":45;"34°C":2;"35°C or higher":0},{"25°C or below":0;"26°C":0;"27°C":0;"28°C":0;"29°C":0;"30°C":0;"31°C":0;"32°C":47;"33°C":52;"34°C":2;"35°C or higher":0}
2026-09-21T05:30:21.645Z,202609211320,32.3,2026-09-21T13:00:00+08:00,32,1302,32,2026-09-21T05:00:00.000Z,32,{"25°C or below":0;"26°C":0;"27°C":0;"28°C":0;"29°C":0;"30°C":0;"31°C":0;"32°C":54;"33°C":45;"34°C":2;"35°C or higher":0},{"25°C or below":0;"26°C":0;"27°C":0;"28°C":0;"29°C":0;"30°C":0;"31°C":0;"32°C":36;"33°C":59;"34°C":2;"35°C or higher":0}
2026-09-21T05:30:54.275Z,202609211320,32.3,2026-09-21T13:00:00+08:00,32,1302,32,2026-09-21T05:00:00.000Z,32,{"25°C or below":0;"26°C":0;"27°C":0;"28°C":0;"29°C":0;"30°C":0;"31°C":0;"32°C":54;"33°C":45;"34°C":2;"35°C or higher":0},{"25°C or below":0;"26°C":0;"27°C":0;"28°C":0;"29°C":0;"30°C":0;"31°C":0;"32°C":37;"33°C":55;"34°C":2;"35°C or higher":0}
2026-09-21T05:31:27.534Z,202609211320,32.3,2026-09-21T13:00:00+08:00,32,1302,32,2026-09-21T05:00:00.000Z,32,{"25°C or below":0;"26°C":0;"27°C":0;"28°C":0;"29°C":0;"30°C":0;"31°C":0;"32°C":54;"33°C":45;"34°C":2;"35°C or higher":0},{"25°C or below":0;"26°C":0;"27°C":0;"28°C":0;"29°C":0;"30°C":0;"31°C":0;"32°C":37;"33°C":60;"34°C":2;"35°C or higher":0}
2026-09-21T05:32:00.848Z,202609211320,32.3,2026-09-21T13:00:00+08:00,32,1302,32,2026-09-21T05:00:00.000Z,32,{"25°C or below":0;"26°C":0;"27°C":0;"28°C":0;"29°C":0;"30°C":0;"31°C":0;"32°C":54;"33°C":45;"34°C":2;"35°C or higher":0},{"25°C or below":0;"26°C":0;"27°C":0;"28°C":0;"29°C":0;"30°C":0;"31°C":0;"32°C":36;"33°C":61;"34°C":2;"35°C or higher":0}
2026-09-21T05:32:33.802Z,202609211320,32.3,2026-09-21T13:00:00+08:00,32,1302,32,2026-09-21T05:30:00.000Z,32,{"25°C or below":0;"26°C":0;"27°C":0;"28°C":0;"29°C":0;"30°C":0;"31°C":0;"32°C":54;"33°C":45;"34°C":2;"35°C or higher":0},{"25°C or below":0;"26°C":0;"27°C":0;"28°C":0;"29°C":0;"30°C":0;"31°C":0;"32°C":37;"33°C":61;"34°C":2;"35°C or higher":0}
2026-09-21T05:33:07.390Z,202609211320,32.3,2026-09-21T13:00:00+08:00,32,1302,32,2026-09-21T05:30:00.000Z,32,{"25°C or below":0;"26°C":0;"27°C":0;"28°C":0;"29°C":0;"30°C":0;"31°C":0;"32°C":54;"33°C":45;"34°C":2;"35°C or higher":0},{"25°C or below":0;"26°C":0;"27°C":0;"28°C":0;"29°C":0;"30°C":0;"31°C":0;"32°C":29;"33°C":62;"34°C":2;"35°C or higher":0}
2026-09-21T05:33:40.842Z,202609211320,32.3,2026-09-21T13:00:00+08:00,32,1302,32,2026-09-21T05:30:00.000Z,32,{"25°C or below":0;"26°C":0;"27°C":0;"28°C":0;"29°C":0;"30°C":0;"31°C":0;"32°C":54;"33°C":45;"34°C":2;"35°C or higher":0},{"25°C or below":0;"26°C":0;"27°C":0;"28°C":0;"29°C":0;"30°C":0;"31°C":0;"32°C":32;"33°C":54;"34°C":2;"35°C or higher":0}
2026-09-21T05:34:13.515Z,202609211320,32.3,2026-09-21T13:00:00+08:00,32,1302,32,2026-09-21T05:30:00.000Z,32,{"25°C or below":0;"26°C":0;"27°C":0;"28°C":0;"29°C":0;"30°C":0;"31°C":0;"32°C":35;"33°C":61;"34°C":2;"35°C or higher":0},{"25°C or below":0;"26°C":0;"27°C":0;"28°C":0;"29°C":0;"30°C":0;"31°C":0;"32°C":35;"33°C":61;"34°C":2;"35°C or higher":0}
2026-09-21T05:34:46.946Z,202609211320,32.3,2026-09-21T13:00:00+08:00,32,1302,32,2026-09-21T05:30:00.000Z,32,{"25°C or below":0;"26°C":0;"27°C":0;"28°C":0;"29°C":0;"30°C":0;"31°C":0;"32°C":35;"33°C":61;"34°C":2;"35°C or higher":0},{"25°C or below":0;"26°C":0;"27°C":0;"28°C":0;"29°C":0;"30°C":0;"31°C":0;"32°C":35;"33°C":61;"34°C":2;"35°C or higher":0}
2026-09-21T05:35:20.168Z,202609211320,32.3,2026-09-21T13:00:00+08:00,32,1302,32,2026-09-21T05:30:00.000Z,32,{"25°C or below":0;"26°C":0;"27°C":0;"28°C":0;"29°C":0;"30°C":0;"31°C":0;"32°C":35;"33°C":61;"34°C":2;"35°C or higher":0},{"25°C or below":0;"26°C":0;"27°C":0;"28°C":0;"29°C":0;"30°C":0;"31°C":0;"32°C":35;"33°C":61;"34°C":2;"35°C or higher":0}
2026-09-21T05:35:53.601Z,202609211320,32.3,2026-09-21T13:00:00+08:00,32,1302,32,2026-09-21T05:30:00.000Z,32,{"25°C or below":0;"26°C":0;"27°C":0;"28°C":0;"29°C":0;"30°C":0;"31°C":0;"32°C":35;"33°C":61;"34°C":2;"35°C or higher":0},{"25°C or below":0;"26°C":0;"27°C":0;"28°C":0;"29°C":0;"30°C":0;"31°C":0;"32°C":36;"33°C":63;"34°C":2;"35°C or higher":0}
2026-09-21T05:36:27.072Z,202609211320,32.3,2026-09-21T13:00:00+08:00,32,1302,32,2026-09-21T05:30:00.000Z,32,{"25°C or below":0;"26°C":0;"27°C":0;"28°C":0;"29°C":0;"30°C":0;"31°C":0;"32°C":35;"33°C":61;"34°C":2;"35°C or higher":0},{"25°C or below":0;"26°C":0;"27°C":0;"28°C":0;"29°C":0;"30°C":0;"31°C":0;"32°C":32;"33°C":66;"34°C":2;"35°C or higher":0}
2026-09-21T05:36:59.894Z,202609211320,32.3,2026-09-21T13:00:00+08:00,32,1302,32,2026-09-21T05:30:00.000Z,32,{"25°C or below":0;"26°C":0;"27°C":0;"28°C":0;"29°C":0;"30°C":0;"31°C":0;"32°C":35;"33°C":61;"34°C":2;"35°C or higher":0},{"25°C or below":0;"26°C":0;"27°C":0;"28°C":0;"29°C":0;"30°C":0;"31°C":0;"32°C":33;"33°C":64;"34°C":2;"35°C or higher":0}
2026-09-21T05:37:33.155Z,202609211320,32.3,2026-09-21T13:00:00+08:00,32,1302,32,2026-09-21T05:30:00.000Z,32,{"25°C or below":0;"26°C":0;"27°C":0;"28°C":0;"29°C":0;"30°C":0;"31°C":0;"32°C":35;"33°C":61;"34°C":2;"35°C or higher":0},{"25°C or below":0;"26°C":0;"27°C":0;"28°C":0;"29°C":0;"30°C":0;"31°C":0;"32°C":35;"33°C":64;"34°C":2;"35°C or higher":0}
2026-09-21T05:38:06.331Z,202609211330,32.5,2026-09-21T13:00:00+08:00,32,1302,32,2026-09-21T05:30:00.000Z,32,{"25°C or below":0;"26°C":0;"27°C":0;"28°C":0;"29°C":0;"30°C":0;"31°C":0;"32°C":35;"33°C":61;"34°C":2;"35°C or higher":0},{"25°C or below":0;"26°C":0;"27°C":0;"28°C":0;"29°C":0;"30°C":0;"31°C":0;"32°C":34;"33°C":64;"34°C":2;"35°C or higher":0}
2026-09-21T05:38:38.889Z,202609211330,32.5,2026-09-21T13:00:00+08:00,32,1302,32,2026-09-21T05:30:00.000Z,32,{"25°C or below":0;"26°C":0;"27°C":0;"28°C":0;"29°C":0;"30°C":0;"31°C":0;"32°C":35;"33°C":61;"34°C":2;"35°C or higher":0},{"25°C or below":0;"26°C":0;"27°C":0;"28°C":0;"29°C":0;"30°C":0;"31°C":0;"32°C":34;"33°C":65;"34°C":2;"35°C or higher":0}
2026-09-21T05:39:11.896Z,202609211330,32.5,2026-09-21T13:00:00+08:00,32,1302,32,2026-09-21T05:30:00.000Z,32,{"25°C or below":0;"26°C":0;"27°C":0;"28°C":0;"29°C":0;"30°C":0;"31°C":0;"32°C":34;"33°C":63;"34°C":2;"35°C or higher":0},{"25°C or below":0;"26°C":0;"27°C":0;"28°C":0;"29°C":0;"30°C":0;"31°C":0;"32°C":34;"33°C":65;"34°C":2;"35°C or higher":0}
2026-09-21T05:39:44.425Z,202609211330,32.5,2026-09-21T13:00:00+08:00,32,1302,32,2026-09-21T05:30:00.000Z,32,{"25°C or below":0;"26°C":0;"27°C":0;"28°C":0;"29°C":0;"30°C":0;"31°C":0;"32°C":34;"33°C":63;"34°C":2;"35°C or higher":0},{"25°C or below":0;"26°C":0;"27°C":0;"28°C":0;"29°C":0;"30°C":0;"31°C":0;"32°C":31;"33°C":68;"34°C":2;"35°C or higher":0}
2026-09-21T05:40:17.366Z,202609211330,32.5,2026-09-21T13:00:00+08:00,32,1302,32,2026-09-21T05:30:00.000Z,32,{"25°C or below":0;"26°C":0;"27°C":0;"28°C":0;"29°C":0;"30°C":0;"31°C":0;"32°C":34;"33°C":63;"34°C":2;"35°C or higher":0},{"25°C or below":0;"26°C":0;"27°C":0;"28°C":0;"29°C":0;"30°C":0;"31°C":0;"32°C":28;"33°C":74;"34°C":2;"35°C or higher":0}
2026-09-21T05:40:50.426Z,202609211330,32.5,2026-09-21T13:00:00+08:00,32,1302,32,2026-09-21T05:30:00.000Z,32,{"25°C or below":0;"26°C":0;"27°C":0;"28°C":0;"29°C":0;"30°C":0;"31°C":0;"32°C":34;"33°C":63;"34°C":2;"35°C or higher":0},{"25°C or below":0;"26°C":0;"27°C":0;"28°C":0;"29°C":0;"30°C":0;"31°C":0;"32°C":27;"33°C":74;"34°C":2;"35°C or higher":0}
2026-09-21T05:41:23.452Z,202609211330,32.5,2026-09-21T13:00:00+08:00,32,1302,32,2026-09-21T05:30:00.000Z,32,{"25°C or below":0;"26°C":0;"27°C":0;"28°C":0;"29°C":0;"30°C":0;"31°C":0;"32°C":34;"33°C":63;"34°C":2;"35°C or higher":0},{"25°C or below":0;"26°C":0;"27°C":0;"28°C":0;"29°C":0;"30°C":0;"31°C":0;"32°C":22;"33°C":77;"34°C":2;"35°C or higher":0}
2026-09-21T05:41:57.099Z,202609211330,32.5,2026-09-21T13:00:00+08:00,32,1302,32,2026-09-21T05:30:00.000Z,32,{"25°C or below":0;"26°C":0;"27°C":0;"28°C":0;"29°C":0;"30°C":0;"31°C":0;"32°C":34;"33°C":63;"34°C":2;"35°C or higher":0},{"25°C or below":0;"26°C":0;"27°C":0;"28°C":0;"29°C":0;"30°C":0;"31°C":0;"32°C":19;"33°C":78;"34°C":2;"35°C or higher":0}
2026-09-21T05:42:30.453Z,202609211330,32.5,2026-09-21T13:00:00+08:00,32,1302,32,2026-09-21T05:30:00.000Z,32,{"25°C or below":0;"26°C":0;"27°C":0;"28°C":0;"29°C":0;"30°C":0;"31°C":0;"32°C":34;"33°C":63;"34°C":2;"35°C or higher":0},{"25°C or below":0;"26°C":0;"27°C":0;"28°C":0;"29°C":0;"30°C":0;"31°C":0;"32°C":16;"33°C":80;"34°C":2;"35°C or higher":0}
2026-09-21T05:43:03.347Z,202609211330,32.5,2026-09-21T13:00:00+08:00,32,1302,32,2026-09-21T05:30:00.000Z,32,{"25°C or below":0;"26°C":0;"27°C":0;"28°C":0;"29°C":0;"30°C":0;"31°C":0;"32°C":34;"33°C":63;"34°C":2;"35°C or higher":0},{"25°C or below":0;"26°C":0;"27°C":0;"28°C":0;"29°C":0;"30°C":0;"31°C":0;"32°C":21;"33°C":77;"34°C":2;"35°C or higher":0}
2026-09-21T05:43:36.091Z,202609211330,32.5,2026-09-21T13:00:00+08:00,32,1302,32,2026-09-21T05:30:00.000Z,32,{"25°C or below":0;"26°C":0;"27°C":0;"28°C":0;"29°C":0;"30°C":0;"31°C":0;"32°C":34;"33°C":63;"34°C":2;"35°C or higher":0},{"25°C or below":0;"26°C":0;"27°C":0;"28°C":0;"29°C":0;"30°C":0;"31°C":0;"32°C":23;"33°C":76;"34°C":2;"35°C or higher":0}
2026-09-21T05:44:09.460Z,202609211330,32.5,2026-09-21T13:00:00+08:00,32,1302,32,2026-09-21T05:30:00.000Z,32,{"25°C or below":0;"26°C":0;"27°C":0;"28°C":0;"29°C":0;"30°C":0;"31°C":0;"32°C":22;"33°C":78;"34°C":2;"35°C or higher":0},{"25°C or below":0;"26°C":0;"27°C":0;"28°C":0;"29°C":0;"30°C":0;"31°C":0;"32°C":23;"33°C":73;"34°C":2;"35°C or higher":0}
2026-09-21T05:44:42.800Z,202609211330,32.5,2026-09-21T13:00:00+08:00,32,1302,32,2026-09-21T05:30:00.000Z,32,{"25°C or below":0;"26°C":0;"27°C":0;"28°C":0;"29°C":0;"30°C":0;"31°C":0;"32°C":22;"33°C":78;"34°C":2;"35°C or higher":0},{"25°C or below":0;"26°C":0;"27°C":0;"28°C":0;"29°C":0;"30°C":0;"31°C":0;"32°C":23;"33°C":71;"34°C":2;"35°C or higher":0}
2026-09-21T05:45:15.890Z,202609211330,32.5,2026-09-21T13:00:00+08:00,32,1302,32,2026-09-21T05:30:00.000Z,32,{"25°C or below":0;"26°C":0;"27°C":0;"28°C":0;"29°C":0;"30°C":0;"31°C":0;"32°C":22;"33°C":78;"34°C":2;"35°C or higher":0},{"25°C or below":0;"26°C":0;"27°C":0;"28°C":0;"29°C":0;"30°C":0;"31°C":0;"32°C":23;"33°C":75;"34°C":2;"35°C or higher":0}
2026-09-21T05:45:48.790Z,202609211330,32.5,2026-09-21T13:00:00+08:00,32,1302,32,2026-09-21T05:30:00.000Z,32,{"25°C or below":0;"26°C":0;"27°C":0;"28°C":0;"29°C":0;"30°C":0;"31°C":0;"32°C":22;"33°C":78;"34°C":2;"35°C or higher":0},{"25°C or below":0;"26°C":0;"27°C":0;"28°C":0;"29°C":0;"30°C":0;"31°C":0;"32°C":34;"33°C":69;"34°C":2;"35°C or higher":0}
2026-09-21T05:46:21.797Z,202609211330,32.5,2026-09-21T13:00:00+08:00,32,1302,32,2026-09-21T05:30:00.000Z,32,{"25°C or below":0;"26°C":0;"27°C":0;"28°C":0;"29°C":0;"30°C":0;"31°C":0;"32°C":22;"33°C":78;"34°C":2;"35°C or higher":0},{"25°C or below":0;"26°C":0;"27°C":0;"28°C":0;"29°C":0;"30°C":0;"31°C":0;"32°C":30;"33°C":71;"34°C":2;"35°C or higher":0}
2026-09-21T05:46:54.671Z,202609211330,32.5,2026-09-21T13:00:00+08:00,32,1302,32,2026-09-21T05:30:00.000Z,32,{"25°C or below":0;"26°C":0;"27°C":0;"28°C":0;"29°C":0;"30°C":0;"31°C":0;"32°C":22;"33°C":78;"34°C":2;"35°C or higher":0},{"25°C or below":0;"26°C":0;"27°C":0;"28°C":0;"29°C":0;"30°C":0;"31°C":0;"32°C":30;"33°C":68;"34°C":2;"35°C or higher":0}
2026-09-21T05:47:27.787Z,202609211330,32.5,2026-09-21T13:00:00+08:00,32,1302,32,2026-09-21T05:30:00.000Z,32,{"25°C or below":0;"26°C":0;"27°C":0;"28°C":0;"29°C":0;"30°C":0;"31°C":0;"32°C":22;"33°C":78;"34°C":2;"35°C or higher":0},{"25°C or below":0;"26°C":0;"27°C":0;"28°C":0;"29°C":0;"30°C":0;"31°C":0;"32°C":30;"33°C":70;"34°C":2;"35°C or higher":0}
2026-09-21T05:48:00.981Z,202609211330,32.5,2026-09-21T13:00:00+08:00,32,1302,32,2026-09-21T05:30:00.000Z,32,{"25°C or below":0;"26°C":0;"27°C":0;"28°C":0;"29°C":0;"30°C":0;"31°C":0;"32°C":22;"33°C":78;"34°C":2;"35°C or higher":0},{"25°C or below":0;"26°C":0;"27°C":0;"28°C":0;"29°C":0;"30°C":0;"31°C":0;"32°C":29;"33°C":69;"34°C":2;"35°C or higher":0}
2026-09-21T05:48:34.319Z,202609211340,32.6,2026-09-21T13:00:00+08:00,32,1302,32,2026-09-21T05:30:00.000Z,32,{"25°C or below":0;"26°C":0;"27°C":0;"28°C":0;"29°C":0;"30°C":0;"31°C":0;"32°C":22;"33°C":78;"34°C":2;"35°C or higher":0},{"25°C or below":0;"26°C":0;"27°C":0;"28°C":0;"29°C":0;"30°C":0;"31°C":0;"32°C":31;"33°C":66;"34°C":2;"35°C or higher":0}
2026-09-21T05:49:07.441Z,202609211340,32.6,2026-09-21T13:00:00+08:00,32,1302,32,2026-09-21T05:30:00.000Z,32,{"25°C or below":0;"26°C":0;"27°C":0;"28°C":0;"29°C":0;"30°C":0;"31°C":0;"32°C":30;"33°C":69;"34°C":2;"35°C or higher":0},{"25°C or below":0;"26°C":0;"27°C":0;"28°C":0;"29°C":0;"30°C":0;"31°C":0;"32°C":33;"33°C":65;"34°C":2;"35°C or higher":0}
2026-09-21T05:49:40.514Z,202609211340,32.6,2026-09-21T13:00:00+08:00,32,1302,32,2026-09-21T05:30:00.000Z,32,{"25°C or below":0;"26°C":0;"27°C":0;"28°C":0;"29°C":0;"30°C":0;"31°C":0;"32°C":30;"33°C":69;"34°C":2;"35°C or higher":0},{"25°C or below":0;"26°C":0;"27°C":0;"28°C":0;"29°C":0;"30°C":0;"31°C":0;"32°C":34;"33°C":65;"34°C":2;"35°C or higher":0}
2026-09-21T05:50:13.486Z,202609211340,32.6,2026-09-21T13:00:00+08:00,32,1302,32,2026-09-21T05:30:00.000Z,32,{"25°C or below":0;"26°C":0;"27°C":0;"28°C":0;"29°C":0;"30°C":0;"31°C":0;"32°C":30;"33°C":69;"34°C":2;"35°C or higher":0},{"25°C or below":0;"26°C":0;"27°C":0;"28°C":0;"29°C":0;"30°C":0;"31°C":0;"32°C":32;"33°C":65;"34°C":2;"35°C or higher":0}
2026-09-21T05:50:46.720Z,202609211340,32.6,2026-09-21T13:00:00+08:00,32,1302,32,2026-09-21T05:30:00.000Z,32,{"25°C or below":0;"26°C":0;"27°C":0;"28°C":0;"29°C":0;"30°C":0;"31°C":0;"32°C":30;"33°C":69;"34°C":2;"35°C or higher":0},{"25°C or below":0;"26°C":0;"27°C":0;"28°C":0;"29°C":0;"30°C":0;"31°C":0;"32°C":28;"33°C":65;"34°C":2;"35°C or higher":0}
2026-09-21T05:51:20.061Z,202609211340,32.6,2026-09-21T13:00:00+08:00,32,1302,32,2026-09-21T05:30:00.000Z,32,{"25°C or below":0;"26°C":0;"27°C":0;"28°C":0;"29°C":0;"30°C":0;"31°C":0;"32°C":30;"33°C":69;"34°C":2;"35°C or higher":0},{"25°C or below":0;"26°C":0;"27°C":0;"28°C":0;"29°C":0;"30°C":0;"31°C":0;"32°C":30;"33°C":65;"34°C":2;"35°C or higher":0}
2026-09-21T05:51:52.769Z,202609211340,32.6,2026-09-21T13:00:00+08:00,32,1302,32,2026-09-21T05:30:00.000Z,32,{"25°C or below":0;"26°C":0;"27°C":0;"28°C":0;"29°C":0;"30°C":0;"31°C":0;"32°C":30;"33°C":69;"34°C":2;"35°C or higher":0},{"25°C or below":0;"26°C":0;"27°C":0;"28°C":0;"29°C":0;"30°C":0;"31°C":0;"32°C":28;"33°C":74;"34°C":2;"35°C or higher":0}
2026-09-21T05:52:25.863Z,202609211340,32.6,2026-09-21T13:00:00+08:00,32,1302,32,2026-09-21T05:30:00.000Z,32,{"25°C or below":0;"26°C":0;"27°C":0;"28°C":0;"29°C":0;"30°C":0;"31°C":0;"32°C":30;"33°C":69;"34°C":2;"35°C or higher":0},{"25°C or below":0;"26°C":0;"27°C":0;"28°C":0;"29°C":0;"30°C":0;"31°C":0;"32°C":19;"33°C":76;"34°C":2;"35°C or higher":0}
2026-09-21T05:52:58.524Z,202609211340,32.6,2026-09-21T13:00:00+08:00,32,1302,32,2026-09-21T05:30:00.000Z,32,{"25°C or below":0;"26°C":0;"27°C":0;"28°C":0;"29°C":0;"30°C":0;"31°C":0;"32°C":30;"33°C":69;"34°C":2;"35°C or higher":0},{"25°C or below":0;"26°C":0;"27°C":0;"28°C":0;"29°C":0;"30°C":0;"31°C":0;"32°C":21;"33°C":77;"34°C":2;"35°C or higher":0}
2026-09-21T05:53:31.837Z,202609211340,32.6,2026-09-21T13:00:00+08:00,32,1302,32,2026-09-21T05:30:00.000Z,32,{"25°C or below":0;"26°C":0;"27°C":0;"28°C":0;"29°C":0;"30°C":0;"31°C":0;"32°C":30;"33°C":69;"34°C":2;"35°C or higher":0},{"25°C or below":0;"26°C":0;"27°C":0;"28°C":0;"29°C":0;"30°C":0;"31°C":0;"32°C":21;"33°C":76;"34°C":2;"35°C or higher":0}
2026-09-21T05:54:05.584Z,202609211340,32.6,2026-09-21T13:00:00+08:00,32,1302,32,2026-09-21T05:30:00.000Z,32,{"25°C or below":0;"26°C":0;"27°C":0;"28°C":0;"29°C":0;"30°C":0;"31°C":0;"32°C":30;"33°C":69;"34°C":2;"35°C or higher":0},{"25°C or below":0;"26°C":0;"27°C":0;"28°C":0;"29°C":0;"30°C":0;"31°C":0;"32°C":21;"33°C":76;"34°C":2;"35°C or higher":0}
2026-09-21T05:54:38.287Z,202609211340,32.6,2026-09-21T13:00:00+08:00,32,1302,32,2026-09-21T05:30:00.000Z,32,{"25°C or below":0;"26°C":0;"27°C":0;"28°C":0;"29°C":0;"30°C":0;"31°C":0;"32°C":21;"33°C":72;"34°C":2;"35°C or higher":0},{"25°C or below":0;"26°C":0;"27°C":0;"28°C":0;"29°C":0;"30°C":0;"31°C":0;"32°C":27;"33°C":73;"34°C":2;"35°C or higher":0}
2026-09-21T05:55:11.811Z,202609211340,32.6,2026-09-21T13:00:00+08:00,32,1302,32,2026-09-21T05:30:00.000Z,32,{"25°C or below":0;"26°C":0;"27°C":0;"28°C":0;"29°C":0;"30°C":0;"31°C":0;"32°C":21;"33°C":72;"34°C":2;"35°C or higher":0},{"25°C or below":0;"26°C":0;"27°C":0;"28°C":0;"29°C":0;"30°C":0;"31°C":0;"32°C":27;"33°C":73;"34°C":2;"35°C or higher":0}
2026-09-21T05:55:44.283Z,202609211340,32.6,2026-09-21T13:00:00+08:00,32,1302,32,2026-09-21T05:30:00.000Z,32,{"25°C or below":0;"26°C":0;"27°C":0;"28°C":0;"29°C":0;"30°C":0;"31°C":0;"32°C":21;"33°C":72;"34°C":2;"35°C or higher":0},{"25°C or below":0;"26°C":0;"27°C":0;"28°C":0;"29°C":0;"30°C":0;"31°C":0;"32°C":27;"33°C":73;"34°C":2;"35°C or higher":0}
2026-09-21T05:56:17.185Z,202609211340,32.6,2026-09-21T13:00:00+08:00,32,1302,32,2026-09-21T05:30:00.000Z,32,{"25°C or below":0;"26°C":0;"27°C":0;"28°C":0;"29°C":0;"30°C":0;"31°C":0;"32°C":21;"33°C":72;"34°C":2;"35°C or higher":0},{"25°C or below":0;"26°C":0;"27°C":0;"28°C":0;"29°C":0;"30°C":0;"31°C":0;"32°C":29;"33°C":71;"34°C":2;"35°C or higher":0}
2026-09-21T05:56:50.492Z,202609211340,32.6,2026-09-21T13:00:00+08:00,32,1302,32,2026-09-21T05:30:00.000Z,32,{"25°C or below":0;"26°C":0;"27°C":0;"28°C":0;"29°C":0;"30°C":0;"31°C":0;"32°C":21;"33°C":72;"34°C":2;"35°C or higher":0},{"25°C or below":0;"26°C":0;"27°C":0;"28°C":0;"29°C":0;"30°C":0;"31°C":0;"32°C":30;"33°C":69;"34°C":2;"35°C or higher":0}
2026-09-21T05:57:23.873Z,202609211340,32.6,2026-09-21T13:00:00+08:00,32,1302,32,2026-09-21T05:30:00.000Z,32,{"25°C or below":0;"26°C":0;"27°C":0;"28°C":0;"29°C":0;"30°C":0;"31°C":0;"32°C":21;"33°C":72;"34°C":2;"35°C or higher":0},{"25°C or below":0;"26°C":0;"27°C":0;"28°C":0;"29°C":0;"30°C":0;"31°C":0;"32°C":32;"33°C":68;"34°C":2;"35°C or higher":0}
2026-09-21T05:57:56.827Z,202609211340,32.6,2026-09-21T13:00:00+08:00,32,1302,32,2026-09-21T05:30:00.000Z,32,{"25°C or below":0;"26°C":0;"27°C":0;"28°C":0;"29°C":0;"30°C":0;"31°C":0;"32°C":21;"33°C":72;"34°C":2;"35°C or higher":0},{"25°C or below":0;"26°C":0;"27°C":0;"28°C":0;"29°C":0;"30°C":0;"31°C":0;"32°C":33;"33°C":66;"34°C":2;"35°C or higher":0}
2026-09-21T05:58:30.105Z,202609211350,32.7,2026-09-21T13:00:00+08:00,32,1302,32,2026-09-21T05:30:00.000Z,32,{"25°C or below":0;"26°C":0;"27°C":0;"28°C":0;"29°C":0;"30°C":0;"31°C":0;"32°C":21;"33°C":72;"34°C":2;"35°C or higher":0},{"25°C or below":0;"26°C":0;"27°C":0;"28°C":0;"29°C":0;"30°C":0;"31°C":0;"32°C":35;"33°C":64;"34°C":2;"35°C or higher":0}
2026-09-21T05:59:03.471Z,202609211350,32.7,2026-09-21T13:00:00+08:00,32,1302,32,2026-09-21T05:30:00.000Z,32,{"25°C or below":0;"26°C":0;"27°C":0;"28°C":0;"29°C":0;"30°C":0;"31°C":0;"32°C":21;"33°C":72;"34°C":2;"35°C or higher":0},{"25°C or below":0;"26°C":0;"27°C":0;"28°C":0;"29°C":0;"30°C":0;"31°C":0;"32°C":35;"33°C":62;"34°C":2;"35°C or higher":0}
2026-09-21T05:59:36.744Z,202609211350,32.7,2026-09-21T13:00:00+08:00,32,1302,32,2026-09-21T05:30:00.000Z,32,{"25°C or below":0;"26°C":0;"27°C":0;"28°C":0;"29°C":0;"30°C":0;"31°C":0;"32°C":33;"33°C":66;"34°C":2;"35°C or higher":0},{"25°C or below":0;"26°C":0;"27°C":0;"28°C":0;"29°C":0;"30°C":0;"31°C":0;"32°C":36;"33°C":61;"34°C":2;"35°C or higher":0}
2026-09-21T06:00:10.003Z,202609211350,32.7,2026-09-21T13:00:00+08:00,32,1302,32,2026-09-21T05:30:00.000Z,32,{"25°C or below":0;"26°C":0;"27°C":0;"28°C":0;"29°C":0;"30°C":0;"31°C":0;"32°C":33;"33°C":66;"34°C":2;"35°C or higher":0},{"25°C or below":0;"26°C":0;"27°C":0;"28°C":0;"29°C":0;"30°C":0;"31°C":0;"32°C":35;"33°C":60;"34°C":2;"35°C or higher":0}
2026-09-21T06:00:43.557Z,202609211350,32.7,2026-09-21T13:00:00+08:00,32,1302,32,2026-09-21T05:30:00.000Z,32,{"25°C or below":0;"26°C":0;"27°C":0;"28°C":0;"29°C":0;"30°C":0;"31°C":0;"32°C":33;"33°C":66;"34°C":2;"35°C or higher":0},{"25°C or below":0;"26°C":0;"27°C":0;"28°C":0;"29°C":0;"30°C":0;"31°C":0;"32°C":34;"33°C":59;"34°C":2;"35°C or higher":0}
2026-09-21T06:01:25.066Z,202609211350,32.7,2026-09-21T13:00:00+08:00,32,1302,32,2026-09-21T05:30:00.000Z,32,{"25°C or below":0;"26°C":0;"27°C":0;"28°C":0;"29°C":0;"30°C":0;"31°C":0;"32°C":33;"33°C":66;"34°C":2;"35°C or higher":0},{"25°C or below":0;"26°C":0;"27°C":0;"28°C":0;"29°C":0;"30°C":0;"31°C":0;"32°C":33;"33°C":60;"34°C":2;"35°C or higher":0}
2026-09-21T06:01:58.590Z,202609211350,32.7,2026-09-21T13:00:00+08:00,32,1302,32,2026-09-21T05:30:00.000Z,32,{"25°C or below":0;"26°C":0;"27°C":0;"28°C":0;"29°C":0;"30°C":0;"31°C":0;"32°C":33;"33°C":66;"34°C":2;"35°C or higher":0},{"25°C or below":0;"26°C":0;"27°C":0;"28°C":0;"29°C":0;"30°C":0;"31°C":0;"32°C":34;"33°C":65;"34°C":2;"35°C or higher":0}
2026-09-21T06:02:31.788Z,202609211350,32.7,2026-09-21T13:00:00+08:00,32,1302,32,2026-09-21T05:30:00.000Z,32,{"25°C or below":0;"26°C":0;"27°C":0;"28°C":0;"29°C":0;"30°C":0;"31°C":0;"32°C":33;"33°C":66;"34°C":2;"35°C or higher":0},{"25°C or below":0;"26°C":0;"27°C":0;"28°C":0;"29°C":0;"30°C":0;"31°C":0;"32°C":55;"33°C":61;"34°C":2;"35°C or higher":0}
2026-09-21T06:03:04.601Z,202609211350,32.7,2026-09-21T13:00:00+08:00,32,1402,33,2026-09-21T06:00:00.000Z,33,{"25°C or below":0;"26°C":0;"27°C":0;"28°C":0;"29°C":0;"30°C":0;"31°C":0;"32°C":33;"33°C":66;"34°C":2;"35°C or higher":0},{"25°C or below":0;"26°C":0;"27°C":0;"28°C":0;"29°C":0;"30°C":0;"31°C":0;"32°C":48;"33°C":57;"34°C":2;"35°C or higher":0}
2026-09-21T06:03:37.645Z,202609211350,32.7,2026-09-21T14:00:00+08:00,33,1402,33,2026-09-21T06:00:00.000Z,33,{"25°C or below":0;"26°C":0;"27°C":0;"28°C":0;"29°C":0;"30°C":0;"31°C":0;"32°C":33;"33°C":66;"34°C":2;"35°C or higher":0},{"25°C or below":0;"26°C":0;"27°C":0;"28°C":0;"29°C":0;"30°C":0;"31°C":0;"32°C":52;"33°C":55;"34°C":2;"35°C or higher":0}
2026-09-21T06:04:10.660Z,202609211350,32.7,2026-09-21T14:00:00+08:00,33,1402,33,2026-09-21T06:00:00.000Z,33,{"25°C or below":0;"26°C":0;"27°C":0;"28°C":0;"29°C":0;"30°C":0;"31°C":0;"32°C":34;"33°C":61;"34°C":2;"35°C or higher":0},{"25°C or below":0;"26°C":0;"27°C":0;"28°C":0;"29°C":0;"30°C":0;"31°C":0;"32°C":38;"33°C":65;"34°C":2;"35°C or higher":0}
2026-09-21T06:04:43.544Z,202609211350,32.7,2026-09-21T14:00:00+08:00,33,1402,33,2026-09-21T06:00:00.000Z,33,{"25°C or below":0;"26°C":0;"27°C":0;"28°C":0;"29°C":0;"30°C":0;"31°C":0;"32°C":34;"33°C":61;"34°C":2;"35°C or higher":0},{"25°C or below":0;"26°C":0;"27°C":0;"28°C":0;"29°C":0;"30°C":0;"31°C":0;"32°C":29;"33°C":69;"34°C":2;"35°C or higher":0}
2026-09-21T06:05:16.922Z,202609211350,32.7,2026-09-21T14:00:00+08:00,33,1402,33,2026-09-21T06:00:00.000Z,33,{"25°C or below":0;"26°C":0;"27°C":0;"28°C":0;"29°C":0;"30°C":0;"31°C":0;"32°C":34;"33°C":61;"34°C":2;"35°C or higher":0},{"25°C or below":0;"26°C":0;"27°C":0;"28°C":0;"29°C":0;"30°C":0;"31°C":0;"32°C":18;"33°C":78;"34°C":2;"35°C or higher":0}
2026-09-21T06:05:50.272Z,202609211350,32.7,2026-09-21T14:00:00+08:00,33,1402,33,2026-09-21T06:00:00.000Z,33,{"25°C or below":0;"26°C":0;"27°C":0;"28°C":0;"29°C":0;"30°C":0;"31°C":0;"32°C":34;"33°C":61;"34°C":2;"35°C or higher":0},{"25°C or below":0;"26°C":0;"27°C":0;"28°C":0;"29°C":0;"30°C":0;"31°C":0;"32°C":20;"33°C":76;"34°C":2;"35°C or higher":0}
2026-09-21T06:06:23.471Z,202609211350,32.7,2026-09-21T14:00:00+08:00,33,1402,33,2026-09-21T06:00:00.000Z,33,{"25°C or below":0;"26°C":0;"27°C":0;"28°C":0;"29°C":0;"30°C":0;"31°C":0;"32°C":34;"33°C":61;"34°C":2;"35°C or higher":0},{"25°C or below":0;"26°C":0;"27°C":0;"28°C":0;"29°C":0;"30°C":0;"31°C":0;"32°C":21;"33°C":77;"34°C":2;"35°C or higher":0}
2026-09-21T06:06:56.392Z,202609211350,32.7,2026-09-21T14:00:00+08:00,33,1402,33,2026-09-21T06:00:00.000Z,33,{"25°C or below":0;"26°C":0;"27°C":0;"28°C":0;"29°C":0;"30°C":0;"31°C":0;"32°C":34;"33°C":61;"34°C":2;"35°C or higher":0},{"25°C or below":0;"26°C":0;"27°C":0;"28°C":0;"29°C":0;"30°C":0;"31°C":0;"32°C":18;"33°C":79;"34°C":2;"35°C or higher":0}
2026-09-21T06:07:29.844Z,202609211350,32.7,2026-09-21T14:00:00+08:00,33,1402,33,2026-09-21T06:00:00.000Z,33,{"25°C or below":0;"26°C":0;"27°C":0;"28°C":0;"29°C":0;"30°C":0;"31°C":0;"32°C":34;"33°C":61;"34°C":2;"35°C or higher":0},{"25°C or below":0;"26°C":0;"27°C":0;"28°C":0;"29°C":0;"30°C":0;"31°C":0;"32°C":18;"33°C":82;"34°C":2;"35°C or higher":0}
2026-09-21T06:08:02.810Z,202609211350,32.7,2026-09-21T14:00:00+08:00,33,1402,33,2026-09-21T06:00:00.000Z,33,{"25°C or below":0;"26°C":0;"27°C":0;"28°C":0;"29°C":0;"30°C":0;"31°C":0;"32°C":34;"33°C":61;"34°C":2;"35°C or higher":0},{"25°C or below":0;"26°C":0;"27°C":0;"28°C":0;"29°C":0;"30°C":0;"31°C":0;"32°C":37;"33°C":62;"34°C":1;"35°C or higher":0}
2026-09-21T06:08:36.029Z,202609211400,32.6,2026-09-21T14:00:00+08:00,33,1402,33,2026-09-21T06:00:00.000Z,33,{"25°C or below":0;"26°C":0;"27°C":0;"28°C":0;"29°C":0;"30°C":0;"31°C":0;"32°C":34;"33°C":61;"34°C":2;"35°C or higher":0},{"25°C or below":0;"26°C":0;"27°C":0;"28°C":0;"29°C":0;"30°C":0;"31°C":0;"32°C":33;"33°C":66;"34°C":2;"35°C or higher":0}
2026-09-21T06:09:08.631Z,202609211400,32.6,2026-09-21T14:00:00+08:00,33,1402,33,2026-09-21T06:00:00.000Z,33,{"25°C or below":0;"26°C":0;"27°C":0;"28°C":0;"29°C":0;"30°C":0;"31°C":0;"32°C":37;"33°C":80;"34°C":2;"35°C or higher":0},{"25°C or below":0;"26°C":0;"27°C":0;"28°C":0;"29°C":0;"30°C":0;"31°C":0;"32°C":29;"33°C":67;"34°C":2;"35°C or higher":0}
2026-09-21T06:09:41.583Z,202609211400,32.6,2026-09-21T14:00:00+08:00,33,1402,33,2026-09-21T06:00:00.000Z,33,{"25°C or below":0;"26°C":0;"27°C":0;"28°C":0;"29°C":0;"30°C":0;"31°C":0;"32°C":37;"33°C":80;"34°C":2;"35°C or higher":0},{"25°C or below":0;"26°C":0;"27°C":0;"28°C":0;"29°C":0;"30°C":0;"31°C":0;"32°C":30;"33°C":67;"34°C":2;"35°C or higher":0}
2026-09-21T06:10:14.564Z,202609211400,32.6,2026-09-21T14:00:00+08:00,33,1402,33,2026-09-21T06:00:00.000Z,33,{"25°C or below":0;"26°C":0;"27°C":0;"28°C":0;"29°C":0;"30°C":0;"31°C":0;"32°C":37;"33°C":80;"34°C":2;"35°C or higher":0},{"25°C or below":0;"26°C":0;"27°C":0;"28°C":0;"29°C":0;"30°C":0;"31°C":0;"32°C":28;"33°C":68;"34°C":2;"35°C or higher":0}
2026-09-21T06:10:47.494Z,202609211400,32.6,2026-09-21T14:00:00+08:00,33,1402,33,2026-09-21T06:00:00.000Z,33,{"25°C or below":0;"26°C":0;"27°C":0;"28°C":0;"29°C":0;"30°C":0;"31°C":0;"32°C":37;"33°C":80;"34°C":2;"35°C or higher":0},{"25°C or below":0;"26°C":0;"27°C":0;"28°C":0;"29°C":0;"30°C":0;"31°C":0;"32°C":29;"33°C":67;"34°C":2;"35°C or higher":0}
2026-09-21T06:11:20.874Z,202609211400,32.6,2026-09-21T14:00:00+08:00,33,1402,33,2026-09-21T06:00:00.000Z,33,{"25°C or below":0;"26°C":0;"27°C":0;"28°C":0;"29°C":0;"30°C":0;"31°C":0;"32°C":37;"33°C":80;"34°C":2;"35°C or higher":0},{"25°C or below":0;"26°C":0;"27°C":0;"28°C":0;"29°C":0;"30°C":0;"31°C":0;"32°C":29;"33°C":66;"34°C":2;"35°C or higher":0}
2026-09-21T06:11:53.557Z,202609211400,32.6,2026-09-21T14:00:00+08:00,33,1402,33,2026-09-21T06:00:00.000Z,33,{"25°C or below":0;"26°C":0;"27°C":0;"28°C":0;"29°C":0;"30°C":0;"31°C":0;"32°C":37;"33°C":80;"34°C":2;"35°C or higher":0},{"25°C or below":0;"26°C":0;"27°C":0;"28°C":0;"29°C":0;"30°C":0;"31°C":0;"32°C":35;"33°C":64;"34°C":1;"35°C or higher":0}
2026-09-21T06:12:26.545Z,202609211400,32.6,2026-09-21T14:00:00+08:00,33,1402,33,2026-09-21T06:00:00.000Z,33,{"25°C or below":0;"26°C":0;"27°C":0;"28°C":0;"29°C":0;"30°C":0;"31°C":0;"32°C":37;"33°C":80;"34°C":2;"35°C or higher":0},{"25°C or below":0;"26°C":0;"27°C":0;"28°C":0;"29°C":0;"30°C":0;"31°C":0;"32°C":40;"33°C":55;"34°C":1;"35°C or higher":0}
2026-09-21T06:13:01.374Z,202609211400,32.6,2026-09-21T14:00:00+08:00,33,1402,33,2026-09-21T06:00:00.000Z,33,{"25°C or below":0;"26°C":0;"27°C":0;"28°C":0;"29°C":0;"30°C":0;"31°C":0;"32°C":37;"33°C":80;"34°C":2;"35°C or higher":0},{"25°C or below":0;"26°C":0;"27°C":0;"28°C":0;"29°C":0;"30°C":0;"31°C":0;"32°C":45;"33°C":56;"34°C":1;"35°C or higher":0}
2026-09-21T06:13:34.596Z,202609211400,32.6,2026-09-21T14:00:00+08:00,33,1402,33,2026-09-21T06:00:00.000Z,33,{"25°C or below":0;"26°C":0;"27°C":0;"28°C":0;"29°C":0;"30°C":0;"31°C":0;"32°C":37;"33°C":80;"34°C":2;"35°C or higher":0},{"25°C or below":0;"26°C":0;"27°C":0;"28°C":0;"29°C":0;"30°C":0;"31°C":0;"32°C":36;"33°C":61;"34°C":1;"35°C or higher":0}
2026-09-21T06:14:08.312Z,202609211400,32.6,2026-09-21T14:00:00+08:00,33,1402,33,2026-09-21T06:00:00.000Z,33,{"25°C or below":0;"26°C":0;"27°C":0;"28°C":0;"29°C":0;"30°C":0;"31°C":0;"32°C":31;"33°C":66;"34°C":2;"35°C or higher":0},{"25°C or below":0;"26°C":0;"27°C":0;"28°C":0;"29°C":0;"30°C":0;"31°C":0;"32°C":36;"33°C":62;"34°C":1;"35°C or higher":0}
2026-09-21T06:14:41.862Z,202609211400,32.6,2026-09-21T14:00:00+08:00,33,1402,33,2026-09-21T06:00:00.000Z,33,{"25°C or below":0;"26°C":0;"27°C":0;"28°C":0;"29°C":0;"30°C":0;"31°C":0;"32°C":31;"33°C":66;"34°C":2;"35°C or higher":0},{"25°C or below":0;"26°C":0;"27°C":0;"28°C":0;"29°C":0;"30°C":0;"31°C":0;"32°C":37;"33°C":61;"34°C":1;"35°C or higher":0}
2026-09-21T06:15:16.243Z,202609211400,32.6,2026-09-21T14:00:00+08:00,33,1402,33,2026-09-21T06:00:00.000Z,33,{"25°C or below":0;"26°C":0;"27°C":0;"28°C":0;"29°C":0;"30°C":0;"31°C":0;"32°C":31;"33°C":66;"34°C":2;"35°C or higher":0},{"25°C or below":0;"26°C":0;"27°C":0;"28°C":0;"29°C":0;"30°C":0;"31°C":0;"32°C":29;"33°C":68;"34°C":1;"35°C or higher":0}
2026-09-21T06:15:48.786Z,202609211400,32.6,2026-09-21T14:00:00+08:00,33,1402,33,2026-09-21T06:00:00.000Z,33,{"25°C or below":0;"26°C":0;"27°C":0;"28°C":0;"29°C":0;"30°C":0;"31°C":0;"32°C":31;"33°C":66;"34°C":2;"35°C or higher":0},{"25°C or below":0;"26°C":0;"27°C":0;"28°C":0;"29°C":0;"30°C":0;"31°C":0;"32°C":30;"33°C":65;"34°C":2;"35°C or higher":0}
2026-09-21T06:16:22.034Z,202609211400,32.6,2026-09-21T14:00:00+08:00,33,1402,33,2026-09-21T06:00:00.000Z,33,{"25°C or below":0;"26°C":0;"27°C":0;"28°C":0;"29°C":0;"30°C":0;"31°C":0;"32°C":31;"33°C":66;"34°C":2;"35°C or higher":0},{"25°C or below":0;"26°C":0;"27°C":0;"28°C":0;"29°C":0;"30°C":0;"31°C":0;"32°C":28;"33°C":68;"34°C":2;"35°C or higher":0}
2026-09-21T06:16:55.007Z,202609211400,32.6,2026-09-21T14:00:00+08:00,33,1416,33,2026-09-21T06:00:00.000Z,33,{"25°C or below":0;"26°C":0;"27°C":0;"28°C":0;"29°C":0;"30°C":0;"31°C":0;"32°C":31;"33°C":66;"34°C":2;"35°C or higher":0},{"25°C or below":0;"26°C":0;"27°C":0;"28°C":0;"29°C":0;"30°C":0;"31°C":0;"32°C":26;"33°C":71;"34°C":2;"35°C or higher":0}
2026-09-21T06:17:32.760Z,202609211400,32.6,2026-09-21T14:00:00+08:00,33,1416,33,2026-09-21T06:00:00.000Z,33,{"25°C or below":0;"26°C":0;"27°C":0;"28°C":0;"29°C":0;"30°C":0;"31°C":0;"32°C":31;"33°C":66;"34°C":2;"35°C or higher":0},{"25°C or below":0;"26°C":0;"27°C":0;"28°C":0;"29°C":0;"30°C":0;"31°C":0;"32°C":13;"33°C":83;"34°C":2;"35°C or higher":0}
2026-09-21T06:18:05.379Z,202609211400,32.6,2026-09-21T14:00:00+08:00,33,1416,33,2026-09-21T06:00:00.000Z,33,{"25°C or below":0;"26°C":0;"27°C":0;"28°C":0;"29°C":0;"30°C":0;"31°C":0;"32°C":31;"33°C":66;"34°C":2;"35°C or higher":0},{"25°C or below":0;"26°C":0;"27°C":0;"28°C":0;"29°C":0;"30°C":0;"31°C":0;"32°C":12;"33°C":87;"34°C":2;"35°C or higher":0}
2026-09-21T06:18:38.851Z,202609211410,32.9,2026-09-21T14:00:00+08:00,33,1416,33,2026-09-21T06:00:00.000Z,33,{"25°C or below":0;"26°C":0;"27°C":0;"28°C":0;"29°C":0;"30°C":0;"31°C":0;"32°C":31;"33°C":66;"34°C":2;"35°C or higher":0},{"25°C or below":0;"26°C":0;"27°C":0;"28°C":0;"29°C":0;"30°C":0;"31°C":0;"32°C":11;"33°C":87;"34°C":2;"35°C or higher":0}
2026-09-21T06:19:11.950Z,202609211410,32.9,2026-09-21T14:00:00+08:00,33,1416,33,2026-09-21T06:00:00.000Z,33,{"25°C or below":0;"26°C":0;"27°C":0;"28°C":0;"29°C":0;"30°C":0;"31°C":0;"32°C":12;"33°C":85;"34°C":2;"35°C or higher":0},{"25°C or below":0;"26°C":0;"27°C":0;"28°C":0;"29°C":0;"30°C":0;"31°C":0;"32°C":14;"33°C":86;"34°C":2;"35°C or higher":0}
2026-09-21T06:19:45.291Z,202609211410,32.9,2026-09-21T14:00:00+08:00,33,1416,33,2026-09-21T06:00:00.000Z,33,{"25°C or below":0;"26°C":0;"27°C":0;"28°C":0;"29°C":0;"30°C":0;"31°C":0;"32°C":12;"33°C":85;"34°C":2;"35°C or higher":0},{"25°C or below":0;"26°C":0;"27°C":0;"28°C":0;"29°C":0;"30°C":0;"31°C":0;"32°C":18;"33°C":82;"34°C":3;"35°C or higher":0}
2026-09-21T06:20:18.416Z,202609211410,32.9,2026-09-21T14:00:00+08:00,33,1416,33,2026-09-21T06:00:00.000Z,33,{"25°C or below":0;"26°C":0;"27°C":0;"28°C":0;"29°C":0;"30°C":0;"31°C":0;"32°C":12;"33°C":85;"34°C":2;"35°C or higher":0},{"25°C or below":0;"26°C":0;"27°C":0;"28°C":0;"29°C":0;"30°C":0;"31°C":0;"32°C":19;"33°C":82;"34°C":3;"35°C or higher":0}
2026-09-21T06:20:51.726Z,202609211410,32.9,2026-09-21T14:00:00+08:00,33,1416,33,2026-09-21T06:00:00.000Z,33,{"25°C or below":0;"26°C":0;"27°C":0;"28°C":0;"29°C":0;"30°C":0;"31°C":0;"32°C":12;"33°C":85;"34°C":2;"35°C or higher":0},{"25°C or below":0;"26°C":0;"27°C":0;"28°C":0;"29°C":0;"30°C":0;"31°C":0;"32°C":12;"33°C":82;"34°C":3;"35°C or higher":0}
2026-09-21T06:21:24.991Z,202609211410,32.9,2026-09-21T14:00:00+08:00,33,1416,33,2026-09-21T06:00:00.000Z,33,{"25°C or below":0;"26°C":0;"27°C":0;"28°C":0;"29°C":0;"30°C":0;"31°C":0;"32°C":12;"33°C":85;"34°C":2;"35°C or higher":0},{"25°C or below":0;"26°C":0;"27°C":0;"28°C":0;"29°C":0;"30°C":0;"31°C":0;"32°C":11;"33°C":83;"34°C":3;"35°C or higher":0}
2026-09-21T06:21:58.029Z,202609211410,32.9,2026-09-21T14:00:00+08:00,33,1416,33,2026-09-21T06:00:00.000Z,33,{"25°C or below":0;"26°C":0;"27°C":0;"28°C":0;"29°C":0;"30°C":0;"31°C":0;"32°C":12;"33°C":85;"34°C":2;"35°C or higher":0},{"25°C or below":0;"26°C":0;"27°C":0;"28°C":0;"29°C":0;"30°C":0;"31°C":0;"32°C":11;"33°C":83;"34°C":3;"35°C or higher":0}
2026-09-21T06:22:30.703Z,202609211410,32.9,2026-09-21T14:00:00+08:00,33,1416,33,2026-09-21T06:00:00.000Z,33,{"25°C or below":0;"26°C":0;"27°C":0;"28°C":0;"29°C":0;"30°C":0;"31°C":0;"32°C":12;"33°C":85;"34°C":2;"35°C or higher":0},{"25°C or below":0;"26°C":0;"27°C":0;"28°C":0;"29°C":0;"30°C":0;"31°C":0;"32°C":9;"33°C":82;"34°C":4;"35°C or higher":0}
2026-09-21T06:23:03.751Z,202609211410,32.9,2026-09-21T14:00:00+08:00,33,1416,33,2026-09-21T06:00:00.000Z,33,{"25°C or below":0;"26°C":0;"27°C":0;"28°C":0;"29°C":0;"30°C":0;"31°C":0;"32°C":12;"33°C":85;"34°C":2;"35°C or higher":0},{"25°C or below":0;"26°C":0;"27°C":0;"28°C":0;"29°C":0;"30°C":0;"31°C":0;"32°C":10;"33°C":84;"34°C":4;"35°C or higher":0}
2026-09-21T06:23:36.690Z,202609211410,32.9,2026-09-21T14:00:00+08:00,33,1416,33,2026-09-21T06:00:00.000Z,33,{"25°C or below":0;"26°C":0;"27°C":0;"28°C":0;"29°C":0;"30°C":0;"31°C":0;"32°C":12;"33°C":85;"34°C":2;"35°C or higher":0},{"25°C or below":0;"26°C":0;"27°C":0;"28°C":0;"29°C":0;"30°C":0;"31°C":0;"32°C":9;"33°C":85;"34°C":3;"35°C or higher":0}
2026-09-21T06:24:09.746Z,202609211410,32.9,2026-09-21T14:00:00+08:00,33,1416,33,2026-09-21T06:00:00.000Z,33,{"25°C or below":0;"26°C":0;"27°C":0;"28°C":0;"29°C":0;"30°C":0;"31°C":0;"32°C":11;"33°C":83;"34°C":3;"35°C or higher":0},{"25°C or below":0;"26°C":0;"27°C":0;"28°C":0;"29°C":0;"30°C":0;"31°C":0;"32°C":8;"33°C":89;"34°C":4;"35°C or higher":0}
2026-09-21T06:24:43.105Z,202609211410,32.9,2026-09-21T14:00:00+08:00,33,1416,33,2026-09-21T06:00:00.000Z,33,{"25°C or below":0;"26°C":0;"27°C":0;"28°C":0;"29°C":0;"30°C":0;"31°C":0;"32°C":11;"33°C":83;"34°C":3;"35°C or higher":0},{"25°C or below":0;"26°C":0;"27°C":0;"28°C":0;"29°C":0;"30°C":0;"31°C":0;"32°C":7;"33°C":90;"34°C":3;"35°C or higher":0}
2026-09-21T06:25:34.008Z,202609211410,32.9,2026-09-21T14:00:00+08:00,33,1416,33,2026-09-21T06:00:00.000Z,33,{"25°C or below":0;"26°C":0;"27°C":0;"28°C":0;"29°C":0;"30°C":0;"31°C":0;"32°C":11;"33°C":83;"34°C":3;"35°C or higher":0},{"25°C or below":0;"26°C":0;"27°C":0;"28°C":0;"29°C":0;"30°C":0;"31°C":0;"32°C":7;"33°C":92;"34°C":3;"35°C or higher":0}
2026-09-21T06:26:06.851Z,202609211410,32.9,2026-09-21T14:00:00+08:00,33,1416,33,2026-09-21T06:00:00.000Z,33,{"25°C or below":0;"26°C":0;"27°C":0;"28°C":0;"29°C":0;"30°C":0;"31°C":0;"32°C":11;"33°C":83;"34°C":3;"35°C or higher":0},{"25°C or below":0;"26°C":0;"27°C":0;"28°C":0;"29°C":0;"30°C":0;"31°C":0;"32°C":7;"33°C":93;"34°C":2;"35°C or higher":0}
2026-09-21T06:26:39.622Z,202609211410,32.9,2026-09-21T14:00:00+08:00,33,1416,33,2026-09-21T06:00:00.000Z,33,{"25°C or below":0;"26°C":0;"27°C":0;"28°C":0;"29°C":0;"30°C":0;"31°C":0;"32°C":11;"33°C":83;"34°C":3;"35°C or higher":0},{"25°C or below":0;"26°C":0;"27°C":0;"28°C":0;"29°C":0;"30°C":0;"31°C":0;"32°C":7;"33°C":93;"34°C":3;"35°C or higher":0}
2026-09-21T06:27:13.408Z,202609211410,32.9,2026-09-21T14:00:00+08:00,33,1416,33,2026-09-21T06:00:00.000Z,33,{"25°C or below":0;"26°C":0;"27°C":0;"28°C":0;"29°C":0;"30°C":0;"31°C":0;"32°C":11;"33°C":83;"34°C":3;"35°C or higher":0},{"25°C or below":0;"26°C":0;"27°C":0;"28°C":0;"29°C":0;"30°C":0;"31°C":0;"32°C":6;"33°C":94;"34°C":3;"35°C or higher":0}
2026-09-21T06:27:46.422Z,202609211420,32.9,2026-09-21T14:00:00+08:00,33,1416,33,2026-09-21T06:00:00.000Z,33,{"25°C or below":0;"26°C":0;"27°C":0;"28°C":0;"29°C":0;"30°C":0;"31°C":0;"32°C":11;"33°C":83;"34°C":3;"35°C or higher":0},{"25°C or below":0;"26°C":0;"27°C":0;"28°C":0;"29°C":0;"30°C":0;"31°C":0;"32°C":8;"33°C":92;"34°C":2;"35°C or higher":0}
2026-09-21T06:28:34.116Z,202609211420,32.9,2026-09-21T14:00:00+08:00,33,1416,33,2026-09-21T06:00:00.000Z,33,{"25°C or below":0;"26°C":0;"27°C":0;"28°C":0;"29°C":0;"30°C":0;"31°C":0;"32°C":11;"33°C":83;"34°C":3;"35°C or higher":0},{"25°C or below":0;"26°C":0;"27°C":0;"28°C":0;"29°C":0;"30°C":0;"31°C":0;"32°C":7;"33°C":93;"34°C":1;"35°C or higher":0}
2026-09-21T06:29:07.004Z,202609211420,32.9,2026-09-21T14:00:00+08:00,33,1416,33,2026-09-21T06:00:00.000Z,33,{"25°C or below":0;"26°C":0;"27°C":0;"28°C":0;"29°C":0;"30°C":0;"31°C":0;"32°C":7;"33°C":93;"34°C":3;"35°C or higher":0},{"25°C or below":0;"26°C":0;"27°C":0;"28°C":0;"29°C":0;"30°C":0;"31°C":0;"32°C":7;"33°C":93;"34°C":1;"35°C or higher":0}
2026-09-21T06:29:39.575Z,202609211420,32.9,2026-09-21T14:00:00+08:00,33,1416,33,2026-09-21T06:00:00.000Z,33,{"25°C or below":0;"26°C":0;"27°C":0;"28°C":0;"29°C":0;"30°C":0;"31°C":0;"32°C":7;"33°C":93;"34°C":3;"35°C or higher":0},{"25°C or below":0;"26°C":0;"27°C":0;"28°C":0;"29°C":0;"30°C":0;"31°C":0;"32°C":6;"33°C":91;"34°C":3;"35°C or higher":0}
2026-09-21T06:30:12.721Z,202609211420,32.9,2026-09-21T14:00:00+08:00,33,1416,33,2026-09-21T06:00:00.000Z,33,{"25°C or below":0;"26°C":0;"27°C":0;"28°C":0;"29°C":0;"30°C":0;"31°C":0;"32°C":7;"33°C":93;"34°C":3;"35°C or higher":0},{"25°C or below":0;"26°C":0;"27°C":0;"28°C":0;"29°C":0;"30°C":0;"31°C":0;"32°C":6;"33°C":87;"34°C":2;"35°C or higher":0}
2026-09-21T06:30:45.576Z,202609211420,32.9,2026-09-21T14:00:00+08:00,33,1416,33,2026-09-21T06:00:00.000Z,33,{"25°C or below":0;"26°C":0;"27°C":0;"28°C":0;"29°C":0;"30°C":0;"31°C":0;"32°C":7;"33°C":93;"34°C":3;"35°C or higher":0},{"25°C or below":0;"26°C":0;"27°C":0;"28°C":0;"29°C":0;"30°C":0;"31°C":0;"32°C":7;"33°C":87;"34°C":2;"35°C or higher":0}
2026-09-21T06:31:18.967Z,202609211420,32.9,2026-09-21T14:00:00+08:00,33,1416,33,2026-09-21T06:00:00.000Z,33,{"25°C or below":0;"26°C":0;"27°C":0;"28°C":0;"29°C":0;"30°C":0;"31°C":0;"32°C":7;"33°C":93;"34°C":3;"35°C or higher":0},{"25°C or below":0;"26°C":0;"27°C":0;"28°C":0;"29°C":0;"30°C":0;"31°C":0;"32°C":8;"33°C":90;"34°C":3;"35°C or higher":0}
2026-09-21T06:31:52.052Z,202609211420,32.9,2026-09-21T14:00:00+08:00,33,1416,33,2026-09-21T06:00:00.000Z,33,{"25°C or below":0;"26°C":0;"27°C":0;"28°C":0;"29°C":0;"30°C":0;"31°C":0;"32°C":7;"33°C":93;"34°C":3;"35°C or higher":0},{"25°C or below":0;"26°C":0;"27°C":0;"28°C":0;"29°C":0;"30°C":0;"31°C":0;"32°C":7;"33°C":90;"34°C":2;"35°C or higher":0}
2026-09-21T06:32:24.981Z,202609211420,32.9,2026-09-21T14:00:00+08:00,33,1416,33,2026-09-21T06:00:00.000Z,33,{"25°C or below":0;"26°C":0;"27°C":0;"28°C":0;"29°C":0;"30°C":0;"31°C":0;"32°C":7;"33°C":93;"34°C":3;"35°C or higher":0},{"25°C or below":0;"26°C":0;"27°C":0;"28°C":0;"29°C":0;"30°C":0;"31°C":0;"32°C":8;"33°C":90;"34°C":3;"35°C or higher":0}
2026-09-21T06:32:58.027Z,202609211420,32.9,2026-09-21T14:00:00+08:00,33,1416,33,2026-09-21T06:00:00.000Z,33,{"25°C or below":0;"26°C":0;"27°C":0;"28°C":0;"29°C":0;"30°C":0;"31°C":0;"32°C":7;"33°C":93;"34°C":3;"35°C or higher":0},{"25°C or below":0;"26°C":0;"27°C":0;"28°C":0;"29°C":0;"30°C":0;"31°C":0;"32°C":7;"33°C":93;"34°C":2;"35°C or higher":0}
2026-09-21T06:33:30.906Z,202609211420,32.9,2026-09-21T14:00:00+08:00,33,1416,33,2026-09-21T06:30:00.000Z,33,{"25°C or below":0;"26°C":0;"27°C":0;"28°C":0;"29°C":0;"30°C":0;"31°C":0;"32°C":7;"33°C":93;"34°C":3;"35°C or higher":0},{"25°C or below":0;"26°C":0;"27°C":0;"28°C":0;"29°C":0;"30°C":0;"31°C":0;"32°C":9;"33°C":92;"34°C":2;"35°C or higher":0}
2026-09-21T06:34:03.741Z,202609211420,32.9,2026-09-21T14:00:00+08:00,33,1416,33,2026-09-21T06:30:00.000Z,33,{"25°C or below":0;"26°C":0;"27°C":0;"28°C":0;"29°C":0;"30°C":0;"31°C":0;"32°C":7;"33°C":93;"34°C":3;"35°C or higher":0},{"25°C or below":0;"26°C":0;"27°C":0;"28°C":0;"29°C":0;"30°C":0;"31°C":0;"32°C":9;"33°C":91;"34°C":2;"35°C or higher":0}
2026-09-21T06:34:36.421Z,202609211420,32.9,2026-09-21T14:00:00+08:00,33,1416,33,2026-09-21T06:30:00.000Z,33,{"25°C or below":0;"26°C":0;"27°C":0;"28°C":0;"29°C":0;"30°C":0;"31°C":0;"32°C":7;"33°C":91;"34°C":2;"35°C or higher":0},{"25°C or below":0;"26°C":0;"27°C":0;"28°C":0;"29°C":0;"30°C":0;"31°C":0;"32°C":8;"33°C":91;"34°C":2;"35°C or higher":0}
2026-09-21T06:35:10.316Z,202609211420,32.9,2026-09-21T14:00:00+08:00,33,1416,33,2026-09-21T06:30:00.000Z,33,{"25°C or below":0;"26°C":0;"27°C":0;"28°C":0;"29°C":0;"30°C":0;"31°C":0;"32°C":7;"33°C":91;"34°C":2;"35°C or higher":0},{"25°C or below":0;"26°C":0;"27°C":0;"28°C":0;"29°C":0;"30°C":0;"31°C":0;"32°C":7;"33°C":92;"34°C":1;"35°C or higher":0}
2026-09-21T06:35:44.033Z,202609211420,32.9,2026-09-21T14:00:00+08:00,33,1416,33,2026-09-21T06:30:00.000Z,33,{"25°C or below":0;"26°C":0;"27°C":0;"28°C":0;"29°C":0;"30°C":0;"31°C":0;"32°C":7;"33°C":91;"34°C":2;"35°C or higher":0},{"25°C or below":0;"26°C":0;"27°C":0;"28°C":0;"29°C":0;"30°C":0;"31°C":0;"32°C":7;"33°C":92;"34°C":1;"35°C or higher":0}
2026-09-21T06:36:17.558Z,202609211420,32.9,2026-09-21T14:00:00+08:00,33,1416,33,2026-09-21T06:30:00.000Z,33,{"25°C or below":0;"26°C":0;"27°C":0;"28°C":0;"29°C":0;"30°C":0;"31°C":0;"32°C":7;"33°C":91;"34°C":2;"35°C or higher":0},{"25°C or below":0;"26°C":0;"27°C":0;"28°C":0;"29°C":0;"30°C":0;"31°C":0;"32°C":7;"33°C":93;"34°C":1;"35°C or higher":0}
2026-09-21T06:36:50.466Z,202609211420,32.9,2026-09-21T14:00:00+08:00,33,1416,33,2026-09-21T06:30:00.000Z,33,{"25°C or below":0;"26°C":0;"27°C":0;"28°C":0;"29°C":0;"30°C":0;"31°C":0;"32°C":7;"33°C":91;"34°C":2;"35°C or higher":0},{"25°C or below":0;"26°C":0;"27°C":0;"28°C":0;"29°C":0;"30°C":0;"31°C":0;"32°C":8;"33°C":92;"34°C":2;"35°C or higher":0}
2026-09-21T06:37:23.975Z,202609211420,32.9,2026-09-21T14:00:00+08:00,33,1416,33,2026-09-21T06:30:00.000Z,33,{"25°C or below":0;"26°C":0;"27°C":0;"28°C":0;"29°C":0;"30°C":0;"31°C":0;"32°C":7;"33°C":91;"34°C":2;"35°C or higher":0},{"25°C or below":0;"26°C":0;"27°C":0;"28°C":0;"29°C":0;"30°C":0;"31°C":0;"32°C":1;"33°C":98;"34°C":2;"35°C or higher":0}
2026-09-21T06:37:57.785Z,202609211420,32.9,2026-09-21T14:00:00+08:00,33,1416,33,2026-09-21T06:30:00.000Z,33,{"25°C or below":0;"26°C":0;"27°C":0;"28°C":0;"29°C":0;"30°C":0;"31°C":0;"32°C":7;"33°C":91;"34°C":2;"35°C or higher":0},{"25°C or below":0;"26°C":0;"27°C":0;"28°C":0;"29°C":0;"30°C":0;"31°C":0;"32°C":1;"33°C":98;"34°C":2;"35°C or higher":0}
2026-09-21T06:38:31.041Z,202609211420,32.9,2026-09-21T14:00:00+08:00,33,1416,33,2026-09-21T06:30:00.000Z,33,{"25°C or below":0;"26°C":0;"27°C":0;"28°C":0;"29°C":0;"30°C":0;"31°C":0;"32°C":7;"33°C":91;"34°C":2;"35°C or higher":0},{"25°C or below":0;"26°C":0;"27°C":0;"28°C":0;"29°C":0;"30°C":0;"31°C":0;"32°C":1;"33°C":98;"34°C":2;"35°C or higher":0}
2026-09-21T06:39:03.817Z,202609211430,32.7,2026-09-21T14:00:00+08:00,33,1416,33,2026-09-21T06:30:00.000Z,33,{"25°C or below":0;"26°C":0;"27°C":0;"28°C":0;"29°C":0;"30°C":0;"31°C":0;"32°C":7;"33°C":91;"34°C":2;"35°C or higher":0},{"25°C or below":0;"26°C":0;"27°C":0;"28°C":0;"29°C":0;"30°C":0;"31°C":0;"32°C":1;"33°C":98;"34°C":2;"35°C or higher":0}
2026-09-21T06:39:36.822Z,202609211430,32.7,2026-09-21T14:00:00+08:00,33,1416,33,2026-09-21T06:30:00.000Z,33,{"25°C or below":0;"26°C":0;"27°C":0;"28°C":0;"29°C":0;"30°C":0;"31°C":0;"32°C":1;"33°C":98;"34°C":2;"35°C or higher":0},{"25°C or below":0;"26°C":0;"27°C":0;"28°C":0;"29°C":0;"30°C":0;"31°C":0;"32°C":0;"33°C":98;"34°C":2;"35°C or higher":0}
2026-09-21T06:40:10.762Z,202609211430,32.7,2026-09-21T14:00:00+08:00,33,1416,33,2026-09-21T06:30:00.000Z,33,{"25°C or below":0;"26°C":0;"27°C":0;"28°C":0;"29°C":0;"30°C":0;"31°C":0;"32°C":1;"33°C":98;"34°C":2;"35°C or higher":0},{"25°C or below":0;"26°C":0;"27°C":0;"28°C":0;"29°C":0;"30°C":0;"31°C":0;"32°C":0;"33°C":98;"34°C":2;"35°C or higher":0}
2026-09-21T06:40:43.749Z,202609211430,32.7,2026-09-21T14:00:00+08:00,33,1416,33,2026-09-21T06:30:00.000Z,33,{"25°C or below":0;"26°C":0;"27°C":0;"28°C":0;"29°C":0;"30°C":0;"31°C":0;"32°C":1;"33°C":98;"34°C":2;"35°C or higher":0},{"25°C or below":0;"26°C":0;"27°C":0;"28°C":0;"29°C":0;"30°C":0;"31°C":0;"32°C":0;"33°C":98;"34°C":2;"35°C or higher":0}
2026-09-21T06:41:17.137Z,202609211430,32.7,2026-09-21T14:00:00+08:00,33,1416,33,2026-09-21T06:30:00.000Z,33,{"25°C or below":0;"26°C":0;"27°C":0;"28°C":0;"29°C":0;"30°C":0;"31°C":0;"32°C":1;"33°C":98;"34°C":2;"35°C or higher":0},{"25°C or below":0;"26°C":0;"27°C":0;"28°C":0;"29°C":0;"30°C":0;"31°C":0;"32°C":0;"33°C":98;"34°C":2;"35°C or higher":0}
2026-09-21T06:41:49.931Z,202609211430,32.7,2026-09-21T14:00:00+08:00,33,1416,33,2026-09-21T06:30:00.000Z,33,{"25°C or below":0;"26°C":0;"27°C":0;"28°C":0;"29°C":0;"30°C":0;"31°C":0;"32°C":1;"33°C":98;"34°C":2;"35°C or higher":0},{"25°C or below":0;"26°C":0;"27°C":0;"28°C":0;"29°C":0;"30°C":0;"31°C":0;"32°C":0;"33°C":98;"34°C":2;"35°C or higher":0}
2026-09-21T06:42:23.022Z,202609211430,32.7,2026-09-21T14:00:00+08:00,33,1416,33,2026-09-21T06:30:00.000Z,33,{"25°C or below":0;"26°C":0;"27°C":0;"28°C":0;"29°C":0;"30°C":0;"31°C":0;"32°C":1;"33°C":98;"34°C":2;"35°C or higher":0},{"25°C or below":0;"26°C":0;"27°C":0;"28°C":0;"29°C":0;"30°C":0;"31°C":0;"32°C":0;"33°C":98;"34°C":1;"35°C or higher":0}
2026-09-21T06:42:55.958Z,202609211430,32.7,2026-09-21T14:00:00+08:00,33,1416,33,2026-09-21T06:30:00.000Z,33,{"25°C or below":0;"26°C":0;"27°C":0;"28°C":0;"29°C":0;"30°C":0;"31°C":0;"32°C":1;"33°C":98;"34°C":2;"35°C or higher":0},{"25°C or below":0;"26°C":0;"27°C":0;"28°C":0;"29°C":0;"30°C":0;"31°C":0;"32°C":0;"33°C":98;"34°C":1;"35°C or higher":0}
2026-09-21T06:43:29.467Z,202609211430,32.7,2026-09-21T14:00:00+08:00,33,1416,33,2026-09-21T06:30:00.000Z,33,{"25°C or below":0;"26°C":0;"27°C":0;"28°C":0;"29°C":0;"30°C":0;"31°C":0;"32°C":1;"33°C":98;"34°C":2;"35°C or higher":0},{"25°C or below":0;"26°C":0;"27°C":0;"28°C":0;"29°C":0;"30°C":0;"31°C":0;"32°C":0;"33°C":98;"34°C":1;"35°C or higher":0}
2026-09-21T06:44:02.450Z,202609211430,32.7,2026-09-21T14:00:00+08:00,33,1416,33,2026-09-21T06:30:00.000Z,33,{"25°C or below":0;"26°C":0;"27°C":0;"28°C":0;"29°C":0;"30°C":0;"31°C":0;"32°C":1;"33°C":98;"34°C":2;"35°C or higher":0},{"25°C or below":0;"26°C":0;"27°C":0;"28°C":0;"29°C":0;"30°C":0;"31°C":0;"32°C":0;"33°C":99;"34°C":1;"35°C or higher":0}
2026-09-21T06:44:35.997Z,202609211430,32.7,2026-09-21T14:00:00+08:00,33,1416,33,2026-09-21T06:30:00.000Z,33,{"25°C or below":0;"26°C":0;"27°C":0;"28°C":0;"29°C":0;"30°C":0;"31°C":0;"32°C":0;"33°C":99;"34°C":2;"35°C or higher":0},{"25°C or below":0;"26°C":0;"27°C":0;"28°C":0;"29°C":0;"30°C":0;"31°C":0;"32°C":0;"33°C":99;"34°C":1;"35°C or higher":0}
2026-09-21T06:45:10.303Z,202609211430,32.7,2026-09-21T14:00:00+08:00,33,1416,33,2026-09-21T06:30:00.000Z,33,{"25°C or below":0;"26°C":0;"27°C":0;"28°C":0;"29°C":0;"30°C":0;"31°C":0;"32°C":0;"33°C":99;"34°C":2;"35°C or higher":0},{"25°C or below":0;"26°C":0;"27°C":0;"28°C":0;"29°C":0;"30°C":0;"31°C":0;"32°C":0;"33°C":99;"34°C":1;"35°C or higher":0}
2026-09-21T06:45:43.482Z,202609211430,32.7,2026-09-21T14:00:00+08:00,33,1416,33,2026-09-21T06:30:00.000Z,33,{"25°C or below":0;"26°C":0;"27°C":0;"28°C":0;"29°C":0;"30°C":0;"31°C":0;"32°C":0;"33°C":99;"34°C":2;"35°C or higher":0},{"25°C or below":0;"26°C":0;"27°C":0;"28°C":0;"29°C":0;"30°C":0;"31°C":0;"32°C":0;"33°C":99;"34°C":1;"35°C or higher":0}
2026-09-21T06:46:25.536Z,202609211430,32.7,2026-09-21T14:00:00+08:00,33,1416,33,2026-09-21T06:30:00.000Z,33,{"25°C or below":0;"26°C":0;"27°C":0;"28°C":0;"29°C":0;"30°C":0;"31°C":0;"32°C":0;"33°C":99;"34°C":2;"35°C or higher":0},{"25°C or below":0;"26°C":0;"27°C":0;"28°C":0;"29°C":0;"30°C":0;"31°C":0;"32°C":0;"33°C":99;"34°C":1;"35°C or higher":0}
2026-09-21T06:46:58.331Z,202609211430,32.7,2026-09-21T14:00:00+08:00,33,1416,33,2026-09-21T06:30:00.000Z,33,{"25°C or below":0;"26°C":0;"27°C":0;"28°C":0;"29°C":0;"30°C":0;"31°C":0;"32°C":0;"33°C":99;"34°C":2;"35°C or higher":0},{"25°C or below":0;"26°C":0;"27°C":0;"28°C":0;"29°C":0;"30°C":0;"31°C":0;"32°C":0;"33°C":99;"34°C":0;"35°C or higher":0}
2026-09-21T06:47:32.563Z,202609211440,32.3,2026-09-21T14:00:00+08:00,33,1416,33,2026-09-21T06:30:00.000Z,33,{"25°C or below":0;"26°C":0;"27°C":0;"28°C":0;"29°C":0;"30°C":0;"31°C":0;"32°C":0;"33°C":99;"34°C":2;"35°C or higher":0},{"25°C or below":0;"26°C":0;"27°C":0;"28°C":0;"29°C":0;"30°C":0;"31°C":0;"32°C":0;"33°C":99;"34°C":0;"35°C or higher":0}
2026-09-21T06:48:06.040Z,202609211440,32.3,2026-09-21T14:00:00+08:00,33,1416,33,2026-09-21T06:30:00.000Z,33,{"25°C or below":0;"26°C":0;"27°C":0;"28°C":0;"29°C":0;"30°C":0;"31°C":0;"32°C":0;"33°C":99;"34°C":2;"35°C or higher":0},{"25°C or below":0;"26°C":0;"27°C":0;"28°C":0;"29°C":0;"30°C":0;"31°C":0;"32°C":0;"33°C":99;"34°C":0;"35°C or higher":0}
2026-09-21T06:48:40.038Z,202609211440,32.3,2026-09-21T14:00:00+08:00,33,1416,33,2026-09-21T06:30:00.000Z,33,{"25°C or below":0;"26°C":0;"27°C":0;"28°C":0;"29°C":0;"30°C":0;"31°C":0;"32°C":0;"33°C":99;"34°C":2;"35°C or higher":0},{"25°C or below":0;"26°C":0;"27°C":0;"28°C":0;"29°C":0;"30°C":0;"31°C":0;"32°C":0;"33°C":99;"34°C":0;"35°C or higher":0}
2026-09-21T06:49:13.132Z,202609211440,32.3,2026-09-21T14:00:00+08:00,33,1416,33,2026-09-21T06:30:00.000Z,33,{"25°C or below":0;"26°C":0;"27°C":0;"28°C":0;"29°C":0;"30°C":0;"31°C":0;"32°C":0;"33°C":99;"34°C":0;"35°C or higher":0},{"25°C or below":0;"26°C":0;"27°C":0;"28°C":0;"29°C":0;"30°C":0;"31°C":0;"32°C":0;"33°C":99;"34°C":0;"35°C or higher":0}
2026-09-21T06:49:46.584Z,202609211440,32.3,2026-09-21T14:00:00+08:00,33,1416,33,2026-09-21T06:30:00.000Z,33,{"25°C or below":0;"26°C":0;"27°C":0;"28°C":0;"29°C":0;"30°C":0;"31°C":0;"32°C":0;"33°C":99;"34°C":0;"35°C or higher":0},{"25°C or below":0;"26°C":0;"27°C":0;"28°C":0;"29°C":0;"30°C":0;"31°C":0;"32°C":0;"33°C":99;"34°C":0;"35°C or higher":0}
2026-09-21T06:50:20.351Z,202609211440,32.3,2026-09-21T14:00:00+08:00,33,1416,33,2026-09-21T06:30:00.000Z,33,{"25°C or below":0;"26°C":0;"27°C":0;"28°C":0;"29°C":0;"30°C":0;"31°C":0;"32°C":0;"33°C":99;"34°C":0;"35°C or higher":0},{"25°C or below":0;"26°C":0;"27°C":0;"28°C":0;"29°C":0;"30°C":0;"31°C":0;"32°C":0;"33°C":99;"34°C":0;"35°C or higher":0}
2026-09-21T06:50:53.353Z,202609211440,32.3,2026-09-21T14:00:00+08:00,33,1416,33,2026-09-21T06:30:00.000Z,33,{"25°C or below":0;"26°C":0;"27°C":0;"28°C":0;"29°C":0;"30°C":0;"31°C":0;"32°C":0;"33°C":99;"34°C":0;"35°C or higher":0},{"25°C or below":0;"26°C":0;"27°C":0;"28°C":0;"29°C":0;"30°C":0;"31°C":0;"32°C":0;"33°C":99;"34°C":0;"35°C or higher":0}
2026-09-21T06:51:26.152Z,202609211440,32.3,2026-09-21T14:00:00+08:00,33,1416,33,2026-09-21T06:30:00.000Z,33,{"25°C or below":0;"26°C":0;"27°C":0;"28°C":0;"29°C":0;"30°C":0;"31°C":0;"32°C":0;"33°C":99;"34°C":0;"35°C or higher":0},{"25°C or below":0;"26°C":0;"27°C":0;"28°C":0;"29°C":0;"30°C":0;"31°C":0;"32°C":0;"33°C":99;"34°C":0;"35°C or higher":0}
2026-09-21T06:51:59.087Z,202609211440,32.3,2026-09-21T14:00:00+08:00,33,1416,33,2026-09-21T06:30:00.000Z,33,{"25°C or below":0;"26°C":0;"27°C":0;"28°C":0;"29°C":0;"30°C":0;"31°C":0;"32°C":0;"33°C":99;"34°C":0;"35°C or higher":0},{"25°C or below":0;"26°C":0;"27°C":0;"28°C":0;"29°C":0;"30°C":0;"31°C":0;"32°C":0;"33°C":99;"34°C":0;"35°C or higher":0}
2026-09-21T06:52:31.757Z,202609211440,32.3,2026-09-21T14:00:00+08:00,33,1416,33,2026-09-21T06:30:00.000Z,33,{"25°C or below":0;"26°C":0;"27°C":0;"28°C":0;"29°C":0;"30°C":0;"31°C":0;"32°C":0;"33°C":99;"34°C":0;"35°C or higher":0},{"25°C or below":0;"26°C":0;"27°C":0;"28°C":0;"29°C":0;"30°C":0;"31°C":0;"32°C":0;"33°C":99;"34°C":0;"35°C or higher":0}
2026-09-21T06:53:05.394Z,202609211440,32.3,2026-09-21T14:00:00+08:00,33,1416,33,2026-09-21T06:30:00.000Z,33,{"25°C or below":0;"26°C":0;"27°C":0;"28°C":0;"29°C":0;"30°C":0;"31°C":0;"32°C":0;"33°C":99;"34°C":0;"35°C or higher":0},{"25°C or below":0;"26°C":0;"27°C":0;"28°C":0;"29°C":0;"30°C":0;"31°C":0;"32°C":0;"33°C":99;"34°C":0;"35°C or higher":0}
2026-09-21T06:53:40.708Z,202609211440,32.3,2026-09-21T14:00:00+08:00,33,1416,33,2026-09-21T06:30:00.000Z,33,{"25°C or below":0;"26°C":0;"27°C":0;"28°C":0;"29°C":0;"30°C":0;"31°C":0;"32°C":0;"33°C":99;"34°C":0;"35°C or higher":0},{"25°C or below":0;"26°C":0;"27°C":0;"28°C":0;"29°C":0;"30°C":0;"31°C":0;"32°C":0;"33°C":99;"34°C":0;"35°C or higher":0}
2026-09-21T06:54:14.653Z,202609211440,32.3,2026-09-21T14:00:00+08:00,33,1416,33,2026-09-21T06:30:00.000Z,33,{"25°C or below":0;"26°C":0;"27°C":0;"28°C":0;"29°C":0;"30°C":0;"31°C":0;"32°C":0;"33°C":99;"34°C":0;"35°C or higher":0},{"25°C or below":0;"26°C":0;"27°C":0;"28°C":0;"29°C":0;"30°C":0;"31°C":0;"32°C":0;"33°C":99;"34°C":0;"35°C or higher":0}
2026-09-21T06:54:48.192Z,202609211440,32.3,2026-09-21T14:00:00+08:00,33,1416,33,2026-09-21T06:30:00.000Z,33,{"25°C or below":0;"26°C":0;"27°C":0;"28°C":0;"29°C":0;"30°C":0;"31°C":0;"32°C":0;"33°C":99;"34°C":0;"35°C or higher":0},{"25°C or below":0;"26°C":0;"27°C":0;"28°C":0;"29°C":0;"30°C":0;"31°C":0;"32°C":0;"33°C":99;"34°C":0;"35°C or higher":0}
2026-09-21T06:55:21.507Z,202609211440,32.3,2026-09-21T14:00:00+08:00,33,1416,33,2026-09-21T06:30:00.000Z,33,{"25°C or below":0;"26°C":0;"27°C":0;"28°C":0;"29°C":0;"30°C":0;"31°C":0;"32°C":0;"33°C":99;"34°C":0;"35°C or higher":0},{"25°C or below":0;"26°C":0;"27°C":0;"28°C":0;"29°C":0;"30°C":0;"31°C":0;"32°C":0;"33°C":99;"34°C":0;"35°C or higher":0}
2026-09-21T06:55:54.329Z,202609211440,32.3,2026-09-21T14:00:00+08:00,33,1416,33,2026-09-21T06:30:00.000Z,33,{"25°C or below":0;"26°C":0;"27°C":0;"28°C":0;"29°C":0;"30°C":0;"31°C":0;"32°C":0;"33°C":99;"34°C":0;"35°C or higher":0},{"25°C or below":0;"26°C":0;"27°C":0;"28°C":0;"29°C":0;"30°C":0;"31°C":0;"32°C":0;"33°C":99;"34°C":0;"35°C or higher":0}
2026-09-21T06:56:27.440Z,202609211440,32.3,2026-09-21T14:00:00+08:00,33,1416,33,2026-09-21T06:30:00.000Z,33,{"25°C or below":0;"26°C":0;"27°C":0;"28°C":0;"29°C":0;"30°C":0;"31°C":0;"32°C":0;"33°C":99;"34°C":0;"35°C or higher":0},{"25°C or below":0;"26°C":0;"27°C":0;"28°C":0;"29°C":0;"30°C":0;"31°C":0;"32°C":0;"33°C":99;"34°C":0;"35°C or higher":0}
2026-09-21T06:57:00.384Z,202609211440,32.3,2026-09-21T14:00:00+08:00,33,1416,33,2026-09-21T06:30:00.000Z,33,{"25°C or below":0;"26°C":0;"27°C":0;"28°C":0;"29°C":0;"30°C":0;"31°C":0;"32°C":0;"33°C":99;"34°C":0;"35°C or higher":0},{"25°C or below":0;"26°C":0;"27°C":0;"28°C":0;"29°C":0;"30°C":0;"31°C":0;"32°C":0;"33°C":99;"34°C":0;"35°C or higher":0}
2026-09-21T06:57:33.656Z,202609211440,32.3,2026-09-21T14:00:00+08:00,33,1416,33,2026-09-21T06:30:00.000Z,33,{"25°C or below":0;"26°C":0;"27°C":0;"28°C":0;"29°C":0;"30°C":0;"31°C":0;"32°C":0;"33°C":99;"34°C":0;"35°C or higher":0},{"25°C or below":0;"26°C":0;"27°C":0;"28°C":0;"29°C":0;"30°C":0;"31°C":0;"32°C":0;"33°C":99;"34°C":0;"35°C or higher":0}
2026-09-21T06:58:06.749Z,202609211440,32.3,2026-09-21T14:00:00+08:00,33,1416,33,2026-09-21T06:30:00.000Z,33,{"25°C or below":0;"26°C":0;"27°C":0;"28°C":0;"29°C":0;"30°C":0;"31°C":0;"32°C":0;"33°C":99;"34°C":0;"35°C or higher":0},{"25°C or below":0;"26°C":0;"27°C":0;"28°C":0;"29°C":0;"30°C":0;"31°C":0;"32°C":0;"33°C":99;"34°C":0;"35°C or higher":0}
2026-09-21T06:58:39.765Z,202609211450,32.5,2026-09-21T14:00:00+08:00,33,1416,33,2026-09-21T06:30:00.000Z,33,{"25°C or below":0;"26°C":0;"27°C":0;"28°C":0;"29°C":0;"30°C":0;"31°C":0;"32°C":0;"33°C":99;"34°C":0;"35°C or higher":0},{"25°C or below":0;"26°C":0;"27°C":0;"28°C":0;"29°C":0;"30°C":0;"31°C":0;"32°C":0;"33°C":99;"34°C":0;"35°C or higher":0}
2026-09-21T06:59:12.581Z,202609211450,32.5,2026-09-21T14:00:00+08:00,33,1416,33,2026-09-21T06:30:00.000Z,33,{"25°C or below":0;"26°C":0;"27°C":0;"28°C":0;"29°C":0;"30°C":0;"31°C":0;"32°C":0;"33°C":99;"34°C":0;"35°C or higher":0},{"25°C or below":0;"26°C":0;"27°C":0;"28°C":0;"29°C":0;"30°C":0;"31°C":0;"32°C":0;"33°C":99;"34°C":0;"35°C or higher":0}
2026-09-21T06:59:45.457Z,202609211450,32.5,2026-09-21T14:00:00+08:00,33,1416,33,2026-09-21T06:30:00.000Z,33,{"25°C or below":0;"26°C":0;"27°C":0;"28°C":0;"29°C":0;"30°C":0;"31°C":0;"32°C":0;"33°C":99;"34°C":0;"35°C or higher":0},{"25°C or below":0;"26°C":0;"27°C":0;"28°C":0;"29°C":0;"30°C":0;"31°C":0;"32°C":0;"33°C":99;"34°C":0;"35°C or higher":0}
2026-09-21T07:00:18.305Z,202609211450,32.5,2026-09-21T14:00:00+08:00,33,1416,33,2026-09-21T06:30:00.000Z,33,{"25°C or below":0;"26°C":0;"27°C":0;"28°C":0;"29°C":0;"30°C":0;"31°C":0;"32°C":0;"33°C":99;"34°C":0;"35°C or higher":0},{"25°C or below":0;"26°C":0;"27°C":0;"28°C":0;"29°C":0;"30°C":0;"31°C":0;"32°C":0;"33°C":100;"34°C":0;"35°C or higher":0}
2026-09-21T07:00:50.869Z,202609211450,32.5,2026-09-21T14:00:00+08:00,33,1416,33,2026-09-21T06:30:00.000Z,33,{"25°C or below":0;"26°C":0;"27°C":0;"28°C":0;"29°C":0;"30°C":0;"31°C":0;"32°C":0;"33°C":99;"34°C":0;"35°C or higher":0},{"25°C or below":0;"26°C":0;"27°C":0;"28°C":0;"29°C":0;"30°C":0;"31°C":0;"32°C":0;"33°C":100;"34°C":0;"35°C or higher":0}
2026-09-21T07:01:23.979Z,202609211450,32.5,2026-09-21T14:00:00+08:00,33,1416,33,2026-09-21T06:30:00.000Z,33,{"25°C or below":0;"26°C":0;"27°C":0;"28°C":0;"29°C":0;"30°C":0;"31°C":0;"32°C":0;"33°C":99;"34°C":0;"35°C or higher":0},{"25°C or below":0;"26°C":0;"27°C":0;"28°C":0;"29°C":0;"30°C":0;"31°C":0;"32°C":0;"33°C":100;"34°C":0;"35°C or higher":0}
2026-09-21T07:01:57.236Z,202609211450,32.5,2026-09-21T14:00:00+08:00,33,1416,33,2026-09-21T06:30:00.000Z,33,{"25°C or below":0;"26°C":0;"27°C":0;"28°C":0;"29°C":0;"30°C":0;"31°C":0;"32°C":0;"33°C":99;"34°C":0;"35°C or higher":0},{"25°C or below":0;"26°C":0;"27°C":0;"28°C":0;"29°C":0;"30°C":0;"31°C":0;"32°C":0;"33°C":100;"34°C":0;"35°C or higher":0}
2026-09-21T07:02:49.048Z,202609211450,32.5,2026-09-21T14:00:00+08:00,33,1416,33,,,{"25°C or below":0;"26°C":0;"27°C":0;"28°C":0;"29°C":0;"30°C":0;"31°C":0;"32°C":0;"33°C":99;"34°C":0;"35°C or higher":0},{"25°C or below":0;"26°C":0;"27°C":0;"28°C":0;"29°C":0;"30°C":0;"31°C":0;"32°C":0;"33°C":99;"34°C":0;"35°C or higher":0}
2026-09-21T07:03:22.815Z,202609211450,32.5,2026-09-21T14:00:00+08:00,33,1502,32,2026-09-21T07:00:00.000Z,33,{"25°C or below":0;"26°C":0;"27°C":0;"28°C":0;"29°C":0;"30°C":0;"31°C":0;"32°C":0;"33°C":99;"34°C":0;"35°C or higher":0},{"25°C or below":0;"26°C":0;"27°C":0;"28°C":0;"29°C":0;"30°C":0;"31°C":0;"32°C":0;"33°C":99;"34°C":0;"35°C or higher":0}
2026-09-21T07:03:55.912Z,202609211450,32.5,2026-09-21T15:00:00+08:00,32,1502,32,2026-09-21T07:00:00.000Z,33,{"25°C or below":0;"26°C":0;"27°C":0;"28°C":0;"29°C":0;"30°C":0;"31°C":0;"32°C":0;"33°C":99;"34°C":0;"35°C or higher":0},{"25°C or below":0;"26°C":0;"27°C":0;"28°C":0;"29°C":0;"30°C":0;"31°C":0;"32°C":0;"33°C":99;"34°C":0;"35°C or higher":0}
2026-09-21T07:04:29.500Z,202609211450,32.5,2026-09-21T15:00:00+08:00,32,1502,32,2026-09-21T07:00:00.000Z,33,{"25°C or below":0;"26°C":0;"27°C":0;"28°C":0;"29°C":0;"30°C":0;"31°C":0;"32°C":0;"33°C":99;"34°C":0;"35°C or higher":0},{"25°C or below":0;"26°C":0;"27°C":0;"28°C":0;"29°C":0;"30°C":0;"31°C":0;"32°C":0;"33°C":99;"34°C":0;"35°C or higher":0}
2026-09-21T07:05:02.346Z,202609211450,32.5,2026-09-21T15:00:00+08:00,32,1502,32,2026-09-21T07:00:00.000Z,33,{"25°C or below":0;"26°C":0;"27°C":0;"28°C":0;"29°C":0;"30°C":0;"31°C":0;"32°C":0;"33°C":99;"34°C":0;"35°C or higher":0},{"25°C or below":0;"26°C":0;"27°C":0;"28°C":0;"29°C":0;"30°C":0;"31°C":0;"32°C":0;"33°C":99;"34°C":0;"35°C or higher":0}
2026-09-21T07:05:36.140Z,202609211450,32.5,2026-09-21T15:00:00+08:00,32,1502,32,2026-09-21T07:00:00.000Z,33,{"25°C or below":0;"26°C":0;"27°C":0;"28°C":0;"29°C":0;"30°C":0;"31°C":0;"32°C":0;"33°C":99;"34°C":0;"35°C or higher":0},{"25°C or below":0;"26°C":0;"27°C":0;"28°C":0;"29°C":0;"30°C":0;"31°C":0;"32°C":0;"33°C":99;"34°C":0;"35°C or higher":0}
2026-09-21T07:06:09.908Z,202609211450,32.5,2026-09-21T15:00:00+08:00,32,1502,32,2026-09-21T07:00:00.000Z,33,{"25°C or below":0;"26°C":0;"27°C":0;"28°C":0;"29°C":0;"30°C":0;"31°C":0;"32°C":0;"33°C":99;"34°C":0;"35°C or higher":0},{"25°C or below":0;"26°C":0;"27°C":0;"28°C":0;"29°C":0;"30°C":0;"31°C":0;"32°C":0;"33°C":99;"34°C":0;"35°C or higher":0}
2026-09-21T07:06:44.614Z,202609211450,32.5,2026-09-21T15:00:00+08:00,32,1502,32,2026-09-21T07:00:00.000Z,33,{"25°C or below":0;"26°C":0;"27°C":0;"28°C":0;"29°C":0;"30°C":0;"31°C":0;"32°C":0;"33°C":99;"34°C":0;"35°C or higher":0},{"25°C or below":0;"26°C":0;"27°C":0;"28°C":0;"29°C":0;"30°C":0;"31°C":0;"32°C":0;"33°C":99;"34°C":0;"35°C or higher":0}
2026-09-21T07:07:17.609Z,202609211450,32.5,2026-09-21T15:00:00+08:00,32,1502,32,2026-09-21T07:00:00.000Z,33,{"25°C or below":0;"26°C":0;"27°C":0;"28°C":0;"29°C":0;"30°C":0;"31°C":0;"32°C":0;"33°C":99;"34°C":0;"35°C or higher":0},{"25°C or below":0;"26°C":0;"27°C":0;"28°C":0;"29°C":0;"30°C":0;"31°C":0;"32°C":0;"33°C":99;"34°C":0;"35°C or higher":0}
2026-09-21T07:07:50.516Z,202609211450,32.5,2026-09-21T15:00:00+08:00,32,1502,32,2026-09-21T07:00:00.000Z,33,{"25°C or below":0;"26°C":0;"27°C":0;"28°C":0;"29°C":0;"30°C":0;"31°C":0;"32°C":0;"33°C":99;"34°C":0;"35°C or higher":0},{"25°C or below":0;"26°C":0;"27°C":0;"28°C":0;"29°C":0;"30°C":0;"31°C":0;"32°C":0;"33°C":100;"34°C":0;"35°C or higher":0}
2026-09-21T07:08:23.483Z,202609211450,32.5,2026-09-21T15:00:00+08:00,32,1502,32,2026-09-21T07:00:00.000Z,33,{"25°C or below":0;"26°C":0;"27°C":0;"28°C":0;"29°C":0;"30°C":0;"31°C":0;"32°C":0;"33°C":99;"34°C":0;"35°C or higher":0},{"25°C or below":0;"26°C":0;"27°C":0;"28°C":0;"29°C":0;"30°C":0;"31°C":0;"32°C":0;"33°C":100;"34°C":0;"35°C or higher":0}
2026-09-21T07:08:56.159Z,202609211500,32.3,2026-09-21T15:00:00+08:00,32,1502,32,2026-09-21T07:00:00.000Z,33,{"25°C or below":0;"26°C":0;"27°C":0;"28°C":0;"29°C":0;"30°C":0;"31°C":0;"32°C":0;"33°C":99;"34°C":0;"35°C or higher":0},{"25°C or below":0;"26°C":0;"27°C":0;"28°C":0;"29°C":0;"30°C":0;"31°C":0;"32°C":0;"33°C":100;"34°C":0;"35°C or higher":0}
2026-09-21T07:09:29.187Z,202609211500,32.3,2026-09-21T15:00:00+08:00,32,1502,32,2026-09-21T07:00:00.000Z,33,{"25°C or below":0;"26°C":0;"27°C":0;"28°C":0;"29°C":0;"30°C":0;"31°C":0;"32°C":0;"33°C":100;"34°C":0;"35°C or higher":0},{"25°C or below":0;"26°C":0;"27°C":0;"28°C":0;"29°C":0;"30°C":0;"31°C":0;"32°C":0;"33°C":100;"34°C":0;"35°C or higher":0}
2026-09-21T07:10:02.252Z,202609211500,32.3,2026-09-21T15:00:00+08:00,32,1502,32,2026-09-21T07:00:00.000Z,33,{"25°C or below":0;"26°C":0;"27°C":0;"28°C":0;"29°C":0;"30°C":0;"31°C":0;"32°C":0;"33°C":100;"34°C":0;"35°C or higher":0},{"25°C or below":0;"26°C":0;"27°C":0;"28°C":0;"29°C":0;"30°C":0;"31°C":0;"32°C":0;"33°C":100;"34°C":0;"35°C or higher":0}
2026-09-21T07:10:35.510Z,202609211500,32.3,2026-09-21T15:00:00+08:00,32,1502,32,2026-09-21T07:00:00.000Z,33,{"25°C or below":0;"26°C":0;"27°C":0;"28°C":0;"29°C":0;"30°C":0;"31°C":0;"32°C":0;"33°C":100;"34°C":0;"35°C or higher":0},{"25°C or below":0;"26°C":0;"27°C":0;"28°C":0;"29°C":0;"30°C":0;"31°C":0;"32°C":0;"33°C":100;"34°C":0;"35°C or higher":0}
2026-09-21T07:11:09.043Z,202609211500,32.3,2026-09-21T15:00:00+08:00,32,1502,32,2026-09-21T07:00:00.000Z,33,{"25°C or below":0;"26°C":0;"27°C":0;"28°C":0;"29°C":0;"30°C":0;"31°C":0;"32°C":0;"33°C":100;"34°C":0;"35°C or higher":0},{"25°C or below":0;"26°C":0;"27°C":0;"28°C":0;"29°C":0;"30°C":0;"31°C":0;"32°C":0;"33°C":100;"34°C":0;"35°C or higher":0}
2026-09-21T07:11:42.275Z,202609211500,32.3,2026-09-21T15:00:00+08:00,32,1502,32,2026-09-21T07:00:00.000Z,33,{"25°C or below":0;"26°C":0;"27°C":0;"28°C":0;"29°C":0;"30°C":0;"31°C":0;"32°C":0;"33°C":100;"34°C":0;"35°C or higher":0},{"25°C or below":0;"26°C":0;"27°C":0;"28°C":0;"29°C":0;"30°C":0;"31°C":0;"32°C":0;"33°C":100;"34°C":0;"35°C or higher":0}
2026-09-21T07:12:15.591Z,202609211500,32.3,2026-09-21T15:00:00+08:00,32,1502,32,2026-09-21T07:00:00.000Z,33,{"25°C or below":0;"26°C":0;"27°C":0;"28°C":0;"29°C":0;"30°C":0;"31°C":0;"32°C":0;"33°C":100;"34°C":0;"35°C or higher":0},{"25°C or below":0;"26°C":0;"27°C":0;"28°C":0;"29°C":0;"30°C":0;"31°C":0;"32°C":0;"33°C":100;"34°C":0;"35°C or higher":0}
2026-09-21T07:12:48.747Z,202609211500,32.3,2026-09-21T15:00:00+08:00,32,1502,32,2026-09-21T07:00:00.000Z,33,{"25°C or below":0;"26°C":0;"27°C":0;"28°C":0;"29°C":0;"30°C":0;"31°C":0;"32°C":0;"33°C":100;"34°C":0;"35°C or higher":0},{"25°C or below":0;"26°C":0;"27°C":0;"28°C":0;"29°C":0;"30°C":0;"31°C":0;"32°C":0;"33°C":100;"34°C":0;"35°C or higher":0}
2026-09-21T07:13:22.209Z,202609211500,32.3,2026-09-21T15:00:00+08:00,32,1502,32,2026-09-21T07:00:00.000Z,33,{"25°C or below":0;"26°C":0;"27°C":0;"28°C":0;"29°C":0;"30°C":0;"31°C":0;"32°C":0;"33°C":100;"34°C":0;"35°C or higher":0},{"25°C or below":0;"26°C":0;"27°C":0;"28°C":0;"29°C":0;"30°C":0;"31°C":0;"32°C":0;"33°C":100;"34°C":0;"35°C or higher":0}
2026-09-21T07:13:54.651Z,202609211500,32.3,2026-09-21T15:00:00+08:00,32,1502,32,2026-09-21T07:00:00.000Z,33,{"25°C or below":0;"26°C":0;"27°C":0;"28°C":0;"29°C":0;"30°C":0;"31°C":0;"32°C":0;"33°C":100;"34°C":0;"35°C or higher":0},{"25°C or below":0;"26°C":0;"27°C":0;"28°C":0;"29°C":0;"30°C":0;"31°C":0;"32°C":0;"33°C":100;"34°C":0;"35°C or higher":0}
2026-09-21T07:14:27.891Z,202609211500,32.3,2026-09-21T15:00:00+08:00,32,1502,32,2026-09-21T07:00:00.000Z,33,{"25°C or below":0;"26°C":0;"27°C":0;"28°C":0;"29°C":0;"30°C":0;"31°C":0;"32°C":0;"33°C":100;"34°C":0;"35°C or higher":0},{"25°C or below":0;"26°C":0;"27°C":0;"28°C":0;"29°C":0;"30°C":0;"31°C":0;"32°C":0;"33°C":100;"34°C":0;"35°C or higher":0}
2026-09-21T07:15:00.534Z,202609211500,32.3,2026-09-21T15:00:00+08:00,32,1502,32,2026-09-21T07:00:00.000Z,33,{"25°C or below":0;"26°C":0;"27°C":0;"28°C":0;"29°C":0;"30°C":0;"31°C":0;"32°C":0;"33°C":100;"34°C":0;"35°C or higher":0},{"25°C or below":0;"26°C":0;"27°C":0;"28°C":0;"29°C":0;"30°C":0;"31°C":0;"32°C":0;"33°C":100;"34°C":0;"35°C or higher":0}
2026-09-21T07:15:33.546Z,202609211500,32.3,2026-09-21T15:00:00+08:00,32,1502,32,2026-09-21T07:00:00.000Z,33,{"25°C or below":0;"26°C":0;"27°C":0;"28°C":0;"29°C":0;"30°C":0;"31°C":0;"32°C":0;"33°C":100;"34°C":0;"35°C or higher":0},{"25°C or below":0;"26°C":0;"27°C":0;"28°C":0;"29°C":0;"30°C":0;"31°C":0;"32°C":0;"33°C":100;"34°C":0;"35°C or higher":0}
2026-09-21T07:16:06.600Z,202609211500,32.3,2026-09-21T15:00:00+08:00,32,1502,32,2026-09-21T07:00:00.000Z,33,{"25°C or below":0;"26°C":0;"27°C":0;"28°C":0;"29°C":0;"30°C":0;"31°C":0;"32°C":0;"33°C":100;"34°C":0;"35°C or higher":0},{"25°C or below":0;"26°C":0;"27°C":0;"28°C":0;"29°C":0;"30°C":0;"31°C":0;"32°C":0;"33°C":100;"34°C":0;"35°C or higher":0}
2026-09-21T07:16:40.125Z,202609211500,32.3,2026-09-21T15:00:00+08:00,32,1502,32,2026-09-21T07:00:00.000Z,33,{"25°C or below":0;"26°C":0;"27°C":0;"28°C":0;"29°C":0;"30°C":0;"31°C":0;"32°C":0;"33°C":100;"34°C":0;"35°C or higher":0},{"25°C or below":0;"26°C":0;"27°C":0;"28°C":0;"29°C":0;"30°C":0;"31°C":0;"32°C":0;"33°C":100;"34°C":0;"35°C or higher":0}
2026-09-21T07:17:13.626Z,202609211500,32.3,2026-09-21T15:00:00+08:00,32,1502,32,2026-09-21T07:00:00.000Z,33,{"25°C or below":0;"26°C":0;"27°C":0;"28°C":0;"29°C":0;"30°C":0;"31°C":0;"32°C":0;"33°C":100;"34°C":0;"35°C or higher":0},{"25°C or below":0;"26°C":0;"27°C":0;"28°C":0;"29°C":0;"30°C":0;"31°C":0;"32°C":0;"33°C":100;"34°C":0;"35°C or higher":0}
2026-09-21T07:17:46.519Z,202609211510,32.5,2026-09-21T15:00:00+08:00,32,1502,32,2026-09-21T07:00:00.000Z,33,{"25°C or below":0;"26°C":0;"27°C":0;"28°C":0;"29°C":0;"30°C":0;"31°C":0;"32°C":0;"33°C":100;"34°C":0;"35°C or higher":0},{"25°C or below":0;"26°C":0;"27°C":0;"28°C":0;"29°C":0;"30°C":0;"31°C":0;"32°C":0;"33°C":100;"34°C":0;"35°C or higher":0}
2026-09-21T07:18:19.915Z,202609211510,32.5,2026-09-21T15:00:00+08:00,32,1502,32,2026-09-21T07:00:00.000Z,33,{"25°C or below":0;"26°C":0;"27°C":0;"28°C":0;"29°C":0;"30°C":0;"31°C":0;"32°C":0;"33°C":100;"34°C":0;"35°C or higher":0},{"25°C or below":0;"26°C":0;"27°C":0;"28°C":0;"29°C":0;"30°C":0;"31°C":0;"32°C":0;"33°C":100;"34°C":0;"35°C or higher":0}
2026-09-21T07:18:53.073Z,202609211510,32.5,2026-09-21T15:00:00+08:00,32,1502,32,2026-09-21T07:00:00.000Z,33,{"25°C or below":0;"26°C":0;"27°C":0;"28°C":0;"29°C":0;"30°C":0;"31°C":0;"32°C":0;"33°C":100;"34°C":0;"35°C or higher":0},{"25°C or below":0;"26°C":0;"27°C":0;"28°C":0;"29°C":0;"30°C":0;"31°C":0;"32°C":0;"33°C":100;"34°C":0;"35°C or higher":0}
2026-09-21T07:19:26.069Z,202609211510,32.5,2026-09-21T15:00:00+08:00,32,1502,32,2026-09-21T07:00:00.000Z,33,{"25°C or below":0;"26°C":0;"27°C":0;"28°C":0;"29°C":0;"30°C":0;"31°C":0;"32°C":0;"33°C":100;"34°C":0;"35°C or higher":0},{"25°C or below":0;"26°C":0;"27°C":0;"28°C":0;"29°C":0;"30°C":0;"31°C":0;"32°C":0;"33°C":100;"34°C":0;"35°C or higher":0}
2026-09-21T07:19:59.464Z,202609211510,32.5,2026-09-21T15:00:00+08:00,32,1502,32,2026-09-21T07:00:00.000Z,33,{"25°C or below":0;"26°C":0;"27°C":0;"28°C":0;"29°C":0;"30°C":0;"31°C":0;"32°C":0;"33°C":100;"34°C":0;"35°C or higher":0},{"25°C or below":0;"26°C":0;"27°C":0;"28°C":0;"29°C":0;"30°C":0;"31°C":0;"32°C":0;"33°C":100;"34°C":0;"35°C or higher":0}
2026-09-21T07:20:32.186Z,202609211510,32.5,2026-09-21T15:00:00+08:00,32,1502,32,2026-09-21T07:00:00.000Z,33,{"25°C or below":0;"26°C":0;"27°C":0;"28°C":0;"29°C":0;"30°C":0;"31°C":0;"32°C":0;"33°C":100;"34°C":0;"35°C or higher":0},{"25°C or below":0;"26°C":0;"27°C":0;"28°C":0;"29°C":0;"30°C":0;"31°C":0;"32°C":0;"33°C":100;"34°C":0;"35°C or higher":0}
2026-09-21T07:21:04.999Z,202609211510,32.5,2026-09-21T15:00:00+08:00,32,1502,32,2026-09-21T07:00:00.000Z,33,{"25°C or below":0;"26°C":0;"27°C":0;"28°C":0;"29°C":0;"30°C":0;"31°C":0;"32°C":0;"33°C":100;"34°C":0;"35°C or higher":0},{"25°C or below":0;"26°C":0;"27°C":0;"28°C":0;"29°C":0;"30°C":0;"31°C":0;"32°C":0;"33°C":100;"34°C":0;"35°C or higher":0}
2026-09-21T07:21:37.807Z,202609211510,32.5,2026-09-21T15:00:00+08:00,32,1502,32,2026-09-21T07:00:00.000Z,33,{"25°C or below":0;"26°C":0;"27°C":0;"28°C":0;"29°C":0;"30°C":0;"31°C":0;"32°C":0;"33°C":100;"34°C":0;"35°C or higher":0},{"25°C or below":0;"26°C":0;"27°C":0;"28°C":0;"29°C":0;"30°C":0;"31°C":0;"32°C":0;"33°C":100;"34°C":0;"35°C or higher":0}
2026-09-21T07:22:11.135Z,202609211510,32.5,2026-09-21T15:00:00+08:00,32,1502,32,2026-09-21T07:00:00.000Z,33,{"25°C or below":0;"26°C":0;"27°C":0;"28°C":0;"29°C":0;"30°C":0;"31°C":0;"32°C":0;"33°C":100;"34°C":0;"35°C or higher":0},{"25°C or below":0;"26°C":0;"27°C":0;"28°C":0;"29°C":0;"30°C":0;"31°C":0;"32°C":0;"33°C":100;"34°C":0;"35°C or higher":0}
2026-09-21T07:22:44.097Z,202609211510,32.5,2026-09-21T15:00:00+08:00,32,1502,32,2026-09-21T07:00:00.000Z,33,{"25°C or below":0;"26°C":0;"27°C":0;"28°C":0;"29°C":0;"30°C":0;"31°C":0;"32°C":0;"33°C":100;"34°C":0;"35°C or higher":0},{"25°C or below":0;"26°C":0;"27°C":0;"28°C":0;"29°C":0;"30°C":0;"31°C":0;"32°C":0;"33°C":100;"34°C":0;"35°C or higher":0}
2026-09-21T07:23:18.358Z,202609211510,32.5,2026-09-21T15:00:00+08:00,32,1502,32,2026-09-21T07:00:00.000Z,33,{"25°C or below":0;"26°C":0;"27°C":0;"28°C":0;"29°C":0;"30°C":0;"31°C":0;"32°C":0;"33°C":100;"34°C":0;"35°C or higher":0},{"25°C or below":0;"26°C":0;"27°C":0;"28°C":0;"29°C":0;"30°C":0;"31°C":0;"32°C":0;"33°C":100;"34°C":0;"35°C or higher":0}
2026-09-21T07:23:51.766Z,202609211510,32.5,2026-09-21T15:00:00+08:00,32,1502,32,2026-09-21T07:00:00.000Z,33,{"25°C or below":0;"26°C":0;"27°C":0;"28°C":0;"29°C":0;"30°C":0;"31°C":0;"32°C":0;"33°C":100;"34°C":0;"35°C or higher":0},{"25°C or below":0;"26°C":0;"27°C":0;"28°C":0;"29°C":0;"30°C":0;"31°C":0;"32°C":0;"33°C":100;"34°C":0;"35°C or higher":0}
2026-09-21T07:24:24.640Z,202609211510,32.5,2026-09-21T15:00:00+08:00,32,1502,32,2026-09-21T07:00:00.000Z,33,{"25°C or below":0;"26°C":0;"27°C":0;"28°C":0;"29°C":0;"30°C":0;"31°C":0;"32°C":0;"33°C":100;"34°C":0;"35°C or higher":0},{"25°C or below":0;"26°C":0;"27°C":0;"28°C":0;"29°C":0;"30°C":0;"31°C":0;"32°C":0;"33°C":100;"34°C":0;"35°C or higher":0}
2026-09-21T07:24:57.864Z,202609211510,32.5,2026-09-21T15:00:00+08:00,32,1502,32,2026-09-21T07:00:00.000Z,33,{"25°C or below":0;"26°C":0;"27°C":0;"28°C":0;"29°C":0;"30°C":0;"31°C":0;"32°C":0;"33°C":100;"34°C":0;"35°C or higher":0},{"25°C or below":0;"26°C":0;"27°C":0;"28°C":0;"29°C":0;"30°C":0;"31°C":0;"32°C":0;"33°C":100;"34°C":0;"35°C or higher":0}
2026-09-21T07:25:30.412Z,202609211510,32.5,2026-09-21T15:00:00+08:00,32,1502,32,2026-09-21T07:00:00.000Z,33,{"25°C or below":0;"26°C":0;"27°C":0;"28°C":0;"29°C":0;"30°C":0;"31°C":0;"32°C":0;"33°C":100;"34°C":0;"35°C or higher":0},{"25°C or below":0;"26°C":0;"27°C":0;"28°C":0;"29°C":0;"30°C":0;"31°C":0;"32°C":0;"33°C":100;"34°C":0;"35°C or higher":0}
2026-09-21T07:26:03.812Z,202609211510,32.5,2026-09-21T15:00:00+08:00,32,1502,32,2026-09-21T07:00:00.000Z,33,{"25°C or below":0;"26°C":0;"27°C":0;"28°C":0;"29°C":0;"30°C":0;"31°C":0;"32°C":0;"33°C":100;"34°C":0;"35°C or higher":0},{"25°C or below":0;"26°C":0;"27°C":0;"28°C":0;"29°C":0;"30°C":0;"31°C":0;"32°C":0;"33°C":100;"34°C":0;"35°C or higher":0}
2026-09-21T07:26:36.687Z,202609211510,32.5,2026-09-21T15:00:00+08:00,32,1502,32,2026-09-21T07:00:00.000Z,33,{"25°C or below":0;"26°C":0;"27°C":0;"28°C":0;"29°C":0;"30°C":0;"31°C":0;"32°C":0;"33°C":100;"34°C":0;"35°C or higher":0},{"25°C or below":0;"26°C":0;"27°C":0;"28°C":0;"29°C":0;"30°C":0;"31°C":0;"32°C":0;"33°C":100;"34°C":0;"35°C or higher":0}
2026-09-21T07:27:09.268Z,202609211510,32.5,2026-09-21T15:00:00+08:00,32,1502,32,2026-09-21T07:00:00.000Z,33,{"25°C or below":0;"26°C":0;"27°C":0;"28°C":0;"29°C":0;"30°C":0;"31°C":0;"32°C":0;"33°C":100;"34°C":0;"35°C or higher":0},{"25°C or below":0;"26°C":0;"27°C":0;"28°C":0;"29°C":0;"30°C":0;"31°C":0;"32°C":0;"33°C":100;"34°C":0;"35°C or higher":0}
2026-09-21T07:27:42.389Z,202609211510,32.5,2026-09-21T15:00:00+08:00,32,1502,32,2026-09-21T07:00:00.000Z,33,{"25°C or below":0;"26°C":0;"27°C":0;"28°C":0;"29°C":0;"30°C":0;"31°C":0;"32°C":0;"33°C":100;"34°C":0;"35°C or higher":0},{"25°C or below":0;"26°C":0;"27°C":0;"28°C":0;"29°C":0;"30°C":0;"31°C":0;"32°C":0;"33°C":100;"34°C":0;"35°C or higher":0}
2026-09-21T07:28:15.491Z,202609211520,32.3,2026-09-21T15:00:00+08:00,32,1502,32,2026-09-21T07:00:00.000Z,33,{"25°C or below":0;"26°C":0;"27°C":0;"28°C":0;"29°C":0;"30°C":0;"31°C":0;"32°C":0;"33°C":100;"34°C":0;"35°C or higher":0},{"25°C or below":0;"26°C":0;"27°C":0;"28°C":0;"29°C":0;"30°C":0;"31°C":0;"32°C":0;"33°C":100;"34°C":0;"35°C or higher":0}
2026-09-21T07:28:48.585Z,202609211520,32.3,2026-09-21T15:00:00+08:00,32,1502,32,2026-09-21T07:00:00.000Z,33,{"25°C or below":0;"26°C":0;"27°C":0;"28°C":0;"29°C":0;"30°C":0;"31°C":0;"32°C":0;"33°C":100;"34°C":0;"35°C or higher":0},{"25°C or below":0;"26°C":0;"27°C":0;"28°C":0;"29°C":0;"30°C":0;"31°C":0;"32°C":0;"33°C":100;"34°C":0;"35°C or higher":0}
2026-09-21T07:29:30.071Z,202609211520,32.3,2026-09-21T15:00:00+08:00,32,1502,32,2026-09-21T07:00:00.000Z,33,{"25°C or below":0;"26°C":0;"27°C":0;"28°C":0;"29°C":0;"30°C":0;"31°C":0;"32°C":0;"33°C":100;"34°C":0;"35°C or higher":0},{"25°C or below":0;"26°C":0;"27°C":0;"28°C":0;"29°C":0;"30°C":0;"31°C":0;"32°C":0;"33°C":100;"34°C":0;"35°C or higher":0}
2026-09-21T07:30:02.854Z,202609211520,32.3,2026-09-21T15:00:00+08:00,32,1502,32,2026-09-21T07:00:00.000Z,33,{"25°C or below":0;"26°C":0;"27°C":0;"28°C":0;"29°C":0;"30°C":0;"31°C":0;"32°C":0;"33°C":100;"34°C":0;"35°C or higher":0},{"25°C or below":0;"26°C":0;"27°C":0;"28°C":0;"29°C":0;"30°C":0;"31°C":0;"32°C":0;"33°C":100;"34°C":0;"35°C or higher":0}
2026-09-21T07:30:38.681Z,202609211520,32.3,2026-09-21T15:00:00+08:00,32,1502,32,2026-09-21T07:00:00.000Z,33,{"25°C or below":0;"26°C":0;"27°C":0;"28°C":0;"29°C":0;"30°C":0;"31°C":0;"32°C":0;"33°C":100;"34°C":0;"35°C or higher":0},{"25°C or below":0;"26°C":0;"27°C":0;"28°C":0;"29°C":0;"30°C":0;"31°C":0;"32°C":0;"33°C":100;"34°C":0;"35°C or higher":0}
2026-09-21T07:31:11.463Z,202609211520,32.3,2026-09-21T15:00:00+08:00,32,1502,32,2026-09-21T07:00:00.000Z,33,{"25°C or below":0;"26°C":0;"27°C":0;"28°C":0;"29°C":0;"30°C":0;"31°C":0;"32°C":0;"33°C":100;"34°C":0;"35°C or higher":0},{"25°C or below":0;"26°C":0;"27°C":0;"28°C":0;"29°C":0;"30°C":0;"31°C":0;"32°C":0;"33°C":100;"34°C":0;"35°C or higher":0}
2026-09-21T07:31:44.384Z,202609211520,32.3,2026-09-21T15:00:00+08:00,32,1502,32,2026-09-21T07:00:00.000Z,33,{"25°C or below":0;"26°C":0;"27°C":0;"28°C":0;"29°C":0;"30°C":0;"31°C":0;"32°C":0;"33°C":100;"34°C":0;"35°C or higher":0},{"25°C or below":0;"26°C":0;"27°C":0;"28°C":0;"29°C":0;"30°C":0;"31°C":0;"32°C":0;"33°C":100;"34°C":0;"35°C or higher":0}
2026-09-21T07:32:17.957Z,202609211520,32.3,2026-09-21T15:00:00+08:00,32,1502,32,2026-09-21T07:00:00.000Z,33,{"25°C or below":0;"26°C":0;"27°C":0;"28°C":0;"29°C":0;"30°C":0;"31°C":0;"32°C":0;"33°C":100;"34°C":0;"35°C or higher":0},{"25°C or below":0;"26°C":0;"27°C":0;"28°C":0;"29°C":0;"30°C":0;"31°C":0;"32°C":0;"33°C":100;"34°C":0;"35°C or higher":0}
2026-09-21T07:32:51.244Z,202609211520,32.3,2026-09-21T15:00:00+08:00,32,1502,32,2026-09-21T07:30:00.000Z,32,{"25°C or below":0;"26°C":0;"27°C":0;"28°C":0;"29°C":0;"30°C":0;"31°C":0;"32°C":0;"33°C":100;"34°C":0;"35°C or higher":0},{"25°C or below":0;"26°C":0;"27°C":0;"28°C":0;"29°C":0;"30°C":0;"31°C":0;"32°C":0;"33°C":100;"34°C":0;"35°C or higher":0}
2026-09-21T07:33:24.970Z,202609211520,32.3,2026-09-21T15:00:00+08:00,32,1502,32,2026-09-21T07:30:00.000Z,32,{"25°C or below":0;"26°C":0;"27°C":0;"28°C":0;"29°C":0;"30°C":0;"31°C":0;"32°C":0;"33°C":100;"34°C":0;"35°C or higher":0},{"25°C or below":0;"26°C":0;"27°C":0;"28°C":0;"29°C":0;"30°C":0;"31°C":0;"32°C":0;"33°C":100;"34°C":0;"35°C or higher":0}
2026-09-21T07:33:58.554Z,202609211520,32.3,2026-09-21T15:00:00+08:00,32,1502,32,2026-09-21T07:30:00.000Z,32,{"25°C or below":0;"26°C":0;"27°C":0;"28°C":0;"29°C":0;"30°C":0;"31°C":0;"32°C":0;"33°C":100;"34°C":0;"35°C or higher":0},{"25°C or below":0;"26°C":0;"27°C":0;"28°C":0;"29°C":0;"30°C":0;"31°C":0;"32°C":0;"33°C":100;"34°C":0;"35°C or higher":0}
2026-09-21T07:34:31.695Z,202609211520,32.3,2026-09-21T15:00:00+08:00,32,1502,32,2026-09-21T07:30:00.000Z,32,{"25°C or below":0;"26°C":0;"27°C":0;"28°C":0;"29°C":0;"30°C":0;"31°C":0;"32°C":0;"33°C":100;"34°C":0;"35°C or higher":0},{"25°C or below":0;"26°C":0;"27°C":0;"28°C":0;"29°C":0;"30°C":0;"31°C":0;"32°C":0;"33°C":100;"34°C":0;"35°C or higher":0}
2026-09-21T07:35:04.591Z,202609211520,32.3,2026-09-21T15:00:00+08:00,32,1502,32,2026-09-21T07:30:00.000Z,32,{"25°C or below":0;"26°C":0;"27°C":0;"28°C":0;"29°C":0;"30°C":0;"31°C":0;"32°C":0;"33°C":100;"34°C":0;"35°C or higher":0},{"25°C or below":0;"26°C":0;"27°C":0;"28°C":0;"29°C":0;"30°C":0;"31°C":0;"32°C":0;"33°C":100;"34°C":0;"35°C or higher":0}
2026-09-21T07:35:37.010Z,202609211520,32.3,2026-09-21T15:00:00+08:00,32,1502,32,2026-09-21T07:30:00.000Z,32,{"25°C or below":0;"26°C":0;"27°C":0;"28°C":0;"29°C":0;"30°C":0;"31°C":0;"32°C":0;"33°C":100;"34°C":0;"35°C or higher":0},{"25°C or below":0;"26°C":0;"27°C":0;"28°C":0;"29°C":0;"30°C":0;"31°C":0;"32°C":0;"33°C":100;"34°C":0;"35°C or higher":0}
2026-09-21T07:36:09.904Z,202609211520,32.3,2026-09-21T15:00:00+08:00,32,1502,32,2026-09-21T07:30:00.000Z,32,{"25°C or below":0;"26°C":0;"27°C":0;"28°C":0;"29°C":0;"30°C":0;"31°C":0;"32°C":0;"33°C":100;"34°C":0;"35°C or higher":0},{"25°C or below":0;"26°C":0;"27°C":0;"28°C":0;"29°C":0;"30°C":0;"31°C":0;"32°C":0;"33°C":100;"34°C":0;"35°C or higher":0}
2026-09-21T07:36:42.533Z,202609211520,32.3,2026-09-21T15:00:00+08:00,32,1502,32,2026-09-21T07:30:00.000Z,32,{"25°C or below":0;"26°C":0;"27°C":0;"28°C":0;"29°C":0;"30°C":0;"31°C":0;"32°C":0;"33°C":100;"34°C":0;"35°C or higher":0},{"25°C or below":0;"26°C":0;"27°C":0;"28°C":0;"29°C":0;"30°C":0;"31°C":0;"32°C":0;"33°C":100;"34°C":0;"35°C or higher":0}
2026-09-21T07:37:15.297Z,202609211520,32.3,2026-09-21T15:00:00+08:00,32,1502,32,2026-09-21T07:30:00.000Z,32,{"25°C or below":0;"26°C":0;"27°C":0;"28°C":0;"29°C":0;"30°C":0;"31°C":0;"32°C":0;"33°C":100;"34°C":0;"35°C or higher":0},{"25°C or below":0;"26°C":0;"27°C":0;"28°C":0;"29°C":0;"30°C":0;"31°C":0;"32°C":0;"33°C":100;"34°C":0;"35°C or higher":0}
2026-09-21T07:37:48.706Z,202609211520,32.3,2026-09-21T15:00:00+08:00,32,1502,32,2026-09-21T07:30:00.000Z,32,{"25°C or below":0;"26°C":0;"27°C":0;"28°C":0;"29°C":0;"30°C":0;"31°C":0;"32°C":0;"33°C":100;"34°C":0;"35°C or higher":0},{"25°C or below":0;"26°C":0;"27°C":0;"28°C":0;"29°C":0;"30°C":0;"31°C":0;"32°C":0;"33°C":100;"34°C":0;"35°C or higher":0}
2026-09-21T07:38:21.444Z,202609211530,32.1,2026-09-21T15:00:00+08:00,32,1502,32,2026-09-21T07:30:00.000Z,32,{"25°C or below":0;"26°C":0;"27°C":0;"28°C":0;"29°C":0;"30°C":0;"31°C":0;"32°C":0;"33°C":100;"34°C":0;"35°C or higher":0},{"25°C or below":0;"26°C":0;"27°C":0;"28°C":0;"29°C":0;"30°C":0;"31°C":0;"32°C":0;"33°C":100;"34°C":0;"35°C or higher":0}
2026-09-21T07:38:54.601Z,202609211530,32.1,2026-09-21T15:00:00+08:00,32,1502,32,2026-09-21T07:30:00.000Z,32,{"25°C or below":0;"26°C":0;"27°C":0;"28°C":0;"29°C":0;"30°C":0;"31°C":0;"32°C":0;"33°C":100;"34°C":0;"35°C or higher":0},{"25°C or below":0;"26°C":0;"27°C":0;"28°C":0;"29°C":0;"30°C":0;"31°C":0;"32°C":0;"33°C":100;"34°C":0;"35°C or higher":0}
2026-09-21T07:39:27.778Z,202609211530,32.1,2026-09-21T15:00:00+08:00,32,1502,32,2026-09-21T07:30:00.000Z,32,{"25°C or below":0;"26°C":0;"27°C":0;"28°C":0;"29°C":0;"30°C":0;"31°C":0;"32°C":0;"33°C":100;"34°C":0;"35°C or higher":0},{"25°C or below":0;"26°C":0;"27°C":0;"28°C":0;"29°C":0;"30°C":0;"31°C":0;"32°C":0;"33°C":100;"34°C":0;"35°C or higher":0}
2026-09-21T07:40:00.598Z,202609211530,32.1,2026-09-21T15:00:00+08:00,32,1502,32,2026-09-21T07:30:00.000Z,32,{"25°C or below":0;"26°C":0;"27°C":0;"28°C":0;"29°C":0;"30°C":0;"31°C":0;"32°C":0;"33°C":100;"34°C":0;"35°C or higher":0},{"25°C or below":0;"26°C":0;"27°C":0;"28°C":0;"29°C":0;"30°C":0;"31°C":0;"32°C":0;"33°C":100;"34°C":0;"35°C or higher":0}
2026-09-21T07:40:33.518Z,202609211530,32.1,2026-09-21T15:00:00+08:00,32,1502,32,2026-09-21T07:30:00.000Z,32,{"25°C or below":0;"26°C":0;"27°C":0;"28°C":0;"29°C":0;"30°C":0;"31°C":0;"32°C":0;"33°C":100;"34°C":0;"35°C or higher":0},{"25°C or below":0;"26°C":0;"27°C":0;"28°C":0;"29°C":0;"30°C":0;"31°C":0;"32°C":0;"33°C":100;"34°C":0;"35°C or higher":0}
2026-09-21T07:41:06.538Z,202609211530,32.1,2026-09-21T15:00:00+08:00,32,1502,32,2026-09-21T07:30:00.000Z,32,{"25°C or below":0;"26°C":0;"27°C":0;"28°C":0;"29°C":0;"30°C":0;"31°C":0;"32°C":0;"33°C":100;"34°C":0;"35°C or higher":0},{"25°C or below":0;"26°C":0;"27°C":0;"28°C":0;"29°C":0;"30°C":0;"31°C":0;"32°C":0;"33°C":100;"34°C":0;"35°C or higher":0}
2026-09-21T07:41:40.258Z,202609211530,32.1,2026-09-21T15:00:00+08:00,32,1502,32,2026-09-21T07:30:00.000Z,32,{"25°C or below":0;"26°C":0;"27°C":0;"28°C":0;"29°C":0;"30°C":0;"31°C":0;"32°C":0;"33°C":100;"34°C":0;"35°C or higher":0},{"25°C or below":0;"26°C":0;"27°C":0;"28°C":0;"29°C":0;"30°C":0;"31°C":0;"32°C":0;"33°C":100;"34°C":0;"35°C or higher":0}
2026-09-21T07:42:13.033Z,202609211530,32.1,2026-09-21T15:00:00+08:00,32,1502,32,2026-09-21T07:30:00.000Z,32,{"25°C or below":0;"26°C":0;"27°C":0;"28°C":0;"29°C":0;"30°C":0;"31°C":0;"32°C":0;"33°C":100;"34°C":0;"35°C or higher":0},{"25°C or below":0;"26°C":0;"27°C":0;"28°C":0;"29°C":0;"30°C":0;"31°C":0;"32°C":0;"33°C":100;"34°C":0;"35°C or higher":0}
2026-09-21T07:42:45.673Z,202609211530,32.1,2026-09-21T15:00:00+08:00,32,1502,32,2026-09-21T07:30:00.000Z,32,{"25°C or below":0;"26°C":0;"27°C":0;"28°C":0;"29°C":0;"30°C":0;"31°C":0;"32°C":0;"33°C":100;"34°C":0;"35°C or higher":0},{"25°C or below":0;"26°C":0;"27°C":0;"28°C":0;"29°C":0;"30°C":0;"31°C":0;"32°C":0;"33°C":100;"34°C":0;"35°C or higher":0}
2026-09-21T07:43:19.673Z,202609211530,32.1,2026-09-21T15:00:00+08:00,32,1502,32,2026-09-21T07:30:00.000Z,32,{"25°C or below":0;"26°C":0;"27°C":0;"28°C":0;"29°C":0;"30°C":0;"31°C":0;"32°C":0;"33°C":100;"34°C":0;"35°C or higher":0},{"25°C or below":0;"26°C":0;"27°C":0;"28°C":0;"29°C":0;"30°C":0;"31°C":0;"32°C":0;"33°C":100;"34°C":0;"35°C or higher":0}
2026-09-21T07:43:52.849Z,202609211530,32.1,2026-09-21T15:00:00+08:00,32,1502,32,2026-09-21T07:30:00.000Z,32,{"25°C or below":0;"26°C":0;"27°C":0;"28°C":0;"29°C":0;"30°C":0;"31°C":0;"32°C":0;"33°C":100;"34°C":0;"35°C or higher":0},{"25°C or below":0;"26°C":0;"27°C":0;"28°C":0;"29°C":0;"30°C":0;"31°C":0;"32°C":0;"33°C":100;"34°C":0;"35°C or higher":0}
2026-09-21T07:44:25.306Z,202609211530,32.1,2026-09-21T15:00:00+08:00,32,1502,32,2026-09-21T07:30:00.000Z,32,{"25°C or below":0;"26°C":0;"27°C":0;"28°C":0;"29°C":0;"30°C":0;"31°C":0;"32°C":0;"33°C":100;"34°C":0;"35°C or higher":0},{"25°C or below":0;"26°C":0;"27°C":0;"28°C":0;"29°C":0;"30°C":0;"31°C":0;"32°C":0;"33°C":100;"34°C":0;"35°C or higher":0}
2026-09-21T07:44:58.659Z,202609211530,32.1,2026-09-21T15:00:00+08:00,32,1502,32,2026-09-21T07:30:00.000Z,32,{"25°C or below":0;"26°C":0;"27°C":0;"28°C":0;"29°C":0;"30°C":0;"31°C":0;"32°C":0;"33°C":100;"34°C":0;"35°C or higher":0},{"25°C or below":0;"26°C":0;"27°C":0;"28°C":0;"29°C":0;"30°C":0;"31°C":0;"32°C":0;"33°C":100;"34°C":0;"35°C or higher":0}
2026-09-21T07:45:32.190Z,202609211530,32.1,2026-09-21T15:00:00+08:00,32,1502,32,2026-09-21T07:30:00.000Z,32,{"25°C or below":0;"26°C":0;"27°C":0;"28°C":0;"29°C":0;"30°C":0;"31°C":0;"32°C":0;"33°C":100;"34°C":0;"35°C or higher":0},{"25°C or below":0;"26°C":0;"27°C":0;"28°C":0;"29°C":0;"30°C":0;"31°C":0;"32°C":0;"33°C":100;"34°C":0;"35°C or higher":0}
2026-09-21T07:46:04.986Z,202609211530,32.1,2026-09-21T15:00:00+08:00,32,1502,32,2026-09-21T07:30:00.000Z,32,{"25°C or below":0;"26°C":0;"27°C":0;"28°C":0;"29°C":0;"30°C":0;"31°C":0;"32°C":0;"33°C":100;"34°C":0;"35°C or higher":0},{"25°C or below":0;"26°C":0;"27°C":0;"28°C":0;"29°C":0;"30°C":0;"31°C":0;"32°C":0;"33°C":100;"34°C":0;"35°C or higher":0}
2026-09-21T07:46:38.196Z,202609211530,32.1,2026-09-21T15:00:00+08:00,32,1502,32,2026-09-21T07:30:00.000Z,32,{"25°C or below":0;"26°C":0;"27°C":0;"28°C":0;"29°C":0;"30°C":0;"31°C":0;"32°C":0;"33°C":100;"34°C":0;"35°C or higher":0},{"25°C or below":0;"26°C":0;"27°C":0;"28°C":0;"29°C":0;"30°C":0;"31°C":0;"32°C":0;"33°C":100;"34°C":0;"35°C or higher":0}
2026-09-21T07:47:25.076Z,202609211530,32.1,2026-09-21T15:00:00+08:00,32,1502,32,2026-09-21T07:30:00.000Z,32,{"25°C or below":0;"26°C":0;"27°C":0;"28°C":0;"29°C":0;"30°C":0;"31°C":0;"32°C":0;"33°C":100;"34°C":0;"35°C or higher":0},{"25°C or below":0;"26°C":0;"27°C":0;"28°C":0;"29°C":0;"30°C":0;"31°C":0;"32°C":0;"33°C":100;"34°C":0;"35°C or higher":0}
2026-09-21T07:47:57.757Z,202609211530,32.1,2026-09-21T15:00:00+08:00,32,1502,32,2026-09-21T07:30:00.000Z,32,{"25°C or below":0;"26°C":0;"27°C":0;"28°C":0;"29°C":0;"30°C":0;"31°C":0;"32°C":0;"33°C":100;"34°C":0;"35°C or higher":0},{"25°C or below":0;"26°C":0;"27°C":0;"28°C":0;"29°C":0;"30°C":0;"31°C":0;"32°C":0;"33°C":100;"34°C":0;"35°C or higher":0}
2026-09-21T07:48:31.010Z,202609211540,32,2026-09-21T15:00:00+08:00,32,1502,32,2026-09-21T07:30:00.000Z,32,{"25°C or below":0;"26°C":0;"27°C":0;"28°C":0;"29°C":0;"30°C":0;"31°C":0;"32°C":0;"33°C":100;"34°C":0;"35°C or higher":0},{"25°C or below":0;"26°C":0;"27°C":0;"28°C":0;"29°C":0;"30°C":0;"31°C":0;"32°C":0;"33°C":100;"34°C":0;"35°C or higher":0}
2026-09-21T07:49:05.056Z,202609211540,32,2026-09-21T15:00:00+08:00,32,1502,32,2026-09-21T07:30:00.000Z,32,{"25°C or below":0;"26°C":0;"27°C":0;"28°C":0;"29°C":0;"30°C":0;"31°C":0;"32°C":0;"33°C":100;"34°C":0;"35°C or higher":0},{"25°C or below":0;"26°C":0;"27°C":0;"28°C":0;"29°C":0;"30°C":0;"31°C":0;"32°C":0;"33°C":100;"34°C":0;"35°C or higher":0}
2026-09-21T07:49:38.189Z,202609211540,32,2026-09-21T15:00:00+08:00,32,1502,32,2026-09-21T07:30:00.000Z,32,{"25°C or below":0;"26°C":0;"27°C":0;"28°C":0;"29°C":0;"30°C":0;"31°C":0;"32°C":0;"33°C":100;"34°C":0;"35°C or higher":0},{"25°C or below":0;"26°C":0;"27°C":0;"28°C":0;"29°C":0;"30°C":0;"31°C":0;"32°C":0;"33°C":100;"34°C":0;"35°C or higher":0}
2026-09-21T07:50:12.550Z,202609211540,32,2026-09-21T15:00:00+08:00,32,1502,32,2026-09-21T07:30:00.000Z,32,{"25°C or below":0;"26°C":0;"27°C":0;"28°C":0;"29°C":0;"30°C":0;"31°C":0;"32°C":0;"33°C":100;"34°C":0;"35°C or higher":0},{"25°C or below":0;"26°C":0;"27°C":0;"28°C":0;"29°C":0;"30°C":0;"31°C":0;"32°C":0;"33°C":100;"34°C":0;"35°C or higher":0}
2026-09-21T07:50:45.211Z,202609211540,32,2026-09-21T15:00:00+08:00,32,1502,32,2026-09-21T07:30:00.000Z,32,{"25°C or below":0;"26°C":0;"27°C":0;"28°C":0;"29°C":0;"30°C":0;"31°C":0;"32°C":0;"33°C":100;"34°C":0;"35°C or higher":0},{"25°C or below":0;"26°C":0;"27°C":0;"28°C":0;"29°C":0;"30°C":0;"31°C":0;"32°C":0;"33°C":100;"34°C":0;"35°C or higher":0}
2026-09-21T07:51:18.183Z,202609211540,32,2026-09-21T15:00:00+08:00,32,1502,32,2026-09-21T07:30:00.000Z,32,{"25°C or below":0;"26°C":0;"27°C":0;"28°C":0;"29°C":0;"30°C":0;"31°C":0;"32°C":0;"33°C":100;"34°C":0;"35°C or higher":0},{"25°C or below":0;"26°C":0;"27°C":0;"28°C":0;"29°C":0;"30°C":0;"31°C":0;"32°C":0;"33°C":100;"34°C":0;"35°C or higher":0}
2026-09-21T07:51:50.940Z,202609211540,32,2026-09-21T15:00:00+08:00,32,1502,32,2026-09-21T07:30:00.000Z,32,{"25°C or below":0;"26°C":0;"27°C":0;"28°C":0;"29°C":0;"30°C":0;"31°C":0;"32°C":0;"33°C":100;"34°C":0;"35°C or higher":0},{"25°C or below":0;"26°C":0;"27°C":0;"28°C":0;"29°C":0;"30°C":0;"31°C":0;"32°C":0;"33°C":100;"34°C":0;"35°C or higher":0}
2026-09-21T07:52:23.865Z,202609211540,32,2026-09-21T15:00:00+08:00,32,1502,32,2026-09-21T07:30:00.000Z,32,{"25°C or below":0;"26°C":0;"27°C":0;"28°C":0;"29°C":0;"30°C":0;"31°C":0;"32°C":0;"33°C":100;"34°C":0;"35°C or higher":0},{"25°C or below":0;"26°C":0;"27°C":0;"28°C":0;"29°C":0;"30°C":0;"31°C":0;"32°C":0;"33°C":100;"34°C":0;"35°C or higher":0}
2026-09-21T07:52:56.669Z,202609211540,32,2026-09-21T15:00:00+08:00,32,1502,32,2026-09-21T07:30:00.000Z,32,{"25°C or below":0;"26°C":0;"27°C":0;"28°C":0;"29°C":0;"30°C":0;"31°C":0;"32°C":0;"33°C":100;"34°C":0;"35°C or higher":0},{"25°C or below":0;"26°C":0;"27°C":0;"28°C":0;"29°C":0;"30°C":0;"31°C":0;"32°C":0;"33°C":100;"34°C":0;"35°C or higher":0}
2026-09-21T07:53:29.658Z,202609211540,32,2026-09-21T15:00:00+08:00,32,1502,32,2026-09-21T07:30:00.000Z,32,{"25°C or below":0;"26°C":0;"27°C":0;"28°C":0;"29°C":0;"30°C":0;"31°C":0;"32°C":0;"33°C":100;"34°C":0;"35°C or higher":0},{"25°C or below":0;"26°C":0;"27°C":0;"28°C":0;"29°C":0;"30°C":0;"31°C":0;"32°C":0;"33°C":100;"34°C":0;"35°C or higher":0}
2026-09-21T07:54:02.686Z,202609211540,32,2026-09-21T15:00:00+08:00,32,1502,32,2026-09-21T07:30:00.000Z,32,{"25°C or below":0;"26°C":0;"27°C":0;"28°C":0;"29°C":0;"30°C":0;"31°C":0;"32°C":0;"33°C":100;"34°C":0;"35°C or higher":0},{"25°C or below":0;"26°C":0;"27°C":0;"28°C":0;"29°C":0;"30°C":0;"31°C":0;"32°C":0;"33°C":100;"34°C":0;"35°C or higher":0}
2026-09-21T07:54:35.866Z,202609211540,32,2026-09-21T15:00:00+08:00,32,1502,32,,,{"25°C or below":0;"26°C":0;"27°C":0;"28°C":0;"29°C":0;"30°C":0;"31°C":0;"32°C":0;"33°C":100;"34°C":0;"35°C or higher":0},{"25°C or below":0;"26°C":0;"27°C":0;"28°C":0;"29°C":0;"30°C":0;"31°C":0;"32°C":0;"33°C":100;"34°C":0;"35°C or higher":0}
2026-09-21T07:55:09.691Z,202609211540,32,2026-09-21T15:00:00+08:00,32,1502,32,2026-09-21T07:30:00.000Z,32,{"25°C or below":0;"26°C":0;"27°C":0;"28°C":0;"29°C":0;"30°C":0;"31°C":0;"32°C":0;"33°C":100;"34°C":0;"35°C or higher":0},{"25°C or below":0;"26°C":0;"27°C":0;"28°C":0;"29°C":0;"30°C":0;"31°C":0;"32°C":0;"33°C":100;"34°C":0;"35°C or higher":0}
2026-09-21T07:55:42.396Z,202609211540,32,2026-09-21T15:00:00+08:00,32,1502,32,2026-09-21T07:30:00.000Z,32,{"25°C or below":0;"26°C":0;"27°C":0;"28°C":0;"29°C":0;"30°C":0;"31°C":0;"32°C":0;"33°C":100;"34°C":0;"35°C or higher":0},{"25°C or below":0;"26°C":0;"27°C":0;"28°C":0;"29°C":0;"30°C":0;"31°C":0;"32°C":0;"33°C":100;"34°C":0;"35°C or higher":0}
2026-09-21T07:56:15.529Z,202609211540,32,2026-09-21T15:00:00+08:00,32,1502,32,2026-09-21T07:30:00.000Z,32,{"25°C or below":0;"26°C":0;"27°C":0;"28°C":0;"29°C":0;"30°C":0;"31°C":0;"32°C":0;"33°C":100;"34°C":0;"35°C or higher":0},{"25°C or below":0;"26°C":0;"27°C":0;"28°C":0;"29°C":0;"30°C":0;"31°C":0;"32°C":0;"33°C":100;"34°C":0;"35°C or higher":0}
2026-09-21T07:56:48.443Z,202609211540,32,2026-09-21T15:00:00+08:00,32,1502,32,2026-09-21T07:30:00.000Z,32,{"25°C or below":0;"26°C":0;"27°C":0;"28°C":0;"29°C":0;"30°C":0;"31°C":0;"32°C":0;"33°C":100;"34°C":0;"35°C or higher":0},{"25°C or below":0;"26°C":0;"27°C":0;"28°C":0;"29°C":0;"30°C":0;"31°C":0;"32°C":0;"33°C":100;"34°C":0;"35°C or higher":0}
2026-09-21T07:57:21.798Z,202609211540,32,2026-09-21T15:00:00+08:00,32,1502,32,2026-09-21T07:30:00.000Z,32,{"25°C or below":0;"26°C":0;"27°C":0;"28°C":0;"29°C":0;"30°C":0;"31°C":0;"32°C":0;"33°C":100;"34°C":0;"35°C or higher":0},{"25°C or below":0;"26°C":0;"27°C":0;"28°C":0;"29°C":0;"30°C":0;"31°C":0;"32°C":0;"33°C":100;"34°C":0;"35°C or higher":0}
2026-09-21T07:57:54.974Z,202609211550,32.3,2026-09-21T15:00:00+08:00,32,1502,32,2026-09-21T07:30:00.000Z,32,{"25°C or below":0;"26°C":0;"27°C":0;"28°C":0;"29°C":0;"30°C":0;"31°C":0;"32°C":0;"33°C":100;"34°C":0;"35°C or higher":0},{"25°C or below":0;"26°C":0;"27°C":0;"28°C":0;"29°C":0;"30°C":0;"31°C":0;"32°C":0;"33°C":100;"34°C":0;"35°C or higher":0}
2026-09-21T07:58:28.072Z,202609211550,32.3,2026-09-21T15:00:00+08:00,32,1502,32,2026-09-21T07:30:00.000Z,32,{"25°C or below":0;"26°C":0;"27°C":0;"28°C":0;"29°C":0;"30°C":0;"31°C":0;"32°C":0;"33°C":100;"34°C":0;"35°C or higher":0},{"25°C or below":0;"26°C":0;"27°C":0;"28°C":0;"29°C":0;"30°C":0;"31°C":0;"32°C":0;"33°C":100;"34°C":0;"35°C or higher":0}
2026-09-21T07:59:00.766Z,202609211550,32.3,2026-09-21T15:00:00+08:00,32,1502,32,2026-09-21T07:30:00.000Z,32,{"25°C or below":0;"26°C":0;"27°C":0;"28°C":0;"29°C":0;"30°C":0;"31°C":0;"32°C":0;"33°C":100;"34°C":0;"35°C or higher":0},{"25°C or below":0;"26°C":0;"27°C":0;"28°C":0;"29°C":0;"30°C":0;"31°C":0;"32°C":0;"33°C":100;"34°C":0;"35°C or higher":0}
2026-09-21T07:59:33.134Z,202609211550,32.3,2026-09-21T15:00:00+08:00,32,1502,32,2026-09-21T07:30:00.000Z,32,{"25°C or below":0;"26°C":0;"27°C":0;"28°C":0;"29°C":0;"30°C":0;"31°C":0;"32°C":0;"33°C":100;"34°C":0;"35°C or higher":0},{"25°C or below":0;"26°C":0;"27°C":0;"28°C":0;"29°C":0;"30°C":0;"31°C":0;"32°C":0;"33°C":100;"34°C":0;"35°C or higher":0}
2026-09-21T08:00:05.947Z,202609211550,32.3,2026-09-21T15:00:00+08:00,32,1502,32,2026-09-21T07:30:00.000Z,32,{"25°C or below":0;"26°C":0;"27°C":0;"28°C":0;"29°C":0;"30°C":0;"31°C":0;"32°C":0;"33°C":100;"34°C":0;"35°C or higher":0},{"25°C or below":0;"26°C":0;"27°C":0;"28°C":0;"29°C":0;"30°C":0;"31°C":0;"32°C":0;"33°C":100;"34°C":0;"35°C or higher":0}
2026-09-21T08:00:38.677Z,202609211550,32.3,2026-09-21T15:00:00+08:00,32,1502,32,2026-09-21T07:30:00.000Z,32,{"25°C or below":0;"26°C":0;"27°C":0;"28°C":0;"29°C":0;"30°C":0;"31°C":0;"32°C":0;"33°C":100;"34°C":0;"35°C or higher":0},{"25°C or below":0;"26°C":0;"27°C":0;"28°C":0;"29°C":0;"30°C":0;"31°C":0;"32°C":0;"33°C":100;"34°C":0;"35°C or higher":0}
2026-09-21T08:01:11.333Z,202609211550,32.3,2026-09-21T15:00:00+08:00,32,1502,32,2026-09-21T07:30:00.000Z,32,{"25°C or below":0;"26°C":0;"27°C":0;"28°C":0;"29°C":0;"30°C":0;"31°C":0;"32°C":0;"33°C":100;"34°C":0;"35°C or higher":0},{"25°C or below":0;"26°C":0;"27°C":0;"28°C":0;"29°C":0;"30°C":0;"31°C":0;"32°C":0;"33°C":100;"34°C":0;"35°C or higher":0}
2026-09-21T08:01:43.895Z,202609211550,32.3,2026-09-21T15:00:00+08:00,32,1502,32,2026-09-21T07:30:00.000Z,32,{"25°C or below":0;"26°C":0;"27°C":0;"28°C":0;"29°C":0;"30°C":0;"31°C":0;"32°C":0;"33°C":100;"34°C":0;"35°C or higher":0},{"25°C or below":0;"26°C":0;"27°C":0;"28°C":0;"29°C":0;"30°C":0;"31°C":0;"32°C":0;"33°C":100;"34°C":0;"35°C or higher":0}
2026-09-21T08:02:16.950Z,202609211550,32.3,2026-09-21T15:00:00+08:00,32,1502,32,2026-09-21T07:30:00.000Z,32,{"25°C or below":0;"26°C":0;"27°C":0;"28°C":0;"29°C":0;"30°C":0;"31°C":0;"32°C":0;"33°C":100;"34°C":0;"35°C or higher":0},{"25°C or below":0;"26°C":0;"27°C":0;"28°C":0;"29°C":0;"30°C":0;"31°C":0;"32°C":0;"33°C":100;"34°C":0;"35°C or higher":0}
2026-09-21T08:02:49.796Z,202609211550,32.3,2026-09-21T15:00:00+08:00,32,1502,32,2026-09-21T08:00:00.000Z,33,{"25°C or below":0;"26°C":0;"27°C":0;"28°C":0;"29°C":0;"30°C":0;"31°C":0;"32°C":0;"33°C":100;"34°C":0;"35°C or higher":0},{"25°C or below":0;"26°C":0;"27°C":0;"28°C":0;"29°C":0;"30°C":0;"31°C":0;"32°C":0;"33°C":100;"34°C":0;"35°C or higher":0}
2026-09-21T08:03:23.148Z,202609211550,32.3,2026-09-21T15:00:00+08:00,32,1602,32,2026-09-21T08:00:00.000Z,33,{"25°C or below":0;"26°C":0;"27°C":0;"28°C":0;"29°C":0;"30°C":0;"31°C":0;"32°C":0;"33°C":100;"34°C":0;"35°C or higher":0},{"25°C or below":0;"26°C":0;"27°C":0;"28°C":0;"29°C":0;"30°C":0;"31°C":0;"32°C":0;"33°C":100;"34°C":0;"35°C or higher":0}
2026-09-21T08:03:56.406Z,202609211550,32.3,2026-09-21T16:00:00+08:00,32,1602,32,2026-09-21T08:00:00.000Z,33,{"25°C or below":0;"26°C":0;"27°C":0;"28°C":0;"29°C":0;"30°C":0;"31°C":0;"32°C":0;"33°C":100;"34°C":0;"35°C or higher":0},{"25°C or below":0;"26°C":0;"27°C":0;"28°C":0;"29°C":0;"30°C":0;"31°C":0;"32°C":0;"33°C":100;"34°C":0;"35°C or higher":0}
2026-09-21T08:04:29.488Z,202609211550,32.3,2026-09-21T16:00:00+08:00,32,1602,32,2026-09-21T08:00:00.000Z,33,{"25°C or below":0;"26°C":0;"27°C":0;"28°C":0;"29°C":0;"30°C":0;"31°C":0;"32°C":0;"33°C":100;"34°C":0;"35°C or higher":0},{"25°C or below":0;"26°C":0;"27°C":0;"28°C":0;"29°C":0;"30°C":0;"31°C":0;"32°C":0;"33°C":100;"34°C":0;"35°C or higher":0}
2026-09-21T08:05:02.558Z,202609211550,32.3,2026-09-21T16:00:00+08:00,32,1602,32,2026-09-21T08:00:00.000Z,33,{"25°C or below":0;"26°C":0;"27°C":0;"28°C":0;"29°C":0;"30°C":0;"31°C":0;"32°C":0;"33°C":100;"34°C":0;"35°C or higher":0},{"25°C or below":0;"26°C":0;"27°C":0;"28°C":0;"29°C":0;"30°C":0;"31°C":0;"32°C":0;"33°C":100;"34°C":0;"35°C or higher":0}
2026-09-21T08:05:35.123Z,202609211550,32.3,2026-09-21T16:00:00+08:00,32,1602,32,2026-09-21T08:00:00.000Z,33,{"25°C or below":0;"26°C":0;"27°C":0;"28°C":0;"29°C":0;"30°C":0;"31°C":0;"32°C":0;"33°C":100;"34°C":0;"35°C or higher":0},{"25°C or below":0;"26°C":0;"27°C":0;"28°C":0;"29°C":0;"30°C":0;"31°C":0;"32°C":0;"33°C":100;"34°C":0;"35°C or higher":0}
2026-09-21T08:06:07.833Z,202609211550,32.3,2026-09-21T16:00:00+08:00,32,1602,32,2026-09-21T08:00:00.000Z,33,{"25°C or below":0;"26°C":0;"27°C":0;"28°C":0;"29°C":0;"30°C":0;"31°C":0;"32°C":0;"33°C":100;"34°C":0;"35°C or higher":0},{"25°C or below":0;"26°C":0;"27°C":0;"28°C":0;"29°C":0;"30°C":0;"31°C":0;"32°C":0;"33°C":100;"34°C":0;"35°C or higher":0}
2026-09-21T08:06:41.106Z,202609211550,32.3,2026-09-21T16:00:00+08:00,32,1602,32,2026-09-21T08:00:00.000Z,33,{"25°C or below":0;"26°C":0;"27°C":0;"28°C":0;"29°C":0;"30°C":0;"31°C":0;"32°C":0;"33°C":100;"34°C":0;"35°C or higher":0},{"25°C or below":0;"26°C":0;"27°C":0;"28°C":0;"29°C":0;"30°C":0;"31°C":0;"32°C":0;"33°C":100;"34°C":0;"35°C or higher":0}
2026-09-21T08:07:14.017Z,202609211550,32.3,2026-09-21T16:00:00+08:00,32,1602,32,2026-09-21T08:00:00.000Z,33,{"25°C or below":0;"26°C":0;"27°C":0;"28°C":0;"29°C":0;"30°C":0;"31°C":0;"32°C":0;"33°C":100;"34°C":0;"35°C or higher":0},{"25°C or below":0;"26°C":0;"27°C":0;"28°C":0;"29°C":0;"30°C":0;"31°C":0;"32°C":0;"33°C":100;"34°C":0;"35°C or higher":0}
2026-09-21T08:07:47.029Z,202609211550,32.3,2026-09-21T16:00:00+08:00,32,1602,32,2026-09-21T08:00:00.000Z,33,{"25°C or below":0;"26°C":0;"27°C":0;"28°C":0;"29°C":0;"30°C":0;"31°C":0;"32°C":0;"33°C":100;"34°C":0;"35°C or higher":0},{"25°C or below":0;"26°C":0;"27°C":0;"28°C":0;"29°C":0;"30°C":0;"31°C":0;"32°C":0;"33°C":100;"34°C":0;"35°C or higher":0}
2026-09-21T08:08:19.759Z,202609211550,32.3,2026-09-21T16:00:00+08:00,32,1602,32,2026-09-21T08:00:00.000Z,33,{"25°C or below":0;"26°C":0;"27°C":0;"28°C":0;"29°C":0;"30°C":0;"31°C":0;"32°C":0;"33°C":100;"34°C":0;"35°C or higher":0},{"25°C or below":0;"26°C":0;"27°C":0;"28°C":0;"29°C":0;"30°C":0;"31°C":0;"32°C":0;"33°C":100;"34°C":0;"35°C or higher":0}
2026-09-21T08:08:53.109Z,202609211600,32.2,2026-09-21T16:00:00+08:00,32,1602,32,2026-09-21T08:00:00.000Z,33,{"25°C or below":0;"26°C":0;"27°C":0;"28°C":0;"29°C":0;"30°C":0;"31°C":0;"32°C":0;"33°C":100;"34°C":0;"35°C or higher":0},{"25°C or below":0;"26°C":0;"27°C":0;"28°C":0;"29°C":0;"30°C":0;"31°C":0;"32°C":0;"33°C":100;"34°C":0;"35°C or higher":0}
2026-09-21T08:09:26.430Z,202609211600,32.2,2026-09-21T16:00:00+08:00,32,1602,32,2026-09-21T08:00:00.000Z,33,{"25°C or below":0;"26°C":0;"27°C":0;"28°C":0;"29°C":0;"30°C":0;"31°C":0;"32°C":0;"33°C":100;"34°C":0;"35°C or higher":0},{"25°C or below":0;"26°C":0;"27°C":0;"28°C":0;"29°C":0;"30°C":0;"31°C":0;"32°C":0;"33°C":100;"34°C":0;"35°C or higher":0}
2026-09-21T08:09:59.707Z,202609211600,32.2,2026-09-21T16:00:00+08:00,32,1602,32,2026-09-21T08:00:00.000Z,33,{"25°C or below":0;"26°C":0;"27°C":0;"28°C":0;"29°C":0;"30°C":0;"31°C":0;"32°C":0;"33°C":100;"34°C":0;"35°C or higher":0},{"25°C or below":0;"26°C":0;"27°C":0;"28°C":0;"29°C":0;"30°C":0;"31°C":0;"32°C":0;"33°C":100;"34°C":0;"35°C or higher":0}
2026-09-21T08:10:32.661Z,202609211600,32.2,2026-09-21T16:00:00+08:00,32,1602,32,2026-09-21T08:00:00.000Z,33,{"25°C or below":0;"26°C":0;"27°C":0;"28°C":0;"29°C":0;"30°C":0;"31°C":0;"32°C":0;"33°C":100;"34°C":0;"35°C or higher":0},{"25°C or below":0;"26°C":0;"27°C":0;"28°C":0;"29°C":0;"30°C":0;"31°C":0;"32°C":0;"33°C":100;"34°C":0;"35°C or higher":0}
2026-09-21T08:11:05.423Z,202609211600,32.2,2026-09-21T16:00:00+08:00,32,1602,32,2026-09-21T08:00:00.000Z,33,{"25°C or below":0;"26°C":0;"27°C":0;"28°C":0;"29°C":0;"30°C":0;"31°C":0;"32°C":0;"33°C":100;"34°C":0;"35°C or higher":0},{"25°C or below":0;"26°C":0;"27°C":0;"28°C":0;"29°C":0;"30°C":0;"31°C":0;"32°C":0;"33°C":100;"34°C":0;"35°C or higher":0}
2026-09-21T08:11:38.582Z,202609211600,32.2,2026-09-21T16:00:00+08:00,32,1602,32,2026-09-21T08:00:00.000Z,33,{"25°C or below":0;"26°C":0;"27°C":0;"28°C":0;"29°C":0;"30°C":0;"31°C":0;"32°C":0;"33°C":100;"34°C":0;"35°C or higher":0},{"25°C or below":0;"26°C":0;"27°C":0;"28°C":0;"29°C":0;"30°C":0;"31°C":0;"32°C":0;"33°C":100;"34°C":0;"35°C or higher":0}
2026-09-21T08:12:11.664Z,202609211600,32.2,2026-09-21T16:00:00+08:00,32,1602,32,2026-09-21T08:00:00.000Z,33,{"25°C or below":0;"26°C":0;"27°C":0;"28°C":0;"29°C":0;"30°C":0;"31°C":0;"32°C":0;"33°C":100;"34°C":0;"35°C or higher":0},{"25°C or below":0;"26°C":0;"27°C":0;"28°C":0;"29°C":0;"30°C":0;"31°C":0;"32°C":0;"33°C":100;"34°C":0;"35°C or higher":0}
2026-09-21T08:12:44.608Z,202609211600,32.2,2026-09-21T16:00:00+08:00,32,1602,32,2026-09-21T08:00:00.000Z,33,{"25°C or below":0;"26°C":0;"27°C":0;"28°C":0;"29°C":0;"30°C":0;"31°C":0;"32°C":0;"33°C":100;"34°C":0;"35°C or higher":0},{"25°C or below":0;"26°C":0;"27°C":0;"28°C":0;"29°C":0;"30°C":0;"31°C":0;"32°C":0;"33°C":100;"34°C":0;"35°C or higher":0}
2026-09-21T08:13:17.425Z,202609211600,32.2,2026-09-21T16:00:00+08:00,32,1602,32,2026-09-21T08:00:00.000Z,33,{"25°C or below":0;"26°C":0;"27°C":0;"28°C":0;"29°C":0;"30°C":0;"31°C":0;"32°C":0;"33°C":100;"34°C":0;"35°C or higher":0},{"25°C or below":0;"26°C":0;"27°C":0;"28°C":0;"29°C":0;"30°C":0;"31°C":0;"32°C":0;"33°C":100;"34°C":0;"35°C or higher":0}
2026-09-21T08:13:50.420Z,202609211600,32.2,2026-09-21T16:00:00+08:00,32,1602,32,2026-09-21T08:00:00.000Z,33,{"25°C or below":0;"26°C":0;"27°C":0;"28°C":0;"29°C":0;"30°C":0;"31°C":0;"32°C":0;"33°C":100;"34°C":0;"35°C or higher":0},{"25°C or below":0;"26°C":0;"27°C":0;"28°C":0;"29°C":0;"30°C":0;"31°C":0;"32°C":0;"33°C":100;"34°C":0;"35°C or higher":0}
2026-09-21T08:14:23.261Z,202609211600,32.2,2026-09-21T16:00:00+08:00,32,1602,32,2026-09-21T08:00:00.000Z,33,{"25°C or below":0;"26°C":0;"27°C":0;"28°C":0;"29°C":0;"30°C":0;"31°C":0;"32°C":0;"33°C":100;"34°C":0;"35°C or higher":0},{"25°C or below":0;"26°C":0;"27°C":0;"28°C":0;"29°C":0;"30°C":0;"31°C":0;"32°C":0;"33°C":100;"34°C":0;"35°C or higher":0}
2026-09-21T08:14:55.934Z,202609211600,32.2,2026-09-21T16:00:00+08:00,32,1602,32,2026-09-21T08:00:00.000Z,33,{"25°C or below":0;"26°C":0;"27°C":0;"28°C":0;"29°C":0;"30°C":0;"31°C":0;"32°C":0;"33°C":100;"34°C":0;"35°C or higher":0},{"25°C or below":0;"26°C":0;"27°C":0;"28°C":0;"29°C":0;"30°C":0;"31°C":0;"32°C":0;"33°C":100;"34°C":0;"35°C or higher":0}
2026-09-21T08:15:28.970Z,202609211600,32.2,2026-09-21T16:00:00+08:00,32,1602,32,2026-09-21T08:00:00.000Z,33,{"25°C or below":0;"26°C":0;"27°C":0;"28°C":0;"29°C":0;"30°C":0;"31°C":0;"32°C":0;"33°C":100;"34°C":0;"35°C or higher":0},{"25°C or below":0;"26°C":0;"27°C":0;"28°C":0;"29°C":0;"30°C":0;"31°C":0;"32°C":0;"33°C":100;"34°C":0;"35°C or higher":0}
2026-09-21T08:16:02.688Z,202609211600,32.2,2026-09-21T16:00:00+08:00,32,1602,32,2026-09-21T08:00:00.000Z,33,{"25°C or below":0;"26°C":0;"27°C":0;"28°C":0;"29°C":0;"30°C":0;"31°C":0;"32°C":0;"33°C":100;"34°C":0;"35°C or higher":0},{"25°C or below":0;"26°C":0;"27°C":0;"28°C":0;"29°C":0;"30°C":0;"31°C":0;"32°C":0;"33°C":100;"34°C":0;"35°C or higher":0}
2026-09-21T08:16:35.642Z,202609211600,32.2,2026-09-21T16:00:00+08:00,32,1602,32,2026-09-21T08:00:00.000Z,33,{"25°C or below":0;"26°C":0;"27°C":0;"28°C":0;"29°C":0;"30°C":0;"31°C":0;"32°C":0;"33°C":100;"34°C":0;"35°C or higher":0},{"25°C or below":0;"26°C":0;"27°C":0;"28°C":0;"29°C":0;"30°C":0;"31°C":0;"32°C":0;"33°C":100;"34°C":0;"35°C or higher":0}
2026-09-21T08:17:08.756Z,202609211600,32.2,2026-09-21T16:00:00+08:00,32,1602,32,2026-09-21T08:00:00.000Z,33,{"25°C or below":0;"26°C":0;"27°C":0;"28°C":0;"29°C":0;"30°C":0;"31°C":0;"32°C":0;"33°C":100;"34°C":0;"35°C or higher":0},{"25°C or below":0;"26°C":0;"27°C":0;"28°C":0;"29°C":0;"30°C":0;"31°C":0;"32°C":0;"33°C":100;"34°C":0;"35°C or higher":0}
2026-09-21T08:17:42.050Z,202609211600,32.2,2026-09-21T16:00:00+08:00,32,1602,32,2026-09-21T08:00:00.000Z,33,{"25°C or below":0;"26°C":0;"27°C":0;"28°C":0;"29°C":0;"30°C":0;"31°C":0;"32°C":0;"33°C":100;"34°C":0;"35°C or higher":0},{"25°C or below":0;"26°C":0;"27°C":0;"28°C":0;"29°C":0;"30°C":0;"31°C":0;"32°C":0;"33°C":100;"34°C":0;"35°C or higher":0}
2026-09-21T08:18:15.973Z,202609211610,32.3,2026-09-21T16:00:00+08:00,32,1602,32,2026-09-21T08:00:00.000Z,33,{"25°C or below":0;"26°C":0;"27°C":0;"28°C":0;"29°C":0;"30°C":0;"31°C":0;"32°C":0;"33°C":100;"34°C":0;"35°C or higher":0},{"25°C or below":0;"26°C":0;"27°C":0;"28°C":0;"29°C":0;"30°C":0;"31°C":0;"32°C":0;"33°C":100;"34°C":0;"35°C or higher":0}
2026-09-21T08:18:49.098Z,202609211610,32.3,2026-09-21T16:00:00+08:00,32,1602,32,2026-09-21T08:00:00.000Z,33,{"25°C or below":0;"26°C":0;"27°C":0;"28°C":0;"29°C":0;"30°C":0;"31°C":0;"32°C":0;"33°C":100;"34°C":0;"35°C or higher":0},{"25°C or below":0;"26°C":0;"27°C":0;"28°C":0;"29°C":0;"30°C":0;"31°C":0;"32°C":0;"33°C":100;"34°C":0;"35°C or higher":0}
2026-09-21T08:19:21.937Z,202609211610,32.3,2026-09-21T16:00:00+08:00,32,1602,32,2026-09-21T08:00:00.000Z,33,{"25°C or below":0;"26°C":0;"27°C":0;"28°C":0;"29°C":0;"30°C":0;"31°C":0;"32°C":0;"33°C":100;"34°C":0;"35°C or higher":0},{"25°C or below":0;"26°C":0;"27°C":0;"28°C":0;"29°C":0;"30°C":0;"31°C":0;"32°C":0;"33°C":100;"34°C":0;"35°C or higher":0}
2026-09-21T08:19:54.578Z,202609211610,32.3,2026-09-21T16:00:00+08:00,32,1602,32,2026-09-21T08:00:00.000Z,33,{"25°C or below":0;"26°C":0;"27°C":0;"28°C":0;"29°C":0;"30°C":0;"31°C":0;"32°C":0;"33°C":100;"34°C":0;"35°C or higher":0},{"25°C or below":0;"26°C":0;"27°C":0;"28°C":0;"29°C":0;"30°C":0;"31°C":0;"32°C":0;"33°C":100;"34°C":0;"35°C or higher":0}
2026-09-21T08:20:27.365Z,202609211610,32.3,2026-09-21T16:00:00+08:00,32,1602,32,2026-09-21T08:00:00.000Z,33,{"25°C or below":0;"26°C":0;"27°C":0;"28°C":0;"29°C":0;"30°C":0;"31°C":0;"32°C":0;"33°C":100;"34°C":0;"35°C or higher":0},{"25°C or below":0;"26°C":0;"27°C":0;"28°C":0;"29°C":0;"30°C":0;"31°C":0;"32°C":0;"33°C":100;"34°C":0;"35°C or higher":0}
2026-09-21T08:21:00.494Z,202609211610,32.3,2026-09-21T16:00:00+08:00,32,1602,32,2026-09-21T08:00:00.000Z,33,{"25°C or below":0;"26°C":0;"27°C":0;"28°C":0;"29°C":0;"30°C":0;"31°C":0;"32°C":0;"33°C":100;"34°C":0;"35°C or higher":0},{"25°C or below":0;"26°C":0;"27°C":0;"28°C":0;"29°C":0;"30°C":0;"31°C":0;"32°C":0;"33°C":100;"34°C":0;"35°C or higher":0}
2026-09-21T08:21:33.583Z,202609211610,32.3,2026-09-21T16:00:00+08:00,32,1602,32,2026-09-21T08:00:00.000Z,33,{"25°C or below":0;"26°C":0;"27°C":0;"28°C":0;"29°C":0;"30°C":0;"31°C":0;"32°C":0;"33°C":100;"34°C":0;"35°C or higher":0},{"25°C or below":0;"26°C":0;"27°C":0;"28°C":0;"29°C":0;"30°C":0;"31°C":0;"32°C":0;"33°C":100;"34°C":0;"35°C or higher":0}
2026-09-21T08:22:06.458Z,202609211610,32.3,2026-09-21T16:00:00+08:00,32,1602,32,2026-09-21T08:00:00.000Z,33,{"25°C or below":0;"26°C":0;"27°C":0;"28°C":0;"29°C":0;"30°C":0;"31°C":0;"32°C":0;"33°C":100;"34°C":0;"35°C or higher":0},{"25°C or below":0;"26°C":0;"27°C":0;"28°C":0;"29°C":0;"30°C":0;"31°C":0;"32°C":0;"33°C":100;"34°C":0;"35°C or higher":0}
2026-09-21T08:22:39.193Z,202609211610,32.3,2026-09-21T16:00:00+08:00,32,1602,32,2026-09-21T08:00:00.000Z,33,{"25°C or below":0;"26°C":0;"27°C":0;"28°C":0;"29°C":0;"30°C":0;"31°C":0;"32°C":0;"33°C":100;"34°C":0;"35°C or higher":0},{"25°C or below":0;"26°C":0;"27°C":0;"28°C":0;"29°C":0;"30°C":0;"31°C":0;"32°C":0;"33°C":100;"34°C":0;"35°C or higher":0}
2026-09-21T08:23:12.583Z,202609211610,32.3,2026-09-21T16:00:00+08:00,32,1602,32,2026-09-21T08:00:00.000Z,33,{"25°C or below":0;"26°C":0;"27°C":0;"28°C":0;"29°C":0;"30°C":0;"31°C":0;"32°C":0;"33°C":100;"34°C":0;"35°C or higher":0},{"25°C or below":0;"26°C":0;"27°C":0;"28°C":0;"29°C":0;"30°C":0;"31°C":0;"32°C":0;"33°C":100;"34°C":0;"35°C or higher":0}
2026-09-21T08:23:45.869Z,202609211610,32.3,2026-09-21T16:00:00+08:00,32,1602,32,2026-09-21T08:00:00.000Z,33,{"25°C or below":0;"26°C":0;"27°C":0;"28°C":0;"29°C":0;"30°C":0;"31°C":0;"32°C":0;"33°C":100;"34°C":0;"35°C or higher":0},{"25°C or below":0;"26°C":0;"27°C":0;"28°C":0;"29°C":0;"30°C":0;"31°C":0;"32°C":0;"33°C":100;"34°C":0;"35°C or higher":0}
2026-09-21T08:24:19.078Z,202609211610,32.3,2026-09-21T16:00:00+08:00,32,1602,32,2026-09-21T08:00:00.000Z,33,{"25°C or below":0;"26°C":0;"27°C":0;"28°C":0;"29°C":0;"30°C":0;"31°C":0;"32°C":0;"33°C":100;"34°C":0;"35°C or higher":0},{"25°C or below":0;"26°C":0;"27°C":0;"28°C":0;"29°C":0;"30°C":0;"31°C":0;"32°C":0;"33°C":100;"34°C":0;"35°C or higher":0}
2026-09-21T08:24:53.524Z,202609211610,32.3,2026-09-21T16:00:00+08:00,32,1602,32,2026-09-21T08:00:00.000Z,33,{"25°C or below":0;"26°C":0;"27°C":0;"28°C":0;"29°C":0;"30°C":0;"31°C":0;"32°C":0;"33°C":100;"34°C":0;"35°C or higher":0},{"25°C or below":0;"26°C":0;"27°C":0;"28°C":0;"29°C":0;"30°C":0;"31°C":0;"32°C":0;"33°C":100;"34°C":0;"35°C or higher":0}
2026-09-21T08:25:30.704Z,202609211610,32.3,2026-09-21T16:00:00+08:00,32,1602,32,2026-09-21T08:00:00.000Z,33,{"25°C or below":0;"26°C":0;"27°C":0;"28°C":0;"29°C":0;"30°C":0;"31°C":0;"32°C":0;"33°C":100;"34°C":0;"35°C or higher":0},{"25°C or below":0;"26°C":0;"27°C":0;"28°C":0;"29°C":0;"30°C":0;"31°C":0;"32°C":0;"33°C":100;"34°C":0;"35°C or higher":0}
2026-09-21T08:26:04.380Z,202609211610,32.3,2026-09-21T16:00:00+08:00,32,1602,32,2026-09-21T08:00:00.000Z,33,{"25°C or below":0;"26°C":0;"27°C":0;"28°C":0;"29°C":0;"30°C":0;"31°C":0;"32°C":0;"33°C":100;"34°C":0;"35°C or higher":0},{"25°C or below":0;"26°C":0;"27°C":0;"28°C":0;"29°C":0;"30°C":0;"31°C":0;"32°C":0;"33°C":100;"34°C":0;"35°C or higher":0}
2026-09-21T08:26:37.826Z,202609211610,32.3,2026-09-21T16:00:00+08:00,32,1602,32,2026-09-21T08:00:00.000Z,33,{"25°C or below":0;"26°C":0;"27°C":0;"28°C":0;"29°C":0;"30°C":0;"31°C":0;"32°C":0;"33°C":100;"34°C":0;"35°C or higher":0},{"25°C or below":0;"26°C":0;"27°C":0;"28°C":0;"29°C":0;"30°C":0;"31°C":0;"32°C":0;"33°C":100;"34°C":0;"35°C or higher":0}
2026-09-21T08:27:10.926Z,202609211610,32.3,2026-09-21T16:00:00+08:00,32,1602,32,2026-09-21T08:00:00.000Z,33,{"25°C or below":0;"26°C":0;"27°C":0;"28°C":0;"29°C":0;"30°C":0;"31°C":0;"32°C":0;"33°C":100;"34°C":0;"35°C or higher":0},{"25°C or below":0;"26°C":0;"27°C":0;"28°C":0;"29°C":0;"30°C":0;"31°C":0;"32°C":0;"33°C":100;"34°C":0;"35°C or higher":0}
2026-09-21T08:27:43.995Z,202609211610,32.3,2026-09-21T16:00:00+08:00,32,1602,32,2026-09-21T08:00:00.000Z,33,{"25°C or below":0;"26°C":0;"27°C":0;"28°C":0;"29°C":0;"30°C":0;"31°C":0;"32°C":0;"33°C":100;"34°C":0;"35°C or higher":0},{"25°C or below":0;"26°C":0;"27°C":0;"28°C":0;"29°C":0;"30°C":0;"31°C":0;"32°C":0;"33°C":100;"34°C":0;"35°C or higher":0}
2026-09-21T08:28:33.343Z,202609211620,32.1,2026-09-21T16:00:00+08:00,32,1602,32,2026-09-21T08:00:00.000Z,33,{"25°C or below":0;"26°C":0;"27°C":0;"28°C":0;"29°C":0;"30°C":0;"31°C":0;"32°C":0;"33°C":100;"34°C":0;"35°C or higher":0},{"25°C or below":0;"26°C":0;"27°C":0;"28°C":0;"29°C":0;"30°C":0;"31°C":0;"32°C":0;"33°C":100;"34°C":0;"35°C or higher":0}
2026-09-21T08:29:06.758Z,202609211620,32.1,2026-09-21T16:00:00+08:00,32,1602,32,2026-09-21T08:00:00.000Z,33,{"25°C or below":0;"26°C":0;"27°C":0;"28°C":0;"29°C":0;"30°C":0;"31°C":0;"32°C":0;"33°C":100;"34°C":0;"35°C or higher":0},{"25°C or below":0;"26°C":0;"27°C":0;"28°C":0;"29°C":0;"30°C":0;"31°C":0;"32°C":0;"33°C":100;"34°C":0;"35°C or higher":0}
2026-09-21T08:29:39.857Z,202609211620,32.1,2026-09-21T16:00:00+08:00,32,1602,32,2026-09-21T08:00:00.000Z,33,{"25°C or below":0;"26°C":0;"27°C":0;"28°C":0;"29°C":0;"30°C":0;"31°C":0;"32°C":0;"33°C":100;"34°C":0;"35°C or higher":0},{"25°C or below":0;"26°C":0;"27°C":0;"28°C":0;"29°C":0;"30°C":0;"31°C":0;"32°C":0;"33°C":100;"34°C":0;"35°C or higher":0}
2026-09-21T08:30:13.468Z,202609211620,32.1,2026-09-21T16:00:00+08:00,32,1602,32,2026-09-21T08:00:00.000Z,33,{"25°C or below":0;"26°C":0;"27°C":0;"28°C":0;"29°C":0;"30°C":0;"31°C":0;"32°C":0;"33°C":100;"34°C":0;"35°C or higher":0},{"25°C or below":0;"26°C":0;"27°C":0;"28°C":0;"29°C":0;"30°C":0;"31°C":0;"32°C":0;"33°C":100;"34°C":0;"35°C or higher":0}
2026-09-21T08:30:46.305Z,202609211620,32.1,2026-09-21T16:00:00+08:00,32,1602,32,2026-09-21T08:00:00.000Z,33,{"25°C or below":0;"26°C":0;"27°C":0;"28°C":0;"29°C":0;"30°C":0;"31°C":0;"32°C":0;"33°C":100;"34°C":0;"35°C or higher":0},{"25°C or below":0;"26°C":0;"27°C":0;"28°C":0;"29°C":0;"30°C":0;"31°C":0;"32°C":0;"33°C":100;"34°C":0;"35°C or higher":0}
2026-09-21T08:31:19.577Z,202609211620,32.1,2026-09-21T16:00:00+08:00,32,1602,32,2026-09-21T08:00:00.000Z,33,{"25°C or below":0;"26°C":0;"27°C":0;"28°C":0;"29°C":0;"30°C":0;"31°C":0;"32°C":0;"33°C":100;"34°C":0;"35°C or higher":0},{"25°C or below":0;"26°C":0;"27°C":0;"28°C":0;"29°C":0;"30°C":0;"31°C":0;"32°C":0;"33°C":100;"34°C":0;"35°C or higher":0}
2026-09-21T08:31:52.509Z,202609211620,32.1,2026-09-21T16:00:00+08:00,32,1602,32,2026-09-21T08:00:00.000Z,33,{"25°C or below":0;"26°C":0;"27°C":0;"28°C":0;"29°C":0;"30°C":0;"31°C":0;"32°C":0;"33°C":100;"34°C":0;"35°C or higher":0},{"25°C or below":0;"26°C":0;"27°C":0;"28°C":0;"29°C":0;"30°C":0;"31°C":0;"32°C":0;"33°C":100;"34°C":0;"35°C or higher":0}
2026-09-21T08:32:27.562Z,202609211620,32.1,2026-09-21T16:00:00+08:00,32,1602,32,2026-09-21T08:00:00.000Z,33,{"25°C or below":0;"26°C":0;"27°C":0;"28°C":0;"29°C":0;"30°C":0;"31°C":0;"32°C":0;"33°C":100;"34°C":0;"35°C or higher":0},{"25°C or below":0;"26°C":0;"27°C":0;"28°C":0;"29°C":0;"30°C":0;"31°C":0;"32°C":0;"33°C":100;"34°C":0;"35°C or higher":0}
2026-09-21T08:33:00.817Z,202609211620,32.1,2026-09-21T16:00:00+08:00,32,1602,32,2026-09-21T08:30:00.000Z,32,{"25°C or below":0;"26°C":0;"27°C":0;"28°C":0;"29°C":0;"30°C":0;"31°C":0;"32°C":0;"33°C":100;"34°C":0;"35°C or higher":0},{"25°C or below":0;"26°C":0;"27°C":0;"28°C":0;"29°C":0;"30°C":0;"31°C":0;"32°C":0;"33°C":100;"34°C":0;"35°C or higher":0}
2026-09-21T08:33:34.225Z,202609211620,32.1,2026-09-21T16:00:00+08:00,32,1602,32,2026-09-21T08:30:00.000Z,32,{"25°C or below":0;"26°C":0;"27°C":0;"28°C":0;"29°C":0;"30°C":0;"31°C":0;"32°C":0;"33°C":100;"34°C":0;"35°C or higher":0},{"25°C or below":0;"26°C":0;"27°C":0;"28°C":0;"29°C":0;"30°C":0;"31°C":0;"32°C":0;"33°C":100;"34°C":0;"35°C or higher":0}
2026-09-21T08:34:07.055Z,202609211620,32.1,2026-09-21T16:00:00+08:00,32,1602,32,,,{"25°C or below":0;"26°C":0;"27°C":0;"28°C":0;"29°C":0;"30°C":0;"31°C":0;"32°C":0;"33°C":100;"34°C":0;"35°C or higher":0},{"25°C or below":0;"26°C":0;"27°C":0;"28°C":0;"29°C":0;"30°C":0;"31°C":0;"32°C":0;"33°C":100;"34°C":0;"35°C or higher":0}
2026-09-21T08:34:39.719Z,202609211620,32.1,2026-09-21T16:00:00+08:00,32,1602,32,2026-09-21T08:30:00.000Z,32,{"25°C or below":0;"26°C":0;"27°C":0;"28°C":0;"29°C":0;"30°C":0;"31°C":0;"32°C":0;"33°C":100;"34°C":0;"35°C or higher":0},{"25°C or below":0;"26°C":0;"27°C":0;"28°C":0;"29°C":0;"30°C":0;"31°C":0;"32°C":0;"33°C":100;"34°C":0;"35°C or higher":0}
2026-09-21T08:35:12.442Z,202609211620,32.1,2026-09-21T16:00:00+08:00,32,1602,32,2026-09-21T08:30:00.000Z,32,{"25°C or below":0;"26°C":0;"27°C":0;"28°C":0;"29°C":0;"30°C":0;"31°C":0;"32°C":0;"33°C":100;"34°C":0;"35°C or higher":0},{"25°C or below":0;"26°C":0;"27°C":0;"28°C":0;"29°C":0;"30°C":0;"31°C":0;"32°C":0;"33°C":100;"34°C":0;"35°C or higher":0}
2026-09-21T08:35:45.155Z,202609211620,32.1,2026-09-21T16:00:00+08:00,32,1602,32,2026-09-21T08:30:00.000Z,32,{"25°C or below":0;"26°C":0;"27°C":0;"28°C":0;"29°C":0;"30°C":0;"31°C":0;"32°C":0;"33°C":100;"34°C":0;"35°C or higher":0},{"25°C or below":0;"26°C":0;"27°C":0;"28°C":0;"29°C":0;"30°C":0;"31°C":0;"32°C":0;"33°C":100;"34°C":0;"35°C or higher":0}
2026-09-21T08:36:17.899Z,202609211620,32.1,2026-09-21T16:00:00+08:00,32,1602,32,2026-09-21T08:30:00.000Z,32,{"25°C or below":0;"26°C":0;"27°C":0;"28°C":0;"29°C":0;"30°C":0;"31°C":0;"32°C":0;"33°C":100;"34°C":0;"35°C or higher":0},{"25°C or below":0;"26°C":0;"27°C":0;"28°C":0;"29°C":0;"30°C":0;"31°C":0;"32°C":0;"33°C":100;"34°C":0;"35°C or higher":0}
2026-09-21T08:36:51.263Z,202609211620,32.1,2026-09-21T16:00:00+08:00,32,1602,32,2026-09-21T08:30:00.000Z,32,{"25°C or below":0;"26°C":0;"27°C":0;"28°C":0;"29°C":0;"30°C":0;"31°C":0;"32°C":0;"33°C":100;"34°C":0;"35°C or higher":0},{"25°C or below":0;"26°C":0;"27°C":0;"28°C":0;"29°C":0;"30°C":0;"31°C":0;"32°C":0;"33°C":100;"34°C":0;"35°C or higher":0}
2026-09-21T08:37:25.154Z,202609211620,32.1,2026-09-21T16:00:00+08:00,32,1602,32,2026-09-21T08:30:00.000Z,32,{"25°C or below":0;"26°C":0;"27°C":0;"28°C":0;"29°C":0;"30°C":0;"31°C":0;"32°C":0;"33°C":100;"34°C":0;"35°C or higher":0},{"25°C or below":0;"26°C":0;"27°C":0;"28°C":0;"29°C":0;"30°C":0;"31°C":0;"32°C":0;"33°C":100;"34°C":0;"35°C or higher":0}
2026-09-21T08:37:58.666Z,202609211630,31.8,2026-09-21T16:00:00+08:00,32,1602,32,2026-09-21T08:30:00.000Z,32,{"25°C or below":0;"26°C":0;"27°C":0;"28°C":0;"29°C":0;"30°C":0;"31°C":0;"32°C":0;"33°C":100;"34°C":0;"35°C or higher":0},{"25°C or below":0;"26°C":0;"27°C":0;"28°C":0;"29°C":0;"30°C":0;"31°C":0;"32°C":0;"33°C":100;"34°C":0;"35°C or higher":0}
2026-09-21T08:38:32.027Z,202609211630,31.8,2026-09-21T16:00:00+08:00,32,1602,32,2026-09-21T08:30:00.000Z,32,{"25°C or below":0;"26°C":0;"27°C":0;"28°C":0;"29°C":0;"30°C":0;"31°C":0;"32°C":0;"33°C":100;"34°C":0;"35°C or higher":0},{"25°C or below":0;"26°C":0;"27°C":0;"28°C":0;"29°C":0;"30°C":0;"31°C":0;"32°C":0;"33°C":100;"34°C":0;"35°C or higher":0}
2026-09-21T08:39:04.879Z,202609211630,31.8,2026-09-21T16:00:00+08:00,32,1602,32,2026-09-21T08:30:00.000Z,32,{"25°C or below":0;"26°C":0;"27°C":0;"28°C":0;"29°C":0;"30°C":0;"31°C":0;"32°C":0;"33°C":100;"34°C":0;"35°C or higher":0},{"25°C or below":0;"26°C":0;"27°C":0;"28°C":0;"29°C":0;"30°C":0;"31°C":0;"32°C":0;"33°C":100;"34°C":0;"35°C or higher":0}
2026-09-21T08:39:37.754Z,202609211630,31.8,2026-09-21T16:00:00+08:00,32,1602,32,2026-09-21T08:30:00.000Z,32,{"25°C or below":0;"26°C":0;"27°C":0;"28°C":0;"29°C":0;"30°C":0;"31°C":0;"32°C":0;"33°C":100;"34°C":0;"35°C or higher":0},{"25°C or below":0;"26°C":0;"27°C":0;"28°C":0;"29°C":0;"30°C":0;"31°C":0;"32°C":0;"33°C":100;"34°C":0;"35°C or higher":0}
2026-09-21T08:40:10.344Z,202609211630,31.8,2026-09-21T16:00:00+08:00,32,1602,32,2026-09-21T08:30:00.000Z,32,{"25°C or below":0;"26°C":0;"27°C":0;"28°C":0;"29°C":0;"30°C":0;"31°C":0;"32°C":0;"33°C":100;"34°C":0;"35°C or higher":0},{"25°C or below":0;"26°C":0;"27°C":0;"28°C":0;"29°C":0;"30°C":0;"31°C":0;"32°C":0;"33°C":100;"34°C":0;"35°C or higher":0}
2026-09-21T08:40:42.943Z,202609211630,31.8,2026-09-21T16:00:00+08:00,32,1602,32,2026-09-21T08:30:00.000Z,32,{"25°C or below":0;"26°C":0;"27°C":0;"28°C":0;"29°C":0;"30°C":0;"31°C":0;"32°C":0;"33°C":100;"34°C":0;"35°C or higher":0},{"25°C or below":0;"26°C":0;"27°C":0;"28°C":0;"29°C":0;"30°C":0;"31°C":0;"32°C":0;"33°C":100;"34°C":0;"35°C or higher":0}
2026-09-21T08:41:16.290Z,202609211630,31.8,2026-09-21T16:00:00+08:00,32,1602,32,2026-09-21T08:30:00.000Z,32,{"25°C or below":0;"26°C":0;"27°C":0;"28°C":0;"29°C":0;"30°C":0;"31°C":0;"32°C":0;"33°C":100;"34°C":0;"35°C or higher":0},{"25°C or below":0;"26°C":0;"27°C":0;"28°C":0;"29°C":0;"30°C":0;"31°C":0;"32°C":0;"33°C":100;"34°C":0;"35°C or higher":0}
2026-09-21T08:41:49.346Z,202609211630,31.8,2026-09-21T16:00:00+08:00,32,1602,32,2026-09-21T08:30:00.000Z,32,{"25°C or below":0;"26°C":0;"27°C":0;"28°C":0;"29°C":0;"30°C":0;"31°C":0;"32°C":0;"33°C":100;"34°C":0;"35°C or higher":0},{"25°C or below":0;"26°C":0;"27°C":0;"28°C":0;"29°C":0;"30°C":0;"31°C":0;"32°C":0;"33°C":100;"34°C":0;"35°C or higher":0}
2026-09-21T08:42:22.433Z,202609211630,31.8,2026-09-21T16:00:00+08:00,32,1602,32,2026-09-21T08:30:00.000Z,32,{"25°C or below":0;"26°C":0;"27°C":0;"28°C":0;"29°C":0;"30°C":0;"31°C":0;"32°C":0;"33°C":100;"34°C":0;"35°C or higher":0},{"25°C or below":0;"26°C":0;"27°C":0;"28°C":0;"29°C":0;"30°C":0;"31°C":0;"32°C":0;"33°C":100;"34°C":0;"35°C or higher":0}
2026-09-21T08:42:55.812Z,202609211630,31.8,2026-09-21T16:00:00+08:00,32,1602,32,2026-09-21T08:30:00.000Z,32,{"25°C or below":0;"26°C":0;"27°C":0;"28°C":0;"29°C":0;"30°C":0;"31°C":0;"32°C":0;"33°C":100;"34°C":0;"35°C or higher":0},{"25°C or below":0;"26°C":0;"27°C":0;"28°C":0;"29°C":0;"30°C":0;"31°C":0;"32°C":0;"33°C":100;"34°C":0;"35°C or higher":0}
2026-09-21T08:43:29.200Z,202609211630,31.8,2026-09-21T16:00:00+08:00,32,1602,32,2026-09-21T08:30:00.000Z,32,{"25°C or below":0;"26°C":0;"27°C":0;"28°C":0;"29°C":0;"30°C":0;"31°C":0;"32°C":0;"33°C":100;"34°C":0;"35°C or higher":0},{"25°C or below":0;"26°C":0;"27°C":0;"28°C":0;"29°C":0;"30°C":0;"31°C":0;"32°C":0;"33°C":100;"34°C":0;"35°C or higher":0}
2026-09-21T08:44:01.877Z,202609211630,31.8,2026-09-21T16:00:00+08:00,32,1602,32,2026-09-21T08:30:00.000Z,32,{"25°C or below":0;"26°C":0;"27°C":0;"28°C":0;"29°C":0;"30°C":0;"31°C":0;"32°C":0;"33°C":100;"34°C":0;"35°C or higher":0},{"25°C or below":0;"26°C":0;"27°C":0;"28°C":0;"29°C":0;"30°C":0;"31°C":0;"32°C":0;"33°C":100;"34°C":0;"35°C or higher":0}
2026-09-21T08:44:34.952Z,202609211630,31.8,2026-09-21T16:00:00+08:00,32,1602,32,2026-09-21T08:30:00.000Z,32,{"25°C or below":0;"26°C":0;"27°C":0;"28°C":0;"29°C":0;"30°C":0;"31°C":0;"32°C":0;"33°C":100;"34°C":0;"35°C or higher":0},{"25°C or below":0;"26°C":0;"27°C":0;"28°C":0;"29°C":0;"30°C":0;"31°C":0;"32°C":0;"33°C":100;"34°C":0;"35°C or higher":0}
2026-09-21T08:45:07.940Z,202609211630,31.8,2026-09-21T16:00:00+08:00,32,1602,32,2026-09-21T08:30:00.000Z,32,{"25°C or below":0;"26°C":0;"27°C":0;"28°C":0;"29°C":0;"30°C":0;"31°C":0;"32°C":0;"33°C":100;"34°C":0;"35°C or higher":0},{"25°C or below":0;"26°C":0;"27°C":0;"28°C":0;"29°C":0;"30°C":0;"31°C":0;"32°C":0;"33°C":100;"34°C":0;"35°C or higher":0}
2026-09-21T08:45:40.865Z,202609211630,31.8,2026-09-21T16:00:00+08:00,32,1602,32,2026-09-21T08:30:00.000Z,32,{"25°C or below":0;"26°C":0;"27°C":0;"28°C":0;"29°C":0;"30°C":0;"31°C":0;"32°C":0;"33°C":100;"34°C":0;"35°C or higher":0},{"25°C or below":0;"26°C":0;"27°C":0;"28°C":0;"29°C":0;"30°C":0;"31°C":0;"32°C":0;"33°C":100;"34°C":0;"35°C or higher":0}
2026-09-21T08:46:14.040Z,202609211630,31.8,2026-09-21T16:00:00+08:00,32,1602,32,2026-09-21T08:30:00.000Z,32,{"25°C or below":0;"26°C":0;"27°C":0;"28°C":0;"29°C":0;"30°C":0;"31°C":0;"32°C":0;"33°C":100;"34°C":0;"35°C or higher":0},{"25°C or below":0;"26°C":0;"27°C":0;"28°C":0;"29°C":0;"30°C":0;"31°C":0;"32°C":0;"33°C":100;"34°C":0;"35°C or higher":0}
2026-09-21T08:46:47.372Z,202609211630,31.8,2026-09-21T16:00:00+08:00,32,1602,32,2026-09-21T08:30:00.000Z,32,{"25°C or below":0;"26°C":0;"27°C":0;"28°C":0;"29°C":0;"30°C":0;"31°C":0;"32°C":0;"33°C":100;"34°C":0;"35°C or higher":0},{"25°C or below":0;"26°C":0;"27°C":0;"28°C":0;"29°C":0;"30°C":0;"31°C":0;"32°C":0;"33°C":100;"34°C":0;"35°C or higher":0}
2026-09-21T08:47:20.340Z,202609211630,31.8,2026-09-21T16:00:00+08:00,32,1602,32,2026-09-21T08:30:00.000Z,32,{"25°C or below":0;"26°C":0;"27°C":0;"28°C":0;"29°C":0;"30°C":0;"31°C":0;"32°C":0;"33°C":100;"34°C":0;"35°C or higher":0},{"25°C or below":0;"26°C":0;"27°C":0;"28°C":0;"29°C":0;"30°C":0;"31°C":0;"32°C":0;"33°C":100;"34°C":0;"35°C or higher":0}
2026-09-21T08:47:53.105Z,202609211640,31.5,2026-09-21T16:00:00+08:00,32,1602,32,2026-09-21T08:30:00.000Z,32,{"25°C or below":0;"26°C":0;"27°C":0;"28°C":0;"29°C":0;"30°C":0;"31°C":0;"32°C":0;"33°C":100;"34°C":0;"35°C or higher":0},{"25°C or below":0;"26°C":0;"27°C":0;"28°C":0;"29°C":0;"30°C":0;"31°C":0;"32°C":0;"33°C":100;"34°C":0;"35°C or higher":0}
2026-09-21T08:48:26.320Z,202609211640,31.5,2026-09-21T16:00:00+08:00,32,1602,32,2026-09-21T08:30:00.000Z,32,{"25°C or below":0;"26°C":0;"27°C":0;"28°C":0;"29°C":0;"30°C":0;"31°C":0;"32°C":0;"33°C":100;"34°C":0;"35°C or higher":0},{"25°C or below":0;"26°C":0;"27°C":0;"28°C":0;"29°C":0;"30°C":0;"31°C":0;"32°C":0;"33°C":100;"34°C":0;"35°C or higher":0}
2026-09-21T08:48:59.319Z,202609211640,31.5,2026-09-21T16:00:00+08:00,32,1602,32,2026-09-21T08:30:00.000Z,32,{"25°C or below":0;"26°C":0;"27°C":0;"28°C":0;"29°C":0;"30°C":0;"31°C":0;"32°C":0;"33°C":100;"34°C":0;"35°C or higher":0},{"25°C or below":0;"26°C":0;"27°C":0;"28°C":0;"29°C":0;"30°C":0;"31°C":0;"32°C":0;"33°C":100;"34°C":0;"35°C or higher":0}
2026-09-21T08:49:32.892Z,202609211640,31.5,2026-09-21T16:00:00+08:00,32,1602,32,2026-09-21T08:30:00.000Z,32,{"25°C or below":0;"26°C":0;"27°C":0;"28°C":0;"29°C":0;"30°C":0;"31°C":0;"32°C":0;"33°C":100;"34°C":0;"35°C or higher":0},{"25°C or below":0;"26°C":0;"27°C":0;"28°C":0;"29°C":0;"30°C":0;"31°C":0;"32°C":0;"33°C":100;"34°C":0;"35°C or higher":0}
2026-09-21T08:50:06.292Z,202609211640,31.5,2026-09-21T16:00:00+08:00,32,1602,32,2026-09-21T08:30:00.000Z,32,{"25°C or below":0;"26°C":0;"27°C":0;"28°C":0;"29°C":0;"30°C":0;"31°C":0;"32°C":0;"33°C":100;"34°C":0;"35°C or higher":0},{"25°C or below":0;"26°C":0;"27°C":0;"28°C":0;"29°C":0;"30°C":0;"31°C":0;"32°C":0;"33°C":100;"34°C":0;"35°C or higher":0}
2026-09-21T08:50:39.754Z,202609211640,31.5,2026-09-21T16:00:00+08:00,32,1602,32,2026-09-21T08:30:00.000Z,32,{"25°C or below":0;"26°C":0;"27°C":0;"28°C":0;"29°C":0;"30°C":0;"31°C":0;"32°C":0;"33°C":100;"34°C":0;"35°C or higher":0},{"25°C or below":0;"26°C":0;"27°C":0;"28°C":0;"29°C":0;"30°C":0;"31°C":0;"32°C":0;"33°C":100;"34°C":0;"35°C or higher":0}
2026-09-21T08:51:13.137Z,202609211640,31.5,2026-09-21T16:00:00+08:00,32,1602,32,2026-09-21T08:30:00.000Z,32,{"25°C or below":0;"26°C":0;"27°C":0;"28°C":0;"29°C":0;"30°C":0;"31°C":0;"32°C":0;"33°C":100;"34°C":0;"35°C or higher":0},{"25°C or below":0;"26°C":0;"27°C":0;"28°C":0;"29°C":0;"30°C":0;"31°C":0;"32°C":0;"33°C":100;"34°C":0;"35°C or higher":0}
2026-09-21T08:51:46.044Z,202609211640,31.5,2026-09-21T16:00:00+08:00,32,1602,32,2026-09-21T08:30:00.000Z,32,{"25°C or below":0;"26°C":0;"27°C":0;"28°C":0;"29°C":0;"30°C":0;"31°C":0;"32°C":0;"33°C":100;"34°C":0;"35°C or higher":0},{"25°C or below":0;"26°C":0;"27°C":0;"28°C":0;"29°C":0;"30°C":0;"31°C":0;"32°C":0;"33°C":100;"34°C":0;"35°C or higher":0}
2026-09-21T08:52:18.838Z,202609211640,31.5,2026-09-21T16:00:00+08:00,32,1602,32,2026-09-21T08:30:00.000Z,32,{"25°C or below":0;"26°C":0;"27°C":0;"28°C":0;"29°C":0;"30°C":0;"31°C":0;"32°C":0;"33°C":100;"34°C":0;"35°C or higher":0},{"25°C or below":0;"26°C":0;"27°C":0;"28°C":0;"29°C":0;"30°C":0;"31°C":0;"32°C":0;"33°C":100;"34°C":0;"35°C or higher":0}
2026-09-21T08:52:52.045Z,202609211640,31.5,2026-09-21T16:00:00+08:00,32,1602,32,2026-09-21T08:30:00.000Z,32,{"25°C or below":0;"26°C":0;"27°C":0;"28°C":0;"29°C":0;"30°C":0;"31°C":0;"32°C":0;"33°C":100;"34°C":0;"35°C or higher":0},{"25°C or below":0;"26°C":0;"27°C":0;"28°C":0;"29°C":0;"30°C":0;"31°C":0;"32°C":0;"33°C":100;"34°C":0;"35°C or higher":0}
2026-09-21T08:53:25.074Z,202609211640,31.5,2026-09-21T16:00:00+08:00,32,1602,32,2026-09-21T08:30:00.000Z,32,{"25°C or below":0;"26°C":0;"27°C":0;"28°C":0;"29°C":0;"30°C":0;"31°C":0;"32°C":0;"33°C":100;"34°C":0;"35°C or higher":0},{"25°C or below":0;"26°C":0;"27°C":0;"28°C":0;"29°C":0;"30°C":0;"31°C":0;"32°C":0;"33°C":100;"34°C":0;"35°C or higher":0}
2026-09-21T08:53:58.272Z,202609211640,31.5,2026-09-21T16:00:00+08:00,32,1602,32,2026-09-21T08:30:00.000Z,32,{"25°C or below":0;"26°C":0;"27°C":0;"28°C":0;"29°C":0;"30°C":0;"31°C":0;"32°C":0;"33°C":100;"34°C":0;"35°C or higher":0},{"25°C or below":0;"26°C":0;"27°C":0;"28°C":0;"29°C":0;"30°C":0;"31°C":0;"32°C":0;"33°C":100;"34°C":0;"35°C or higher":0}
2026-09-21T08:54:32.063Z,202609211640,31.5,2026-09-21T16:00:00+08:00,32,1602,32,2026-09-21T08:30:00.000Z,32,{"25°C or below":0;"26°C":0;"27°C":0;"28°C":0;"29°C":0;"30°C":0;"31°C":0;"32°C":0;"33°C":100;"34°C":0;"35°C or higher":0},{"25°C or below":0;"26°C":0;"27°C":0;"28°C":0;"29°C":0;"30°C":0;"31°C":0;"32°C":0;"33°C":100;"34°C":0;"35°C or higher":0}
2026-09-21T08:55:05.307Z,202609211640,31.5,2026-09-21T16:00:00+08:00,32,1602,32,2026-09-21T08:30:00.000Z,32,{"25°C or below":0;"26°C":0;"27°C":0;"28°C":0;"29°C":0;"30°C":0;"31°C":0;"32°C":0;"33°C":100;"34°C":0;"35°C or higher":0},{"25°C or below":0;"26°C":0;"27°C":0;"28°C":0;"29°C":0;"30°C":0;"31°C":0;"32°C":0;"33°C":100;"34°C":0;"35°C or higher":0}
2026-09-21T08:55:38.238Z,202609211640,31.5,2026-09-21T16:00:00+08:00,32,1602,32,2026-09-21T08:30:00.000Z,32,{"25°C or below":0;"26°C":0;"27°C":0;"28°C":0;"29°C":0;"30°C":0;"31°C":0;"32°C":0;"33°C":100;"34°C":0;"35°C or higher":0},{"25°C or below":0;"26°C":0;"27°C":0;"28°C":0;"29°C":0;"30°C":0;"31°C":0;"32°C":0;"33°C":100;"34°C":0;"35°C or higher":0}
2026-09-21T08:56:11.169Z,202609211640,31.5,2026-09-21T16:00:00+08:00,32,1602,32,2026-09-21T08:30:00.000Z,32,{"25°C or below":0;"26°C":0;"27°C":0;"28°C":0;"29°C":0;"30°C":0;"31°C":0;"32°C":0;"33°C":100;"34°C":0;"35°C or higher":0},{"25°C or below":0;"26°C":0;"27°C":0;"28°C":0;"29°C":0;"30°C":0;"31°C":0;"32°C":0;"33°C":100;"34°C":0;"35°C or higher":0}
2026-09-21T08:56:44.684Z,202609211640,31.5,2026-09-21T16:00:00+08:00,32,1602,32,2026-09-21T08:30:00.000Z,32,{"25°C or below":0;"26°C":0;"27°C":0;"28°C":0;"29°C":0;"30°C":0;"31°C":0;"32°C":0;"33°C":100;"34°C":0;"35°C or higher":0},{"25°C or below":0;"26°C":0;"27°C":0;"28°C":0;"29°C":0;"30°C":0;"31°C":0;"32°C":0;"33°C":100;"34°C":0;"35°C or higher":0}
2026-09-21T08:57:17.480Z,202609211640,31.5,2026-09-21T16:00:00+08:00,32,1602,32,2026-09-21T08:30:00.000Z,32,{"25°C or below":0;"26°C":0;"27°C":0;"28°C":0;"29°C":0;"30°C":0;"31°C":0;"32°C":0;"33°C":100;"34°C":0;"35°C or higher":0},{"25°C or below":0;"26°C":0;"27°C":0;"28°C":0;"29°C":0;"30°C":0;"31°C":0;"32°C":0;"33°C":100;"34°C":0;"35°C or higher":0}
2026-09-21T08:57:50.402Z,202609211640,31.5,2026-09-21T16:00:00+08:00,32,1602,32,2026-09-21T08:30:00.000Z,32,{"25°C or below":0;"26°C":0;"27°C":0;"28°C":0;"29°C":0;"30°C":0;"31°C":0;"32°C":0;"33°C":100;"34°C":0;"35°C or higher":0},{"25°C or below":0;"26°C":0;"27°C":0;"28°C":0;"29°C":0;"30°C":0;"31°C":0;"32°C":0;"33°C":100;"34°C":0;"35°C or higher":0}
2026-09-21T08:58:23.384Z,202609211650,31.3,2026-09-21T16:00:00+08:00,32,1602,32,2026-09-21T08:30:00.000Z,32,{"25°C or below":0;"26°C":0;"27°C":0;"28°C":0;"29°C":0;"30°C":0;"31°C":0;"32°C":0;"33°C":100;"34°C":0;"35°C or higher":0},{"25°C or below":0;"26°C":0;"27°C":0;"28°C":0;"29°C":0;"30°C":0;"31°C":0;"32°C":0;"33°C":100;"34°C":0;"35°C or higher":0}
2026-09-21T08:58:56.459Z,202609211650,31.3,2026-09-21T16:00:00+08:00,32,1602,32,2026-09-21T08:30:00.000Z,32,{"25°C or below":0;"26°C":0;"27°C":0;"28°C":0;"29°C":0;"30°C":0;"31°C":0;"32°C":0;"33°C":100;"34°C":0;"35°C or higher":0},{"25°C or below":0;"26°C":0;"27°C":0;"28°C":0;"29°C":0;"30°C":0;"31°C":0;"32°C":0;"33°C":100;"34°C":0;"35°C or higher":0}
2026-09-21T08:59:29.455Z,202609211650,31.3,2026-09-21T16:00:00+08:00,32,1602,32,2026-09-21T08:30:00.000Z,32,{"25°C or below":0;"26°C":0;"27°C":0;"28°C":0;"29°C":0;"30°C":0;"31°C":0;"32°C":0;"33°C":100;"34°C":0;"35°C or higher":0},{"25°C or below":0;"26°C":0;"27°C":0;"28°C":0;"29°C":0;"30°C":0;"31°C":0;"32°C":0;"33°C":100;"34°C":0;"35°C or higher":0}
2026-09-21T09:00:02.486Z,202609211650,31.3,2026-09-21T16:00:00+08:00,32,1602,32,2026-09-21T08:30:00.000Z,32,{"25°C or below":0;"26°C":0;"27°C":0;"28°C":0;"29°C":0;"30°C":0;"31°C":0;"32°C":0;"33°C":100;"34°C":0;"35°C or higher":0},{"25°C or below":0;"26°C":0;"27°C":0;"28°C":0;"29°C":0;"30°C":0;"31°C":0;"32°C":0;"33°C":100;"34°C":0;"35°C or higher":0}
2026-09-21T09:00:35.240Z,202609211650,31.3,2026-09-21T16:00:00+08:00,32,1602,32,2026-09-21T08:30:00.000Z,32,{"25°C or below":0;"26°C":0;"27°C":0;"28°C":0;"29°C":0;"30°C":0;"31°C":0;"32°C":0;"33°C":100;"34°C":0;"35°C or higher":0},{"25°C or below":0;"26°C":0;"27°C":0;"28°C":0;"29°C":0;"30°C":0;"31°C":0;"32°C":0;"33°C":100;"34°C":0;"35°C or higher":0}
2026-09-21T09:01:07.691Z,202609211650,31.3,2026-09-21T16:00:00+08:00,32,1602,32,2026-09-21T08:30:00.000Z,32,{"25°C or below":0;"26°C":0;"27°C":0;"28°C":0;"29°C":0;"30°C":0;"31°C":0;"32°C":0;"33°C":100;"34°C":0;"35°C or higher":0},{"25°C or below":0;"26°C":0;"27°C":0;"28°C":0;"29°C":0;"30°C":0;"31°C":0;"32°C":0;"33°C":100;"34°C":0;"35°C or higher":0}
2026-09-21T09:01:40.483Z,202609211650,31.3,2026-09-21T16:00:00+08:00,32,1602,32,2026-09-21T08:30:00.000Z,32,{"25°C or below":0;"26°C":0;"27°C":0;"28°C":0;"29°C":0;"30°C":0;"31°C":0;"32°C":0;"33°C":100;"34°C":0;"35°C or higher":0},{"25°C or below":0;"26°C":0;"27°C":0;"28°C":0;"29°C":0;"30°C":0;"31°C":0;"32°C":0;"33°C":100;"34°C":0;"35°C or higher":0}
2026-09-21T09:02:13.331Z,202609211650,31.3,2026-09-21T16:00:00+08:00,32,1602,32,2026-09-21T08:30:00.000Z,32,{"25°C or below":0;"26°C":0;"27°C":0;"28°C":0;"29°C":0;"30°C":0;"31°C":0;"32°C":0;"33°C":100;"34°C":0;"35°C or higher":0},{"25°C or below":0;"26°C":0;"27°C":0;"28°C":0;"29°C":0;"30°C":0;"31°C":0;"32°C":0;"33°C":100;"34°C":0;"35°C or higher":0}
2026-09-21T09:02:48.339Z,202609211650,31.3,2026-09-21T16:00:00+08:00,32,1602,32,2026-09-21T08:30:00.000Z,32,{"25°C or below":0;"26°C":0;"27°C":0;"28°C":0;"29°C":0;"30°C":0;"31°C":0;"32°C":0;"33°C":100;"34°C":0;"35°C or higher":0},{"25°C or below":0;"26°C":0;"27°C":0;"28°C":0;"29°C":0;"30°C":0;"31°C":0;"32°C":0;"33°C":100;"34°C":0;"35°C or higher":0}
2026-09-21T09:03:22.034Z,202609211650,31.3,2026-09-21T17:00:00+08:00,31,1702,31,2026-09-21T08:30:00.000Z,32,{"25°C or below":0;"26°C":0;"27°C":0;"28°C":0;"29°C":0;"30°C":0;"31°C":0;"32°C":0;"33°C":100;"34°C":0;"35°C or higher":0},{"25°C or below":0;"26°C":0;"27°C":0;"28°C":0;"29°C":0;"30°C":0;"31°C":0;"32°C":0;"33°C":100;"34°C":0;"35°C or higher":0}
2026-09-21T09:03:54.931Z,202609211650,31.3,2026-09-21T17:00:00+08:00,31,1702,31,2026-09-21T09:00:00.000Z,31,{"25°C or below":0;"26°C":0;"27°C":0;"28°C":0;"29°C":0;"30°C":0;"31°C":0;"32°C":0;"33°C":100;"34°C":0;"35°C or higher":0},{"25°C or below":0;"26°C":0;"27°C":0;"28°C":0;"29°C":0;"30°C":0;"31°C":0;"32°C":0;"33°C":100;"34°C":0;"35°C or higher":0}
2026-09-21T09:04:27.780Z,202609211650,31.3,2026-09-21T17:00:00+08:00,31,1702,31,2026-09-21T09:00:00.000Z,31,{"25°C or below":0;"26°C":0;"27°C":0;"28°C":0;"29°C":0;"30°C":0;"31°C":0;"32°C":0;"33°C":100;"34°C":0;"35°C or higher":0},{"25°C or below":0;"26°C":0;"27°C":0;"28°C":0;"29°C":0;"30°C":0;"31°C":0;"32°C":0;"33°C":100;"34°C":0;"35°C or higher":0}
2026-09-21T09:05:00.412Z,202609211650,31.3,2026-09-21T17:00:00+08:00,31,1702,31,2026-09-21T09:00:00.000Z,31,{"25°C or below":0;"26°C":0;"27°C":0;"28°C":0;"29°C":0;"30°C":0;"31°C":0;"32°C":0;"33°C":100;"34°C":0;"35°C or higher":0},{"25°C or below":0;"26°C":0;"27°C":0;"28°C":0;"29°C":0;"30°C":0;"31°C":0;"32°C":0;"33°C":100;"34°C":0;"35°C or higher":0}
2026-09-21T09:05:35.661Z,202609211650,31.3,2026-09-21T17:00:00+08:00,31,1702,31,2026-09-21T09:00:00.000Z,31,{"25°C or below":0;"26°C":0;"27°C":0;"28°C":0;"29°C":0;"30°C":0;"31°C":0;"32°C":0;"33°C":100;"34°C":0;"35°C or higher":0},{"25°C or below":0;"26°C":0;"27°C":0;"28°C":0;"29°C":0;"30°C":0;"31°C":0;"32°C":0;"33°C":100;"34°C":0;"35°C or higher":0}
2026-09-21T09:06:08.611Z,202609211650,31.3,2026-09-21T17:00:00+08:00,31,1702,31,2026-09-21T09:00:00.000Z,31,{"25°C or below":0;"26°C":0;"27°C":0;"28°C":0;"29°C":0;"30°C":0;"31°C":0;"32°C":0;"33°C":100;"34°C":0;"35°C or higher":0},{"25°C or below":0;"26°C":0;"27°C":0;"28°C":0;"29°C":0;"30°C":0;"31°C":0;"32°C":0;"33°C":100;"34°C":0;"35°C or higher":0}
